tmdb_type,tmdb_id,runtime_minutes,seasons,episodes,episode_runtime_minutes,fetch_status,fetched_at
movie,2,69,\N,\N,\N,OK,2017-07-26 00:00:00
movie,5,98,\N,\N,\N,OK,2017-07-26 00:00:00
movie,6,110,\N,\N,\N,OK,2017-07-26 00:00:00
movie,11,121,\N,\N,\N,OK,2017-07-26 00:00:00
movie,12,100,\N,\N,\N,OK,2017-07-26 00:00:00
movie,13,142,\N,\N,\N,OK,2017-07-26 00:00:00
movie,14,122,\N,\N,\N,OK,2017-07-26 00:00:00
movie,15,119,\N,\N,\N,OK,2017-07-26 00:00:00
movie,16,140,\N,\N,\N,OK,2017-07-26 00:00:00
movie,18,126,\N,\N,\N,OK,2017-07-26 00:00:00
movie,19,153,\N,\N,\N,OK,2017-07-26 00:00:00
movie,20,106,\N,\N,\N,OK,2017-07-26 00:00:00
movie,21,95,\N,\N,\N,OK,2017-07-26 00:00:00
movie,22,143,\N,\N,\N,OK,2017-07-26 00:00:00
movie,24,111,\N,\N,\N,OK,2017-07-26 00:00:00
movie,25,125,\N,\N,\N,OK,2017-07-26 00:00:00
movie,28,153,\N,\N,\N,OK,2017-07-26 00:00:00
movie,33,131,\N,\N,\N,OK,2017-07-26 00:00:00
movie,35,87,\N,\N,\N,OK,2017-07-26 00:00:00
movie,38,108,\N,\N,\N,OK,2017-07-26 00:00:00
movie,55,154,\N,\N,\N,OK,2017-07-26 00:00:00
movie,58,151,\N,\N,\N,OK,2017-07-26 00:00:00
movie,59,96,\N,\N,\N,OK,2017-07-26 00:00:00
movie,62,149,\N,\N,\N,OK,2017-07-26 00:00:00
movie,63,129,\N,\N,\N,OK,2017-07-26 00:00:00
movie,64,112,\N,\N,\N,OK,2017-07-26 00:00:00
movie,65,110,\N,\N,\N,OK,2017-07-26 00:00:00
movie,66,121,\N,\N,\N,OK,2017-07-26 00:00:00
movie,67,90,\N,\N,\N,OK,2017-07-26 00:00:00
movie,68,132,\N,\N,\N,OK,2017-07-26 00:00:00
movie,69,136,\N,\N,\N,OK,2017-07-26 00:00:00
movie,70,132,\N,\N,\N,OK,2017-07-26 00:00:00
movie,71,110,\N,\N,\N,OK,2017-07-26 00:00:00
movie,73,119,\N,\N,\N,OK,2017-07-26 00:00:00
movie,74,116,\N,\N,\N,OK,2017-07-26 00:00:00
movie,75,106,\N,\N,\N,OK,2017-07-26 00:00:00
movie,76,105,\N,\N,\N,OK,2017-07-26 00:00:00
movie,77,113,\N,\N,\N,OK,2017-07-26 00:00:00
movie,78,117,\N,\N,\N,OK,2017-07-26 00:00:00
movie,79,99,\N,\N,\N,OK,2017-07-26 00:00:00
movie,80,80,\N,\N,\N,OK,2017-07-26 00:00:00
movie,81,117,\N,\N,\N,OK,2017-07-26 00:00:00
movie,82,134,\N,\N,\N,OK,2017-07-26 00:00:00
movie,83,79,\N,\N,\N,OK,2017-07-26 00:00:00
movie,85,115,\N,\N,\N,OK,2017-07-26 00:00:00
movie,87,118,\N,\N,\N,OK,2017-07-26 00:00:00
movie,88,100,\N,\N,\N,OK,2017-07-26 00:00:00
movie,89,127,\N,\N,\N,OK,2017-07-26 00:00:00
movie,90,105,\N,\N,\N,OK,2017-07-26 00:00:00
movie,93,160,\N,\N,\N,OK,2017-07-26 00:00:00
movie,95,151,\N,\N,\N,OK,2017-07-26 00:00:00
movie,96,100,\N,\N,\N,OK,2017-07-26 00:00:00
movie,97,96,\N,\N,\N,OK,2017-07-26 00:00:00
movie,98,155,\N,\N,\N,OK,2017-07-26 00:00:00
movie,99,101,\N,\N,\N,OK,2017-07-26 00:00:00
movie,100,105,\N,\N,\N,OK,2017-07-26 00:00:00
movie,101,110,\N,\N,\N,OK,2017-07-26 00:00:00
movie,102,113,\N,\N,\N,OK,2017-07-26 00:00:00
movie,103,114,\N,\N,\N,OK,2017-07-26 00:00:00
movie,104,81,\N,\N,\N,OK,2017-07-26 00:00:00
movie,105,116,\N,\N,\N,OK,2017-07-26 00:00:00
movie,106,107,\N,\N,\N,OK,2017-07-26 00:00:00
movie,107,103,\N,\N,\N,OK,2017-07-26 00:00:00
movie,108,98,\N,\N,\N,OK,2017-07-26 00:00:00
movie,109,91,\N,\N,\N,OK,2017-07-26 00:00:00
movie,110,99,\N,\N,\N,OK,2017-07-26 00:00:00
movie,111,170,\N,\N,\N,OK,2017-07-26 00:00:00
movie,112,112,\N,\N,\N,OK,2017-07-26 00:00:00
movie,113,103,\N,\N,\N,OK,2017-07-26 00:00:00
movie,114,119,\N,\N,\N,OK,2017-07-26 00:00:00
movie,115,117,\N,\N,\N,OK,2017-07-26 00:00:00
movie,116,124,\N,\N,\N,OK,2017-07-26 00:00:00
movie,117,119,\N,\N,\N,OK,2017-07-26 00:00:00
movie,118,115,\N,\N,\N,OK,2017-07-26 00:00:00
movie,120,178,\N,\N,\N,OK,2017-07-26 00:00:00
movie,121,179,\N,\N,\N,OK,2017-07-26 00:00:00
movie,122,201,\N,\N,\N,OK,2017-07-26 00:00:00
movie,123,132,\N,\N,\N,OK,2017-07-26 00:00:00
movie,128,134,\N,\N,\N,OK,2017-07-26 00:00:00
movie,129,125,\N,\N,\N,OK,2017-07-26 00:00:00
movie,134,106,\N,\N,\N,OK,2017-07-26 00:00:00
movie,136,64,\N,\N,\N,OK,2017-07-26 00:00:00
movie,137,101,\N,\N,\N,OK,2017-07-26 00:00:00
movie,138,72,\N,\N,\N,OK,2017-07-26 00:00:00
movie,140,106,\N,\N,\N,OK,2017-07-26 00:00:00
movie,141,113,\N,\N,\N,OK,2017-07-26 00:00:00
movie,142,134,\N,\N,\N,OK,2017-07-26 00:00:00
movie,143,133,\N,\N,\N,OK,2017-07-26 00:00:00
movie,144,128,\N,\N,\N,OK,2017-07-26 00:00:00
movie,145,159,\N,\N,\N,OK,2017-07-26 00:00:00
movie,146,120,\N,\N,\N,OK,2017-07-26 00:00:00
movie,147,99,\N,\N,\N,OK,2017-07-26 00:00:00
movie,148,112,\N,\N,\N,OK,2017-07-26 00:00:00
movie,149,124,\N,\N,\N,OK,2017-07-26 00:00:00
movie,150,96,\N,\N,\N,OK,2017-07-26 00:00:00
movie,152,132,\N,\N,\N,OK,2017-07-26 00:00:00
movie,153,102,\N,\N,\N,OK,2017-07-26 00:00:00
movie,154,113,\N,\N,\N,OK,2017-07-26 00:00:00
movie,155,152,\N,\N,\N,OK,2017-07-26 00:00:00
movie,156,111,\N,\N,\N,OK,2017-07-26 00:00:00
movie,157,105,\N,\N,\N,OK,2017-07-26 00:00:00
movie,158,87,\N,\N,\N,OK,2017-07-26 00:00:00
movie,161,116,\N,\N,\N,OK,2017-07-26 00:00:00
movie,162,105,\N,\N,\N,OK,2017-07-26 00:00:00
movie,163,125,\N,\N,\N,OK,2017-07-26 00:00:00
movie,164,110,\N,\N,\N,OK,2017-07-26 00:00:00
movie,165,108,\N,\N,\N,OK,2017-07-26 00:00:00
movie,166,110,\N,\N,\N,OK,2017-07-26 00:00:00
movie,167,120,\N,\N,\N,OK,2017-07-26 00:00:00
movie,168,119,\N,\N,\N,OK,2017-07-26 00:00:00
movie,169,108,\N,\N,\N,OK,2017-07-26 00:00:00
movie,170,113,\N,\N,\N,OK,2017-07-26 00:00:00
movie,171,109,\N,\N,\N,OK,2017-07-26 00:00:00
movie,172,107,\N,\N,\N,OK,2017-07-26 00:00:00
movie,173,127,\N,\N,\N,OK,2017-07-26 00:00:00
movie,174,113,\N,\N,\N,OK,2017-07-26 00:00:00
movie,175,168,\N,\N,\N,OK,2017-07-26 00:00:00
movie,176,103,\N,\N,\N,OK,2017-07-26 00:00:00
movie,177,137,\N,\N,\N,OK,2017-07-26 00:00:00
movie,178,121,\N,\N,\N,OK,2017-07-26 00:00:00
movie,179,128,\N,\N,\N,OK,2017-07-26 00:00:00
movie,180,145,\N,\N,\N,OK,2017-07-26 00:00:00
movie,182,108,\N,\N,\N,OK,2017-07-26 00:00:00
movie,183,100,\N,\N,\N,OK,2017-07-26 00:00:00
movie,184,154,\N,\N,\N,OK,2017-07-26 00:00:00
movie,185,136,\N,\N,\N,OK,2017-07-26 00:00:00
movie,186,110,\N,\N,\N,OK,2017-07-26 00:00:00
movie,187,124,\N,\N,\N,OK,2017-07-26 00:00:00
movie,189,102,\N,\N,\N,OK,2017-07-26 00:00:00
movie,192,130,\N,\N,\N,OK,2017-07-26 00:00:00
movie,193,118,\N,\N,\N,OK,2017-07-26 00:00:00
movie,194,122,\N,\N,\N,OK,2017-07-26 00:00:00
movie,195,83,\N,\N,\N,OK,2017-07-26 00:00:00
movie,196,118,\N,\N,\N,OK,2017-07-26 00:00:00
movie,197,177,\N,\N,\N,OK,2017-07-26 00:00:00
movie,198,99,\N,\N,\N,OK,2017-07-26 00:00:00
movie,199,111,\N,\N,\N,OK,2017-07-26 00:00:00
movie,200,103,\N,\N,\N,OK,2017-07-26 00:00:00
movie,201,117,\N,\N,\N,OK,2017-07-26 00:00:00
movie,203,110,\N,\N,\N,OK,2017-07-26 00:00:00
movie,204,147,\N,\N,\N,OK,2017-07-26 00:00:00
movie,205,121,\N,\N,\N,OK,2017-07-26 00:00:00
movie,207,129,\N,\N,\N,OK,2017-07-26 00:00:00
movie,212,118,\N,\N,\N,OK,2017-07-26 00:00:00
movie,213,136,\N,\N,\N,OK,2017-07-26 00:00:00
movie,214,108,\N,\N,\N,OK,2017-07-26 00:00:00
movie,215,92,\N,\N,\N,OK,2017-07-26 00:00:00
movie,216,93,\N,\N,\N,OK,2017-07-26 00:00:00
movie,217,122,\N,\N,\N,OK,2017-07-26 00:00:00
movie,218,108,\N,\N,\N,OK,2017-07-26 00:00:00
movie,219,121,\N,\N,\N,OK,2017-07-26 00:00:00
movie,220,115,\N,\N,\N,OK,2017-07-26 00:00:00
movie,221,111,\N,\N,\N,OK,2017-07-26 00:00:00
movie,223,130,\N,\N,\N,OK,2017-07-26 00:00:00
movie,226,118,\N,\N,\N,OK,2017-07-26 00:00:00
movie,227,91,\N,\N,\N,OK,2017-07-26 00:00:00
movie,228,108,\N,\N,\N,OK,2017-07-26 00:00:00
movie,229,75,\N,\N,\N,OK,2017-07-26 00:00:00
movie,231,128,\N,\N,\N,OK,2017-07-26 00:00:00
movie,234,78,\N,\N,\N,OK,2017-07-26 00:00:00
movie,235,89,\N,\N,\N,OK,2017-07-26 00:00:00
movie,236,106,\N,\N,\N,OK,2017-07-26 00:00:00
movie,238,175,\N,\N,\N,OK,2017-07-26 00:00:00
movie,239,122,\N,\N,\N,OK,2017-07-26 00:00:00
movie,240,200,\N,\N,\N,OK,2017-07-26 00:00:00
movie,241,119,\N,\N,\N,OK,2017-07-26 00:00:00
movie,242,162,\N,\N,\N,OK,2017-07-26 00:00:00
movie,243,113,\N,\N,\N,OK,2017-07-26 00:00:00
movie,244,100,\N,\N,\N,OK,2017-07-26 00:00:00
movie,245,101,\N,\N,\N,OK,2017-07-26 00:00:00
movie,246,111,\N,\N,\N,OK,2017-07-26 00:00:00
movie,247,85,\N,\N,\N,OK,2017-07-26 00:00:00
movie,248,136,\N,\N,\N,OK,2017-07-26 00:00:00
movie,249,116,\N,\N,\N,OK,2017-07-26 00:00:00
movie,250,91,\N,\N,\N,OK,2017-07-26 00:00:00
movie,251,127,\N,\N,\N,OK,2017-07-26 00:00:00
movie,252,100,\N,\N,\N,OK,2017-07-26 00:00:00
movie,253,121,\N,\N,\N,OK,2017-07-26 00:00:00
movie,254,187,\N,\N,\N,OK,2017-07-26 00:00:00
movie,257,130,\N,\N,\N,OK,2017-07-26 00:00:00
movie,260,86,\N,\N,\N,OK,2017-07-26 00:00:00
movie,261,108,\N,\N,\N,OK,2017-07-26 00:00:00
movie,262,109,\N,\N,\N,OK,2017-07-26 00:00:00
movie,266,103,\N,\N,\N,OK,2017-07-26 00:00:00
movie,267,103,\N,\N,\N,OK,2017-07-26 00:00:00
movie,268,126,\N,\N,\N,OK,2017-07-26 00:00:00
movie,269,90,\N,\N,\N,OK,2017-07-26 00:00:00
movie,272,140,\N,\N,\N,OK,2017-07-26 00:00:00
movie,274,119,\N,\N,\N,OK,2017-07-26 00:00:00
movie,275,98,\N,\N,\N,OK,2017-07-26 00:00:00
movie,276,127,\N,\N,\N,OK,2017-07-26 00:00:00
movie,277,121,\N,\N,\N,OK,2017-07-26 00:00:00
movie,278,142,\N,\N,\N,OK,2017-07-26 00:00:00
movie,279,160,\N,\N,\N,OK,2017-07-26 00:00:00
movie,280,137,\N,\N,\N,OK,2017-07-26 00:00:00
movie,281,145,\N,\N,\N,OK,2017-07-26 00:00:00
movie,284,125,\N,\N,\N,OK,2017-07-26 00:00:00
movie,285,169,\N,\N,\N,OK,2017-07-26 00:00:00
movie,287,108,\N,\N,\N,OK,2017-07-26 00:00:00
movie,288,85,\N,\N,\N,OK,2017-07-26 00:00:00
movie,289,102,\N,\N,\N,OK,2017-07-26 00:00:00
movie,290,116,\N,\N,\N,OK,2017-07-26 00:00:00
movie,291,105,\N,\N,\N,OK,2017-07-26 00:00:00
movie,292,100,\N,\N,\N,OK,2017-07-26 00:00:00
movie,293,123,\N,\N,\N,OK,2017-07-26 00:00:00
movie,294,96,\N,\N,\N,OK,2017-07-26 00:00:00
movie,296,109,\N,\N,\N,OK,2017-07-26 00:00:00
movie,297,178,\N,\N,\N,OK,2017-07-26 00:00:00
movie,298,122,\N,\N,\N,OK,2017-07-26 00:00:00
movie,299,127,\N,\N,\N,OK,2017-07-26 00:00:00
movie,300,105,\N,\N,\N,OK,2017-07-26 00:00:00
movie,301,141,\N,\N,\N,OK,2017-07-26 00:00:00
movie,302,102,\N,\N,\N,OK,2017-07-26 00:00:00
movie,303,102,\N,\N,\N,OK,2017-07-26 00:00:00
movie,306,104,\N,\N,\N,OK,2017-07-26 00:00:00
movie,307,100,\N,\N,\N,OK,2017-07-26 00:00:00
movie,308,105,\N,\N,\N,OK,2017-07-26 00:00:00
movie,309,105,\N,\N,\N,OK,2017-07-26 00:00:00
movie,310,101,\N,\N,\N,OK,2017-07-26 00:00:00
movie,311,229,\N,\N,\N,OK,2017-07-26 00:00:00
movie,312,109,\N,\N,\N,OK,2017-07-26 00:00:00
movie,314,104,\N,\N,\N,OK,2017-07-26 00:00:00
movie,315,83,\N,\N,\N,OK,2017-07-26 00:00:00
movie,318,122,\N,\N,\N,OK,2017-07-26 00:00:00
movie,319,120,\N,\N,\N,OK,2017-07-26 00:00:00
movie,320,118,\N,\N,\N,OK,2017-07-26 00:00:00
movie,321,92,\N,\N,\N,OK,2017-07-26 00:00:00
movie,322,138,\N,\N,\N,OK,2017-07-26 00:00:00
movie,326,105,\N,\N,\N,OK,2017-07-26 00:00:00
movie,327,114,\N,\N,\N,OK,2017-07-26 00:00:00
movie,329,127,\N,\N,\N,OK,2017-07-26 00:00:00
movie,330,129,\N,\N,\N,OK,2017-07-26 00:00:00
movie,331,92,\N,\N,\N,OK,2017-07-26 00:00:00
movie,332,78,\N,\N,\N,OK,2017-07-26 00:00:00
movie,333,101,\N,\N,\N,OK,2017-07-26 00:00:00
movie,334,188,\N,\N,\N,OK,2017-07-26 00:00:00
movie,335,175,\N,\N,\N,OK,2017-07-26 00:00:00
movie,336,157,\N,\N,\N,OK,2017-07-26 00:00:00
movie,337,94,\N,\N,\N,OK,2017-07-26 00:00:00
movie,338,121,\N,\N,\N,OK,2017-07-26 00:00:00
movie,339,129,\N,\N,\N,OK,2017-07-26 00:00:00
movie,340,106,\N,\N,\N,OK,2017-07-26 00:00:00
movie,343,91,\N,\N,\N,OK,2017-07-26 00:00:00
movie,345,159,\N,\N,\N,OK,2017-07-26 00:00:00
movie,346,207,\N,\N,\N,OK,2017-07-26 00:00:00
movie,348,117,\N,\N,\N,OK,2017-07-26 00:00:00
movie,350,109,\N,\N,\N,OK,2017-07-26 00:00:00
movie,364,126,\N,\N,\N,OK,2017-07-26 00:00:00
movie,377,91,\N,\N,\N,OK,2017-07-26 00:00:00
movie,378,94,\N,\N,\N,OK,2017-07-26 00:00:00
movie,379,115,\N,\N,\N,OK,2017-07-26 00:00:00
movie,380,133,\N,\N,\N,OK,2017-07-26 00:00:00
movie,381,106,\N,\N,\N,OK,2017-07-26 00:00:00
movie,387,149,\N,\N,\N,OK,2017-07-26 00:00:00
movie,388,129,\N,\N,\N,OK,2017-07-26 00:00:00
movie,389,96,\N,\N,\N,OK,2017-07-26 00:00:00
movie,391,99,\N,\N,\N,OK,2017-07-26 00:00:00
movie,392,121,\N,\N,\N,OK,2017-07-26 00:00:00
movie,393,136,\N,\N,\N,OK,2017-07-26 00:00:00
movie,395,101,\N,\N,\N,OK,2017-07-26 00:00:00
movie,396,131,\N,\N,\N,OK,2017-07-26 00:00:00
movie,397,111,\N,\N,\N,OK,2017-07-26 00:00:00
movie,398,114,\N,\N,\N,OK,2017-07-26 00:00:00
movie,400,116,\N,\N,\N,OK,2017-07-26 00:00:00
movie,401,102,\N,\N,\N,OK,2017-07-26 00:00:00
movie,402,127,\N,\N,\N,OK,2017-07-26 00:00:00
movie,403,99,\N,\N,\N,OK,2017-07-26 00:00:00
movie,404,112,\N,\N,\N,OK,2017-07-26 00:00:00
movie,405,104,\N,\N,\N,OK,2017-07-26 00:00:00
movie,406,98,\N,\N,\N,OK,2017-07-26 00:00:00
movie,408,83,\N,\N,\N,OK,2017-07-26 00:00:00
movie,409,162,\N,\N,\N,OK,2017-07-26 00:00:00
movie,411,143,\N,\N,\N,OK,2017-07-26 00:00:00
movie,414,121,\N,\N,\N,OK,2017-07-26 00:00:00
movie,415,125,\N,\N,\N,OK,2017-07-26 00:00:00
movie,421,119,\N,\N,\N,OK,2017-07-26 00:00:00
movie,422,138,\N,\N,\N,OK,2017-07-26 00:00:00
movie,423,150,\N,\N,\N,OK,2017-07-26 00:00:00
movie,424,195,\N,\N,\N,OK,2017-07-26 00:00:00
movie,425,81,\N,\N,\N,OK,2017-07-26 00:00:00
movie,426,128,\N,\N,\N,OK,2017-07-26 00:00:00
movie,427,110,\N,\N,\N,OK,2017-07-26 00:00:00
movie,429,161,\N,\N,\N,OK,2017-07-26 00:00:00
movie,430,115,\N,\N,\N,OK,2017-07-26 00:00:00
movie,431,90,\N,\N,\N,OK,2017-07-26 00:00:00
movie,433,139,\N,\N,\N,OK,2017-07-26 00:00:00
movie,435,124,\N,\N,\N,OK,2017-07-26 00:00:00
movie,436,101,\N,\N,\N,OK,2017-07-26 00:00:00
movie,437,94,\N,\N,\N,OK,2017-07-26 00:00:00
movie,438,97,\N,\N,\N,OK,2017-07-26 00:00:00
movie,439,174,\N,\N,\N,OK,2017-07-26 00:00:00
movie,440,94,\N,\N,\N,OK,2017-07-26 00:00:00
movie,441,96,\N,\N,\N,OK,2017-07-26 00:00:00
movie,445,117,\N,\N,\N,OK,2017-07-26 00:00:00
movie,451,112,\N,\N,\N,OK,2017-07-26 00:00:00
movie,452,117,\N,\N,\N,OK,2017-07-26 00:00:00
movie,453,135,\N,\N,\N,OK,2017-07-26 00:00:00
movie,454,120,\N,\N,\N,OK,2017-07-26 00:00:00
movie,455,112,\N,\N,\N,OK,2017-07-26 00:00:00
movie,460,136,\N,\N,\N,OK,2017-07-26 00:00:00
movie,462,131,\N,\N,\N,OK,2017-07-26 00:00:00
movie,466,114,\N,\N,\N,OK,2017-07-26 00:00:00
movie,468,104,\N,\N,\N,OK,2017-07-26 00:00:00
movie,469,89,\N,\N,\N,OK,2017-07-26 00:00:00
movie,470,124,\N,\N,\N,OK,2017-07-26 00:00:00
movie,473,84,\N,\N,\N,OK,2017-07-26 00:00:00
movie,475,111,\N,\N,\N,OK,2017-07-26 00:00:00
movie,476,100,\N,\N,\N,OK,2017-07-26 00:00:00
movie,479,99,\N,\N,\N,OK,2017-07-26 00:00:00
movie,480,114,\N,\N,\N,OK,2017-07-26 00:00:00
movie,482,100,\N,\N,\N,OK,2017-07-26 00:00:00
movie,483,124,\N,\N,\N,OK,2017-07-26 00:00:00
movie,488,105,\N,\N,\N,OK,2017-07-26 00:00:00
movie,489,126,\N,\N,\N,OK,2017-07-26 00:00:00
movie,490,96,\N,\N,\N,OK,2017-07-26 00:00:00
movie,492,112,\N,\N,\N,OK,2017-07-26 00:00:00
movie,496,82,\N,\N,\N,OK,2017-07-26 00:00:00
movie,497,189,\N,\N,\N,OK,2017-07-26 00:00:00
movie,500,99,\N,\N,\N,OK,2017-07-26 00:00:00
movie,501,103,\N,\N,\N,OK,2017-07-26 00:00:00
movie,502,112,\N,\N,\N,OK,2017-07-26 00:00:00
movie,503,99,\N,\N,\N,OK,2017-07-26 00:00:00
movie,504,110,\N,\N,\N,OK,2017-07-26 00:00:00
movie,505,94,\N,\N,\N,OK,2017-07-26 00:00:00
movie,506,130,\N,\N,\N,OK,2017-07-26 00:00:00
movie,507,96,\N,\N,\N,OK,2017-07-26 00:00:00
movie,508,135,\N,\N,\N,OK,2017-07-26 00:00:00
movie,509,124,\N,\N,\N,OK,2017-07-26 00:00:00
movie,510,133,\N,\N,\N,OK,2017-07-26 00:00:00
movie,512,96,\N,\N,\N,OK,2017-07-26 00:00:00
movie,521,104,\N,\N,\N,OK,2017-07-26 00:00:00
movie,522,127,\N,\N,\N,OK,2017-07-26 00:00:00
movie,523,92,\N,\N,\N,OK,2017-07-26 00:00:00
movie,524,178,\N,\N,\N,OK,2017-07-26 00:00:00
movie,525,133,\N,\N,\N,OK,2017-07-26 00:00:00
movie,526,121,\N,\N,\N,OK,2017-07-26 00:00:00
movie,527,99,\N,\N,\N,OK,2017-07-26 00:00:00
movie,530,23,\N,\N,\N,OK,2017-07-26 00:00:00
movie,531,30,\N,\N,\N,OK,2017-07-26 00:00:00
movie,532,30,\N,\N,\N,OK,2017-07-26 00:00:00
movie,533,85,\N,\N,\N,OK,2017-07-26 00:00:00
movie,534,115,\N,\N,\N,OK,2017-07-26 00:00:00
movie,535,95,\N,\N,\N,OK,2017-07-26 00:00:00
movie,539,109,\N,\N,\N,OK,2017-07-26 00:00:00
movie,540,91,\N,\N,\N,OK,2017-07-26 00:00:00
movie,541,119,\N,\N,\N,OK,2017-07-26 00:00:00
movie,542,118,\N,\N,\N,OK,2017-07-26 00:00:00
movie,544,119,\N,\N,\N,OK,2017-07-26 00:00:00
movie,546,103,\N,\N,\N,OK,2017-07-26 00:00:00
movie,547,170,\N,\N,\N,OK,2017-07-26 00:00:00
movie,548,88,\N,\N,\N,OK,2017-07-26 00:00:00
movie,549,108,\N,\N,\N,OK,2017-07-26 00:00:00
movie,550,139,\N,\N,\N,OK,2017-07-26 00:00:00
movie,551,117,\N,\N,\N,OK,2017-07-26 00:00:00
movie,552,114,\N,\N,\N,OK,2017-07-26 00:00:00
movie,553,178,\N,\N,\N,OK,2017-07-26 00:00:00
movie,554,100,\N,\N,\N,OK,2017-07-26 00:00:00
movie,557,121,\N,\N,\N,OK,2017-07-26 00:00:00
movie,558,127,\N,\N,\N,OK,2017-07-26 00:00:00
movie,559,139,\N,\N,\N,OK,2017-07-26 00:00:00
movie,561,121,\N,\N,\N,OK,2017-07-26 00:00:00
movie,562,131,\N,\N,\N,OK,2017-07-26 00:00:00
movie,563,129,\N,\N,\N,OK,2017-07-26 00:00:00
movie,564,124,\N,\N,\N,OK,2017-07-26 00:00:00
movie,565,115,\N,\N,\N,OK,2017-07-26 00:00:00
movie,567,112,\N,\N,\N,OK,2017-07-26 00:00:00
movie,568,140,\N,\N,\N,OK,2017-07-26 00:00:00
movie,570,86,\N,\N,\N,OK,2017-07-26 00:00:00
movie,571,119,\N,\N,\N,OK,2017-07-26 00:00:00
movie,573,116,\N,\N,\N,OK,2017-07-26 00:00:00
movie,574,120,\N,\N,\N,OK,2017-07-26 00:00:00
movie,575,114,\N,\N,\N,OK,2017-07-26 00:00:00
movie,576,145,\N,\N,\N,OK,2017-07-26 00:00:00
movie,577,106,\N,\N,\N,OK,2017-07-26 00:00:00
movie,578,124,\N,\N,\N,OK,2017-07-26 00:00:00
movie,579,116,\N,\N,\N,OK,2017-07-26 00:00:00
movie,580,89,\N,\N,\N,OK,2017-07-26 00:00:00
movie,581,181,\N,\N,\N,OK,2017-07-26 00:00:00
movie,582,137,\N,\N,\N,OK,2017-07-26 00:00:00
movie,583,94,\N,\N,\N,OK,2017-07-26 00:00:00
movie,584,107,\N,\N,\N,OK,2017-07-26 00:00:00
movie,585,92,\N,\N,\N,OK,2017-07-26 00:00:00
movie,586,97,\N,\N,\N,OK,2017-07-26 00:00:00
movie,587,125,\N,\N,\N,OK,2017-07-26 00:00:00
movie,588,125,\N,\N,\N,OK,2017-07-26 00:00:00
movie,590,114,\N,\N,\N,OK,2017-07-26 00:00:00
movie,591,149,\N,\N,\N,OK,2017-07-26 00:00:00
movie,592,113,\N,\N,\N,OK,2017-07-26 00:00:00
movie,593,167,\N,\N,\N,OK,2017-07-26 00:00:00
movie,594,128,\N,\N,\N,OK,2017-07-26 00:00:00
movie,595,129,\N,\N,\N,OK,2017-07-26 00:00:00
movie,596,129,\N,\N,\N,OK,2017-07-26 00:00:00
movie,597,194,\N,\N,\N,OK,2017-07-26 00:00:00
movie,598,130,\N,\N,\N,OK,2017-07-26 00:00:00
movie,599,110,\N,\N,\N,OK,2017-07-26 00:00:00
movie,600,116,\N,\N,\N,OK,2017-07-26 00:00:00
movie,601,115,\N,\N,\N,OK,2017-07-26 00:00:00
movie,602,145,\N,\N,\N,OK,2017-07-26 00:00:00
movie,603,136,\N,\N,\N,OK,2017-07-26 00:00:00
movie,604,138,\N,\N,\N,OK,2017-07-26 00:00:00
movie,605,129,\N,\N,\N,OK,2017-07-26 00:00:00
movie,606,161,\N,\N,\N,OK,2017-07-26 00:00:00
movie,607,98,\N,\N,\N,OK,2017-07-26 00:00:00
movie,608,88,\N,\N,\N,OK,2017-07-26 00:00:00
movie,609,114,\N,\N,\N,OK,2017-07-26 00:00:00
movie,612,164,\N,\N,\N,OK,2017-07-26 00:00:00
movie,613,156,\N,\N,\N,OK,2017-07-26 00:00:00
movie,614,91,\N,\N,\N,OK,2017-07-26 00:00:00
movie,615,127,\N,\N,\N,OK,2017-07-26 00:00:00
movie,616,154,\N,\N,\N,OK,2017-07-26 00:00:00
movie,617,108,\N,\N,\N,OK,2017-07-26 00:00:00
movie,618,193,\N,\N,\N,OK,2017-07-26 00:00:00
movie,619,129,\N,\N,\N,OK,2017-07-26 00:00:00
movie,620,107,\N,\N,\N,OK,2017-07-26 00:00:00
movie,621,110,\N,\N,\N,OK,2017-07-26 00:00:00
movie,622,133,\N,\N,\N,OK,2017-07-26 00:00:00
movie,623,108,\N,\N,\N,OK,2017-07-26 00:00:00
movie,624,95,\N,\N,\N,OK,2017-07-26 00:00:00
movie,625,141,\N,\N,\N,OK,2017-07-26 00:00:00
movie,626,16,\N,\N,\N,OK,2017-07-26 00:00:00
movie,627,93,\N,\N,\N,OK,2017-07-26 00:00:00
movie,628,123,\N,\N,\N,OK,2017-07-26 00:00:00
movie,629,106,\N,\N,\N,OK,2017-07-26 00:00:00
movie,630,102,\N,\N,\N,OK,2017-07-26 00:00:00
movie,631,94,\N,\N,\N,OK,2017-07-26 00:00:00
movie,632,120,\N,\N,\N,OK,2017-07-26 00:00:00
movie,634,97,\N,\N,\N,OK,2017-07-26 00:00:00
movie,635,113,\N,\N,\N,OK,2017-07-26 00:00:00
movie,636,86,\N,\N,\N,OK,2017-07-26 00:00:00
movie,637,116,\N,\N,\N,OK,2017-07-26 00:00:00
movie,638,134,\N,\N,\N,OK,2017-07-26 00:00:00
movie,639,96,\N,\N,\N,OK,2017-07-26 00:00:00
movie,640,141,\N,\N,\N,OK,2017-07-26 00:00:00
movie,641,102,\N,\N,\N,OK,2017-07-26 00:00:00
movie,642,110,\N,\N,\N,OK,2017-07-26 00:00:00
movie,643,75,\N,\N,\N,OK,2017-07-26 00:00:00
movie,644,146,\N,\N,\N,OK,2017-07-26 00:00:00
movie,646,110,\N,\N,\N,OK,2017-07-26 00:00:00
movie,647,101,\N,\N,\N,OK,2017-07-26 00:00:00
movie,648,96,\N,\N,\N,OK,2017-07-26 00:00:00
movie,649,101,\N,\N,\N,OK,2017-07-26 00:00:00
movie,650,112,\N,\N,\N,OK,2017-07-26 00:00:00
movie,651,116,\N,\N,\N,OK,2017-07-26 00:00:00
movie,652,163,\N,\N,\N,OK,2017-07-26 00:00:00
movie,653,94,\N,\N,\N,OK,2017-07-26 00:00:00
movie,654,108,\N,\N,\N,OK,2017-07-26 00:00:00
movie,655,147,\N,\N,\N,OK,2017-07-26 00:00:00
movie,657,115,\N,\N,\N,OK,2017-07-26 00:00:00
movie,658,110,\N,\N,\N,OK,2017-07-26 00:00:00
movie,659,142,\N,\N,\N,OK,2017-07-26 00:00:00
movie,660,130,\N,\N,\N,OK,2017-07-26 00:00:00
movie,661,116,\N,\N,\N,OK,2017-07-26 00:00:00
movie,662,28,\N,\N,\N,OK,2017-07-26 00:00:00
movie,663,93,\N,\N,\N,OK,2017-07-26 00:00:00
movie,664,113,\N,\N,\N,OK,2017-07-26 00:00:00
movie,665,212,\N,\N,\N,OK,2017-07-26 00:00:00
movie,666,113,\N,\N,\N,OK,2017-07-26 00:00:00
movie,667,117,\N,\N,\N,OK,2017-07-26 00:00:00
movie,668,142,\N,\N,\N,OK,2017-07-26 00:00:00
movie,670,120,\N,\N,\N,OK,2017-07-26 00:00:00
movie,671,152,\N,\N,\N,OK,2017-07-26 00:00:00
movie,672,161,\N,\N,\N,OK,2017-07-26 00:00:00
movie,673,141,\N,\N,\N,OK,2017-07-26 00:00:00
movie,674,157,\N,\N,\N,OK,2017-07-26 00:00:00
movie,675,138,\N,\N,\N,OK,2017-07-26 00:00:00
movie,676,183,\N,\N,\N,OK,2017-07-26 00:00:00
movie,678,97,\N,\N,\N,OK,2017-07-26 00:00:00
movie,679,137,\N,\N,\N,OK,2017-07-26 00:00:00
movie,680,154,\N,\N,\N,OK,2017-07-26 00:00:00
movie,681,120,\N,\N,\N,OK,2017-07-26 00:00:00
movie,682,125,\N,\N,\N,OK,2017-07-26 00:00:00
movie,686,150,\N,\N,\N,OK,2017-07-26 00:00:00
movie,687,122,\N,\N,\N,OK,2017-07-26 00:00:00
movie,688,135,\N,\N,\N,OK,2017-07-26 00:00:00
movie,690,75,\N,\N,\N,OK,2017-07-26 00:00:00
movie,691,125,\N,\N,\N,OK,2017-07-26 00:00:00
movie,692,93,\N,\N,\N,OK,2017-07-26 00:00:00
movie,693,115,\N,\N,\N,OK,2017-07-26 00:00:00
movie,694,144,\N,\N,\N,OK,2017-07-26 00:00:00
movie,695,187,\N,\N,\N,OK,2017-07-26 00:00:00
movie,696,96,\N,\N,\N,OK,2017-07-26 00:00:00
movie,698,126,\N,\N,\N,OK,2017-07-26 00:00:00
movie,699,127,\N,\N,\N,OK,2017-07-26 00:00:00
movie,700,131,\N,\N,\N,OK,2017-07-26 00:00:00
movie,701,73,\N,\N,\N,OK,2017-07-26 00:00:00
movie,702,125,\N,\N,\N,OK,2017-07-26 00:00:00
movie,703,93,\N,\N,\N,OK,2017-07-26 00:00:00
movie,704,88,\N,\N,\N,OK,2017-07-26 00:00:00
movie,705,138,\N,\N,\N,OK,2017-07-26 00:00:00
movie,707,131,\N,\N,\N,OK,2017-07-26 00:00:00
movie,708,130,\N,\N,\N,OK,2017-07-26 00:00:00
movie,709,133,\N,\N,\N,OK,2017-07-26 00:00:00
movie,710,130,\N,\N,\N,OK,2017-07-26 00:00:00
movie,711,136,\N,\N,\N,OK,2017-07-26 00:00:00
movie,712,117,\N,\N,\N,OK,2017-07-26 00:00:00
movie,713,121,\N,\N,\N,OK,2017-07-26 00:00:00
movie,714,119,\N,\N,\N,OK,2017-07-26 00:00:00
movie,742,106,\N,\N,\N,OK,2017-07-26 00:00:00
movie,744,110,\N,\N,\N,OK,2017-07-26 00:00:00
movie,745,107,\N,\N,\N,OK,2017-07-26 00:00:00
movie,746,163,\N,\N,\N,OK,2017-07-26 00:00:00
movie,747,99,\N,\N,\N,OK,2017-07-26 00:00:00
movie,752,132,\N,\N,\N,OK,2017-07-26 00:00:00
movie,754,138,\N,\N,\N,OK,2017-07-26 00:00:00
movie,755,108,\N,\N,\N,OK,2017-07-26 00:00:00
movie,756,124,\N,\N,\N,OK,2017-07-26 00:00:00
movie,759,91,\N,\N,\N,OK,2017-07-26 00:00:00
movie,762,91,\N,\N,\N,OK,2017-07-26 00:00:00
movie,763,104,\N,\N,\N,OK,2017-07-26 00:00:00
movie,764,85,\N,\N,\N,OK,2017-07-26 00:00:00
movie,765,84,\N,\N,\N,OK,2017-07-26 00:00:00
movie,766,81,\N,\N,\N,OK,2017-07-26 00:00:00
movie,767,153,\N,\N,\N,OK,2017-07-26 00:00:00
movie,768,122,\N,\N,\N,OK,2017-07-26 00:00:00
movie,769,145,\N,\N,\N,OK,2017-07-26 00:00:00
movie,770,238,\N,\N,\N,OK,2017-07-26 00:00:00
movie,771,103,\N,\N,\N,OK,2017-07-26 00:00:00
movie,772,120,\N,\N,\N,OK,2017-07-26 00:00:00
movie,773,102,\N,\N,\N,OK,2017-07-26 00:00:00
movie,775,14,\N,\N,\N,OK,2017-07-26 00:00:00
movie,776,110,\N,\N,\N,OK,2017-07-26 00:00:00
movie,777,114,\N,\N,\N,OK,2017-07-26 00:00:00
movie,778,84,\N,\N,\N,OK,2017-07-26 00:00:00
movie,780,110,\N,\N,\N,OK,2017-07-26 00:00:00
movie,782,106,\N,\N,\N,OK,2017-07-26 00:00:00
movie,783,191,\N,\N,\N,OK,2017-07-26 00:00:00
movie,784,105,\N,\N,\N,OK,2017-07-26 00:00:00
movie,786,122,\N,\N,\N,OK,2017-07-26 00:00:00
movie,787,120,\N,\N,\N,OK,2017-07-26 00:00:00
movie,788,125,\N,\N,\N,OK,2017-07-26 00:00:00
movie,789,89,\N,\N,\N,OK,2017-07-26 00:00:00
movie,790,89,\N,\N,\N,OK,2017-07-26 00:00:00
movie,791,100,\N,\N,\N,OK,2017-07-26 00:00:00
movie,792,120,\N,\N,\N,OK,2017-07-26 00:00:00
movie,793,120,\N,\N,\N,OK,2017-07-26 00:00:00
movie,794,111,\N,\N,\N,OK,2017-07-26 00:00:00
movie,795,114,\N,\N,\N,OK,2017-07-26 00:00:00
movie,796,97,\N,\N,\N,OK,2017-07-26 00:00:00
movie,797,85,\N,\N,\N,OK,2017-07-26 00:00:00
movie,800,85,\N,\N,\N,OK,2017-07-26 00:00:00
movie,801,121,\N,\N,\N,OK,2017-07-26 00:00:00
movie,802,153,\N,\N,\N,OK,2017-07-26 00:00:00
movie,803,32,\N,\N,\N,OK,2017-07-26 00:00:00
movie,804,119,\N,\N,\N,OK,2017-07-26 00:00:00
movie,805,136,\N,\N,\N,OK,2017-07-26 00:00:00
movie,806,110,\N,\N,\N,OK,2017-07-26 00:00:00
movie,807,127,\N,\N,\N,OK,2017-07-26 00:00:00
movie,808,90,\N,\N,\N,OK,2017-07-26 00:00:00
movie,809,93,\N,\N,\N,OK,2017-07-26 00:00:00
movie,810,93,\N,\N,\N,OK,2017-07-26 00:00:00
movie,811,89,\N,\N,\N,OK,2017-07-26 00:00:00
movie,812,90,\N,\N,\N,OK,2017-07-26 00:00:00
movie,813,88,\N,\N,\N,OK,2017-07-26 00:00:00
movie,814,97,\N,\N,\N,OK,2017-07-26 00:00:00
movie,816,94,\N,\N,\N,OK,2017-07-26 00:00:00
movie,817,95,\N,\N,\N,OK,2017-07-26 00:00:00
movie,818,94,\N,\N,\N,OK,2017-07-26 00:00:00
movie,819,147,\N,\N,\N,OK,2017-07-26 00:00:00
movie,820,189,\N,\N,\N,OK,2017-07-26 00:00:00
movie,821,186,\N,\N,\N,OK,2017-07-26 00:00:00
movie,823,102,\N,\N,\N,OK,2017-07-26 00:00:00
movie,824,127,\N,\N,\N,OK,2017-07-26 00:00:00
movie,825,121,\N,\N,\N,OK,2017-07-26 00:00:00
movie,826,161,\N,\N,\N,OK,2017-07-26 00:00:00
movie,827,116,\N,\N,\N,OK,2017-07-26 00:00:00
movie,828,92,\N,\N,\N,OK,2017-07-26 00:00:00
movie,829,130,\N,\N,\N,OK,2017-07-26 00:00:00
movie,830,98,\N,\N,\N,OK,2017-07-26 00:00:00
movie,831,87,\N,\N,\N,OK,2017-07-26 00:00:00
movie,832,117,\N,\N,\N,OK,2017-07-26 00:00:00
movie,833,89,\N,\N,\N,OK,2017-07-26 00:00:00
movie,834,106,\N,\N,\N,OK,2017-07-26 00:00:00
movie,837,87,\N,\N,\N,OK,2017-07-26 00:00:00
movie,838,110,\N,\N,\N,OK,2017-07-26 00:00:00
movie,839,74,\N,\N,\N,OK,2017-07-26 00:00:00
movie,840,135,\N,\N,\N,OK,2017-07-26 00:00:00
movie,841,137,\N,\N,\N,OK,2017-07-26 00:00:00
movie,842,95,\N,\N,\N,OK,2017-07-26 00:00:00
movie,843,98,\N,\N,\N,OK,2017-07-26 00:00:00
movie,844,129,\N,\N,\N,OK,2017-07-26 00:00:00
movie,845,101,\N,\N,\N,OK,2017-07-26 00:00:00
movie,846,121,\N,\N,\N,OK,2017-07-26 00:00:00
movie,847,126,\N,\N,\N,OK,2017-07-26 00:00:00
movie,848,108,\N,\N,\N,OK,2017-07-26 00:00:00
movie,849,117,\N,\N,\N,OK,2017-07-26 00:00:00
movie,850,94,\N,\N,\N,OK,2017-07-26 00:00:00
movie,851,86,\N,\N,\N,OK,2017-07-26 00:00:00
movie,853,131,\N,\N,\N,OK,2017-07-26 00:00:00
movie,854,101,\N,\N,\N,OK,2017-07-26 00:00:00
movie,855,144,\N,\N,\N,OK,2017-07-26 00:00:00
movie,856,104,\N,\N,\N,OK,2017-07-26 00:00:00
movie,857,169,\N,\N,\N,OK,2017-07-26 00:00:00
movie,858,105,\N,\N,\N,OK,2017-07-26 00:00:00
movie,859,119,\N,\N,\N,OK,2017-07-26 00:00:00
movie,860,114,\N,\N,\N,OK,2017-07-26 00:00:00
movie,861,113,\N,\N,\N,OK,2017-07-26 00:00:00
movie,862,81,\N,\N,\N,OK,2017-07-26 00:00:00
movie,863,92,\N,\N,\N,OK,2017-07-26 00:00:00
movie,864,98,\N,\N,\N,OK,2017-07-26 00:00:00
movie,865,101,\N,\N,\N,OK,2017-07-26 00:00:00
movie,866,106,\N,\N,\N,OK,2017-07-26 00:00:00
movie,867,108,\N,\N,\N,OK,2017-07-26 00:00:00
movie,868,94,\N,\N,\N,OK,2017-07-26 00:00:00
movie,869,119,\N,\N,\N,OK,2017-07-26 00:00:00
movie,870,114,\N,\N,\N,OK,2017-07-26 00:00:00
movie,871,112,\N,\N,\N,OK,2017-07-26 00:00:00
movie,872,103,\N,\N,\N,OK,2017-07-26 00:00:00
movie,873,154,\N,\N,\N,OK,2017-07-26 00:00:00
movie,874,120,\N,\N,\N,OK,2017-07-26 00:00:00
movie,876,292,\N,\N,\N,OK,2017-07-26 00:00:00
movie,877,90,\N,\N,\N,OK,2017-07-26 00:00:00
movie,879,144,\N,\N,\N,OK,2017-07-26 00:00:00
movie,880,102,\N,\N,\N,OK,2017-07-26 00:00:00
movie,881,138,\N,\N,\N,OK,2017-07-26 00:00:00
movie,883,96,\N,\N,\N,OK,2017-07-26 00:00:00
movie,884,100,\N,\N,\N,OK,2017-07-26 00:00:00
movie,886,102,\N,\N,\N,OK,2017-07-26 00:00:00
movie,887,172,\N,\N,\N,OK,2017-07-26 00:00:00
movie,888,91,\N,\N,\N,OK,2017-07-26 00:00:00
movie,889,90,\N,\N,\N,OK,2017-07-26 00:00:00
movie,891,138,\N,\N,\N,OK,2017-07-26 00:00:00
movie,892,99,\N,\N,\N,OK,2017-07-26 00:00:00
movie,895,205,\N,\N,\N,OK,2017-07-26 00:00:00
movie,896,117,\N,\N,\N,OK,2017-07-26 00:00:00
movie,897,110,\N,\N,\N,OK,2017-07-26 00:00:00
movie,898,147,\N,\N,\N,OK,2017-07-26 00:00:00
movie,900,102,\N,\N,\N,OK,2017-07-26 00:00:00
movie,901,87,\N,\N,\N,OK,2017-07-26 00:00:00
movie,902,108,\N,\N,\N,OK,2017-07-26 00:00:00
movie,903,126,\N,\N,\N,OK,2017-07-26 00:00:00
movie,907,197,\N,\N,\N,OK,2017-07-26 00:00:00
movie,909,113,\N,\N,\N,OK,2017-07-26 00:00:00
movie,910,116,\N,\N,\N,OK,2017-07-26 00:00:00
movie,911,72,\N,\N,\N,OK,2017-07-26 00:00:00
movie,912,102,\N,\N,\N,OK,2017-07-26 00:00:00
movie,913,113,\N,\N,\N,OK,2017-07-26 00:00:00
movie,914,125,\N,\N,\N,OK,2017-07-26 00:00:00
movie,916,113,\N,\N,\N,OK,2017-07-26 00:00:00
movie,918,95,\N,\N,\N,OK,2017-07-26 00:00:00
movie,919,48,\N,\N,\N,OK,2017-07-26 00:00:00
movie,920,117,\N,\N,\N,OK,2017-07-26 00:00:00
movie,921,144,\N,\N,\N,OK,2017-07-26 00:00:00
movie,922,121,\N,\N,\N,OK,2017-07-26 00:00:00
movie,923,127,\N,\N,\N,OK,2017-07-26 00:00:00
movie,924,101,\N,\N,\N,OK,2017-07-26 00:00:00
movie,925,120,\N,\N,\N,OK,2017-07-26 00:00:00
movie,926,102,\N,\N,\N,OK,2017-07-26 00:00:00
movie,927,106,\N,\N,\N,OK,2017-07-26 00:00:00
movie,928,106,\N,\N,\N,OK,2017-07-26 00:00:00
movie,929,139,\N,\N,\N,OK,2017-07-26 00:00:00
movie,931,110,\N,\N,\N,OK,2017-07-26 00:00:00
movie,934,122,\N,\N,\N,OK,2017-07-26 00:00:00
movie,935,95,\N,\N,\N,OK,2017-07-26 00:00:00
movie,936,115,\N,\N,\N,OK,2017-07-26 00:00:00
movie,938,132,\N,\N,\N,OK,2017-07-26 00:00:00
movie,939,89,\N,\N,\N,OK,2017-07-26 00:00:00
movie,940,96,\N,\N,\N,OK,2017-07-26 00:00:00
movie,941,110,\N,\N,\N,OK,2017-07-26 00:00:00
movie,942,114,\N,\N,\N,OK,2017-07-26 00:00:00
movie,943,118,\N,\N,\N,OK,2017-07-26 00:00:00
movie,944,127,\N,\N,\N,OK,2017-07-26 00:00:00
movie,947,216,\N,\N,\N,OK,2017-07-26 00:00:00
movie,948,91,\N,\N,\N,OK,2017-07-26 00:00:00
movie,949,170,\N,\N,\N,OK,2017-07-26 00:00:00
movie,950,91,\N,\N,\N,OK,2017-07-26 00:00:00
movie,951,111,\N,\N,\N,OK,2017-07-26 00:00:00
movie,953,86,\N,\N,\N,OK,2017-07-26 00:00:00
movie,954,110,\N,\N,\N,OK,2017-07-26 00:00:00
movie,955,123,\N,\N,\N,OK,2017-07-26 00:00:00
movie,956,126,\N,\N,\N,OK,2017-07-26 00:00:00
movie,957,96,\N,\N,\N,OK,2017-07-26 00:00:00
movie,961,79,\N,\N,\N,OK,2017-07-26 00:00:00
movie,962,95,\N,\N,\N,OK,2017-07-26 00:00:00
movie,963,100,\N,\N,\N,OK,2017-07-26 00:00:00
movie,965,88,\N,\N,\N,OK,2017-07-26 00:00:00
movie,966,128,\N,\N,\N,OK,2017-07-26 00:00:00
movie,967,197,\N,\N,\N,OK,2017-07-26 00:00:00
movie,968,125,\N,\N,\N,OK,2017-07-26 00:00:00
movie,975,88,\N,\N,\N,OK,2017-07-26 00:00:00
movie,976,96,\N,\N,\N,OK,2017-07-26 00:00:00
movie,978,136,\N,\N,\N,OK,2017-07-26 00:00:00
movie,979,97,\N,\N,\N,OK,2017-07-26 00:00:00
movie,980,75,\N,\N,\N,OK,2017-07-26 00:00:00
movie,981,112,\N,\N,\N,OK,2017-07-26 00:00:00
movie,982,126,\N,\N,\N,OK,2017-07-26 00:00:00
movie,983,129,\N,\N,\N,OK,2017-07-26 00:00:00
movie,984,102,\N,\N,\N,OK,2017-07-26 00:00:00
movie,985,89,\N,\N,\N,OK,2017-07-26 00:00:00
movie,987,105,\N,\N,\N,OK,2017-07-26 00:00:00
movie,988,122,\N,\N,\N,OK,2017-07-26 00:00:00
movie,990,134,\N,\N,\N,OK,2017-07-26 00:00:00
movie,991,138,\N,\N,\N,OK,2017-07-26 00:00:00
movie,992,49,\N,\N,\N,OK,2017-07-26 00:00:00
movie,993,138,\N,\N,\N,OK,2017-07-26 00:00:00
movie,994,118,\N,\N,\N,OK,2017-07-26 00:00:00
movie,995,96,\N,\N,\N,OK,2017-07-26 00:00:00
movie,996,107,\N,\N,\N,OK,2017-07-26 00:00:00
movie,1018,147,\N,\N,\N,OK,2017-07-26 00:00:00
movie,1023,94,\N,\N,\N,OK,2017-07-26 00:00:00
movie,1024,99,\N,\N,\N,OK,2017-07-26 00:00:00
movie,1040,185,\N,\N,\N,OK,2017-07-26 00:00:00
movie,1049,109,\N,\N,\N,OK,2017-07-26 00:00:00
movie,1050,92,\N,\N,\N,OK,2017-07-26 00:00:00
movie,1051,104,\N,\N,\N,OK,2017-07-26 00:00:00
movie,1052,111,\N,\N,\N,OK,2017-07-26 00:00:00
movie,1058,100,\N,\N,\N,OK,2017-07-26 00:00:00
movie,1059,139,\N,\N,\N,OK,2017-07-26 00:00:00
movie,1073,117,\N,\N,\N,OK,2017-07-26 00:00:00
movie,1075,127,\N,\N,\N,OK,2017-07-26 00:00:00
movie,1088,101,\N,\N,\N,OK,2017-07-26 00:00:00
movie,1089,120,\N,\N,\N,OK,2017-07-26 00:00:00
movie,1090,100,\N,\N,\N,OK,2017-07-26 00:00:00
movie,1091,109,\N,\N,\N,OK,2017-07-26 00:00:00
movie,1092,104,\N,\N,\N,OK,2017-07-26 00:00:00
movie,1093,88,\N,\N,\N,OK,2017-07-26 00:00:00
movie,1103,99,\N,\N,\N,OK,2017-07-26 00:00:00
movie,1114,91,\N,\N,\N,OK,2017-07-26 00:00:00
movie,1116,124,\N,\N,\N,OK,2017-07-26 00:00:00
movie,1123,101,\N,\N,\N,OK,2017-07-26 00:00:00
movie,1124,130,\N,\N,\N,OK,2017-07-26 00:00:00
movie,1125,134,\N,\N,\N,OK,2017-07-26 00:00:00
movie,1126,126,\N,\N,\N,OK,2017-07-26 00:00:00
movie,1162,106,\N,\N,\N,OK,2017-07-26 00:00:00
movie,1164,143,\N,\N,\N,OK,2017-07-26 00:00:00
movie,1165,103,\N,\N,\N,OK,2017-07-26 00:00:00
movie,1213,139,\N,\N,\N,OK,2017-07-26 00:00:00
movie,1245,134,\N,\N,\N,OK,2017-07-26 00:00:00
movie,1246,102,\N,\N,\N,OK,2017-07-26 00:00:00
movie,1247,167,\N,\N,\N,OK,2017-07-26 00:00:00
movie,1248,121,\N,\N,\N,OK,2017-07-26 00:00:00
movie,1249,126,\N,\N,\N,OK,2017-07-26 00:00:00
movie,1250,114,\N,\N,\N,OK,2017-07-26 00:00:00
movie,1251,141,\N,\N,\N,OK,2017-07-26 00:00:00
movie,1255,119,\N,\N,\N,OK,2017-07-26 00:00:00
movie,1257,102,\N,\N,\N,OK,2017-07-26 00:00:00
movie,1259,92,\N,\N,\N,OK,2017-07-26 00:00:00
movie,1262,113,\N,\N,\N,OK,2017-07-26 00:00:00
movie,1265,96,\N,\N,\N,OK,2017-07-26 00:00:00
movie,1266,109,\N,\N,\N,OK,2017-07-26 00:00:00
movie,1267,95,\N,\N,\N,OK,2017-07-26 00:00:00
movie,1268,90,\N,\N,\N,OK,2017-07-26 00:00:00
movie,1271,117,\N,\N,\N,OK,2017-07-26 00:00:00
movie,1272,107,\N,\N,\N,OK,2017-07-26 00:00:00
movie,1273,90,\N,\N,\N,OK,2017-07-26 00:00:00
movie,1277,112,\N,\N,\N,OK,2017-07-26 00:00:00
movie,1278,115,\N,\N,\N,OK,2017-07-26 00:00:00
movie,1280,88,\N,\N,\N,OK,2017-07-26 00:00:00
movie,1281,85,\N,\N,\N,OK,2017-07-26 00:00:00
movie,1282,91,\N,\N,\N,OK,2017-07-26 00:00:00
movie,1358,80,\N,\N,\N,OK,2017-07-26 00:00:00
movie,1359,102,\N,\N,\N,OK,2017-07-26 00:00:00
movie,1360,123,\N,\N,\N,OK,2017-07-26 00:00:00
movie,1364,128,\N,\N,\N,OK,2017-07-26 00:00:00
movie,1365,111,\N,\N,\N,OK,2017-07-26 00:00:00
movie,1366,119,\N,\N,\N,OK,2017-07-26 00:00:00
movie,1367,119,\N,\N,\N,OK,2017-07-26 00:00:00
movie,1368,93,\N,\N,\N,OK,2017-07-26 00:00:00
movie,1369,96,\N,\N,\N,OK,2017-07-26 00:00:00
movie,1370,102,\N,\N,\N,OK,2017-07-26 00:00:00
movie,1371,99,\N,\N,\N,OK,2017-07-26 00:00:00
movie,1372,143,\N,\N,\N,OK,2017-07-26 00:00:00
movie,1374,91,\N,\N,\N,OK,2017-07-26 00:00:00
movie,1375,104,\N,\N,\N,OK,2017-07-26 00:00:00
movie,1376,106,\N,\N,\N,OK,2017-07-26 00:00:00
movie,1377,110,\N,\N,\N,OK,2017-07-26 00:00:00
movie,1378,101,\N,\N,\N,OK,2017-07-26 00:00:00
movie,1379,78,\N,\N,\N,OK,2017-07-26 00:00:00
movie,1380,109,\N,\N,\N,OK,2017-07-26 00:00:00
movie,1381,96,\N,\N,\N,OK,2017-07-26 00:00:00
movie,1382,90,\N,\N,\N,OK,2017-07-26 00:00:00
movie,1389,123,\N,\N,\N,OK,2017-07-26 00:00:00
movie,1391,106,\N,\N,\N,OK,2017-07-26 00:00:00
movie,1392,85,\N,\N,\N,OK,2017-07-26 00:00:00
movie,1396,106,\N,\N,\N,OK,2017-07-26 00:00:00
movie,1398,163,\N,\N,\N,OK,2017-07-26 00:00:00
movie,1402,117,\N,\N,\N,OK,2017-07-26 00:00:00
movie,1405,140,\N,\N,\N,OK,2017-07-26 00:00:00
movie,1406,112,\N,\N,\N,OK,2017-07-26 00:00:00
movie,1407,140,\N,\N,\N,OK,2017-07-26 00:00:00
movie,1408,119,\N,\N,\N,OK,2017-07-26 00:00:00
movie,1410,83,\N,\N,\N,OK,2017-07-26 00:00:00
movie,1411,100,\N,\N,\N,OK,2017-07-26 00:00:00
movie,1412,100,\N,\N,\N,OK,2017-07-26 00:00:00
movie,1413,101,\N,\N,\N,OK,2017-07-26 00:00:00
movie,1414,112,\N,\N,\N,OK,2017-07-26 00:00:00
movie,1415,98,\N,\N,\N,OK,2017-07-26 00:00:00
movie,1417,118,\N,\N,\N,OK,2017-07-26 00:00:00
movie,1420,128,\N,\N,\N,OK,2017-07-26 00:00:00
movie,1422,151,\N,\N,\N,OK,2017-07-26 00:00:00
movie,1427,147,\N,\N,\N,OK,2017-07-26 00:00:00
movie,1428,102,\N,\N,\N,OK,2017-07-26 00:00:00
movie,1429,135,\N,\N,\N,OK,2017-07-26 00:00:00
movie,1430,120,\N,\N,\N,OK,2017-07-26 00:00:00
movie,1433,106,\N,\N,\N,OK,2017-07-26 00:00:00
movie,1435,91,\N,\N,\N,OK,2017-07-26 00:00:00
movie,1439,148,\N,\N,\N,OK,2017-07-26 00:00:00
movie,1440,136,\N,\N,\N,OK,2017-07-26 00:00:00
movie,1443,97,\N,\N,\N,OK,2017-07-26 00:00:00
movie,1444,106,\N,\N,\N,OK,2017-07-26 00:00:00
movie,1450,91,\N,\N,\N,OK,2017-07-26 00:00:00
movie,1452,154,\N,\N,\N,OK,2017-07-26 00:00:00
movie,1480,95,\N,\N,\N,OK,2017-07-26 00:00:00
movie,1483,78,\N,\N,\N,OK,2017-07-26 00:00:00
movie,1485,112,\N,\N,\N,OK,2017-07-26 00:00:00
movie,1487,122,\N,\N,\N,OK,2017-07-26 00:00:00
movie,1491,110,\N,\N,\N,OK,2017-07-26 00:00:00
movie,1492,154,\N,\N,\N,OK,2017-07-26 00:00:00
movie,1493,111,\N,\N,\N,OK,2017-07-26 00:00:00
movie,1494,114,\N,\N,\N,OK,2017-07-26 00:00:00
movie,1495,144,\N,\N,\N,OK,2017-07-26 00:00:00
movie,1497,88,\N,\N,\N,OK,2017-07-26 00:00:00
movie,1498,93,\N,\N,\N,OK,2017-07-26 00:00:00
movie,1499,96,\N,\N,\N,OK,2017-07-26 00:00:00
movie,1523,121,\N,\N,\N,OK,2017-07-26 00:00:00
movie,1535,126,\N,\N,\N,OK,2017-07-26 00:00:00
movie,1537,89,\N,\N,\N,OK,2017-07-26 00:00:00
movie,1538,120,\N,\N,\N,OK,2017-07-26 00:00:00
movie,1541,130,\N,\N,\N,OK,2017-07-26 00:00:00
movie,1542,89,\N,\N,\N,OK,2017-07-26 00:00:00
movie,1544,93,\N,\N,\N,OK,2017-07-26 00:00:00
movie,1546,96,\N,\N,\N,OK,2017-07-26 00:00:00
movie,1547,97,\N,\N,\N,OK,2017-07-26 00:00:00
movie,1548,111,\N,\N,\N,OK,2017-07-26 00:00:00
movie,1550,81,\N,\N,\N,OK,2017-07-26 00:00:00
movie,1551,115,\N,\N,\N,OK,2017-07-26 00:00:00
movie,1552,124,\N,\N,\N,OK,2017-07-26 00:00:00
movie,1553,107,\N,\N,\N,OK,2017-07-26 00:00:00
movie,1554,107,\N,\N,\N,OK,2017-07-26 00:00:00
movie,1555,122,\N,\N,\N,OK,2017-07-26 00:00:00
movie,1561,81,\N,\N,\N,OK,2017-07-26 00:00:00
movie,1562,100,\N,\N,\N,OK,2017-07-26 00:00:00
movie,1563,100,\N,\N,\N,OK,2017-07-26 00:00:00
movie,1567,93,\N,\N,\N,OK,2017-07-26 00:00:00
movie,1571,128,\N,\N,\N,OK,2017-07-26 00:00:00
movie,1572,128,\N,\N,\N,OK,2017-07-26 00:00:00
movie,1573,124,\N,\N,\N,OK,2017-07-26 00:00:00
movie,1574,113,\N,\N,\N,OK,2017-07-26 00:00:00
movie,1576,100,\N,\N,\N,OK,2017-07-26 00:00:00
movie,1577,94,\N,\N,\N,OK,2017-07-26 00:00:00
movie,1578,129,\N,\N,\N,OK,2017-07-26 00:00:00
movie,1579,139,\N,\N,\N,OK,2017-07-26 00:00:00
movie,1580,80,\N,\N,\N,OK,2017-07-26 00:00:00
movie,1581,136,\N,\N,\N,OK,2017-07-26 00:00:00
movie,1583,93,\N,\N,\N,OK,2017-07-26 00:00:00
movie,1584,108,\N,\N,\N,OK,2017-07-26 00:00:00
movie,1585,130,\N,\N,\N,OK,2017-07-26 00:00:00
movie,1586,96,\N,\N,\N,OK,2017-07-26 00:00:00
movie,1587,118,\N,\N,\N,OK,2017-07-26 00:00:00
movie,1588,98,\N,\N,\N,OK,2017-07-26 00:00:00
movie,1591,140,\N,\N,\N,OK,2017-07-26 00:00:00
movie,1592,129,\N,\N,\N,OK,2017-07-26 00:00:00
movie,1593,108,\N,\N,\N,OK,2017-07-26 00:00:00
movie,1594,102,\N,\N,\N,OK,2017-07-26 00:00:00
movie,1595,123,\N,\N,\N,OK,2017-07-26 00:00:00
movie,1597,108,\N,\N,\N,OK,2017-07-26 00:00:00
movie,1598,128,\N,\N,\N,OK,2017-07-26 00:00:00
movie,1599,106,\N,\N,\N,OK,2017-07-26 00:00:00
movie,1600,97,\N,\N,\N,OK,2017-07-26 00:00:00
movie,1607,121,\N,\N,\N,OK,2017-07-26 00:00:00
movie,1610,102,\N,\N,\N,OK,2017-07-26 00:00:00
movie,1613,93,\N,\N,\N,OK,2017-07-26 00:00:00
movie,1618,92,\N,\N,\N,OK,2017-07-26 00:00:00
movie,1619,119,\N,\N,\N,OK,2017-07-26 00:00:00
movie,1620,89,\N,\N,\N,OK,2017-07-26 00:00:00
movie,1621,116,\N,\N,\N,OK,2017-07-26 00:00:00
movie,1623,125,\N,\N,\N,OK,2017-07-26 00:00:00
movie,1624,86,\N,\N,\N,OK,2017-07-26 00:00:00
movie,1628,105,\N,\N,\N,OK,2017-07-26 00:00:00
movie,1630,129,\N,\N,\N,OK,2017-07-26 00:00:00
movie,1632,128,\N,\N,\N,OK,2017-07-26 00:00:00
movie,1633,130,\N,\N,\N,OK,2017-07-26 00:00:00
movie,1634,112,\N,\N,\N,OK,2017-07-26 00:00:00
movie,1635,136,\N,\N,\N,OK,2017-07-26 00:00:00
movie,1636,93,\N,\N,\N,OK,2017-07-26 00:00:00
movie,1637,116,\N,\N,\N,OK,2017-07-26 00:00:00
movie,1639,121,\N,\N,\N,OK,2017-07-26 00:00:00
movie,1640,112,\N,\N,\N,OK,2017-07-26 00:00:00
movie,1641,105,\N,\N,\N,OK,2017-07-26 00:00:00
movie,1642,114,\N,\N,\N,OK,2017-07-26 00:00:00
movie,1643,129,\N,\N,\N,OK,2017-07-26 00:00:00
movie,1644,109,\N,\N,\N,OK,2017-07-26 00:00:00
movie,1645,149,\N,\N,\N,OK,2017-07-26 00:00:00
movie,1646,123,\N,\N,\N,OK,2017-07-26 00:00:00
movie,1647,115,\N,\N,\N,OK,2017-07-26 00:00:00
movie,1648,90,\N,\N,\N,OK,2017-07-26 00:00:00
movie,1649,98,\N,\N,\N,OK,2017-07-26 00:00:00
movie,1652,92,\N,\N,\N,OK,2017-07-26 00:00:00
movie,1653,126,\N,\N,\N,OK,2017-07-26 00:00:00
movie,1654,150,\N,\N,\N,OK,2017-07-26 00:00:00
movie,1656,129,\N,\N,\N,OK,2017-07-26 00:00:00
movie,1659,89,\N,\N,\N,OK,2017-07-26 00:00:00
movie,1662,134,\N,\N,\N,OK,2017-07-26 00:00:00
movie,1665,96,\N,\N,\N,OK,2017-07-26 00:00:00
movie,1666,93,\N,\N,\N,OK,2017-07-26 00:00:00
movie,1667,80,\N,\N,\N,OK,2017-07-26 00:00:00
movie,1669,134,\N,\N,\N,OK,2017-07-26 00:00:00
movie,1672,108,\N,\N,\N,OK,2017-07-26 00:00:00
movie,1675,115,\N,\N,\N,OK,2017-07-26 00:00:00
movie,1677,152,\N,\N,\N,OK,2017-07-26 00:00:00
movie,1678,96,\N,\N,\N,OK,2017-07-26 00:00:00
movie,1680,98,\N,\N,\N,OK,2017-07-26 00:00:00
movie,1682,89,\N,\N,\N,OK,2017-07-26 00:00:00
movie,1683,99,\N,\N,\N,OK,2017-07-26 00:00:00
movie,1685,95,\N,\N,\N,OK,2017-07-26 00:00:00
movie,1687,98,\N,\N,\N,OK,2017-07-26 00:00:00
movie,1688,88,\N,\N,\N,OK,2017-07-26 00:00:00
movie,1689,140,\N,\N,\N,OK,2017-07-26 00:00:00
movie,1690,94,\N,\N,\N,OK,2017-07-26 00:00:00
movie,1691,93,\N,\N,\N,OK,2017-07-26 00:00:00
movie,1694,86,\N,\N,\N,OK,2017-07-26 00:00:00
movie,1696,107,\N,\N,\N,OK,2017-07-26 00:00:00
movie,1700,107,\N,\N,\N,OK,2017-07-26 00:00:00
movie,1701,115,\N,\N,\N,OK,2017-07-26 00:00:00
movie,1705,93,\N,\N,\N,OK,2017-07-26 00:00:00
movie,1710,124,\N,\N,\N,OK,2017-07-26 00:00:00
movie,1712,201,\N,\N,\N,OK,2017-07-26 00:00:00
movie,1713,132,\N,\N,\N,OK,2017-07-26 00:00:00
movie,1714,112,\N,\N,\N,OK,2017-07-26 00:00:00
movie,1715,126,\N,\N,\N,OK,2017-07-26 00:00:00
movie,1716,131,\N,\N,\N,OK,2017-07-26 00:00:00
movie,1717,125,\N,\N,\N,OK,2017-07-26 00:00:00
movie,1722,131,\N,\N,\N,OK,2017-07-26 00:00:00
movie,1724,114,\N,\N,\N,OK,2017-07-26 00:00:00
movie,1725,152,\N,\N,\N,OK,2017-07-26 00:00:00
movie,1726,126,\N,\N,\N,OK,2017-07-26 00:00:00
movie,1727,110,\N,\N,\N,OK,2017-07-26 00:00:00
movie,1729,104,\N,\N,\N,OK,2017-07-26 00:00:00
movie,1730,180,\N,\N,\N,OK,2017-07-26 00:00:00
movie,1734,130,\N,\N,\N,OK,2017-07-26 00:00:00
movie,1735,112,\N,\N,\N,OK,2017-07-26 00:00:00
movie,1738,96,\N,\N,\N,OK,2017-07-26 00:00:00
movie,1770,132,\N,\N,\N,OK,2017-07-26 00:00:00
movie,1771,124,\N,\N,\N,OK,2017-07-26 00:00:00
movie,1774,91,\N,\N,\N,OK,2017-07-26 00:00:00
movie,1775,91,\N,\N,\N,OK,2017-07-26 00:00:00
movie,1776,87,\N,\N,\N,OK,2017-07-26 00:00:00
movie,1777,122,\N,\N,\N,OK,2017-07-26 00:00:00
movie,1779,91,\N,\N,\N,OK,2017-07-26 00:00:00
movie,1781,100,\N,\N,\N,OK,2017-07-26 00:00:00
movie,1783,108,\N,\N,\N,OK,2017-07-26 00:00:00
movie,1786,104,\N,\N,\N,OK,2017-07-26 00:00:00
movie,1788,107,\N,\N,\N,OK,2017-07-26 00:00:00
movie,1791,131,\N,\N,\N,OK,2017-07-26 00:00:00
movie,1792,118,\N,\N,\N,OK,2017-07-26 00:00:00
movie,1793,98,\N,\N,\N,OK,2017-07-26 00:00:00
movie,1802,111,\N,\N,\N,OK,2017-07-26 00:00:00
movie,1807,81,\N,\N,\N,OK,2017-07-26 00:00:00
movie,1808,119,\N,\N,\N,OK,2017-07-26 00:00:00
movie,1809,110,\N,\N,\N,OK,2017-07-26 00:00:00
movie,1811,82,\N,\N,\N,OK,2017-07-26 00:00:00
movie,1813,144,\N,\N,\N,OK,2017-07-26 00:00:00
movie,1816,113,\N,\N,\N,OK,2017-07-26 00:00:00
movie,1817,81,\N,\N,\N,OK,2017-07-26 00:00:00
movie,1819,108,\N,\N,\N,OK,2017-07-26 00:00:00
movie,1824,99,\N,\N,\N,OK,2017-07-26 00:00:00
movie,1825,93,\N,\N,\N,OK,2017-07-26 00:00:00
movie,1830,122,\N,\N,\N,OK,2017-07-26 00:00:00
movie,1831,108,\N,\N,\N,OK,2017-07-26 00:00:00
movie,1832,130,\N,\N,\N,OK,2017-07-26 00:00:00
movie,1833,135,\N,\N,\N,OK,2017-07-26 00:00:00
movie,1843,107,\N,\N,\N,OK,2017-07-26 00:00:00
movie,1844,112,\N,\N,\N,OK,2017-07-26 00:00:00
movie,1845,96,\N,\N,\N,OK,2017-07-26 00:00:00
movie,1847,113,\N,\N,\N,OK,2017-07-26 00:00:00
movie,1850,118,\N,\N,\N,OK,2017-07-26 00:00:00
movie,1852,128,\N,\N,\N,OK,2017-07-26 00:00:00
movie,1853,81,\N,\N,\N,OK,2017-07-26 00:00:00
movie,1857,84,\N,\N,\N,OK,2017-07-26 00:00:00
movie,1858,144,\N,\N,\N,OK,2017-07-26 00:00:00
movie,1859,110,\N,\N,\N,OK,2017-07-26 00:00:00
movie,1865,136,\N,\N,\N,OK,2017-07-26 00:00:00
movie,1873,100,\N,\N,\N,OK,2017-07-26 00:00:00
movie,1878,118,\N,\N,\N,OK,2017-07-26 00:00:00
movie,1879,108,\N,\N,\N,OK,2017-07-26 00:00:00
movie,1880,114,\N,\N,\N,OK,2017-07-26 00:00:00
movie,1883,202,\N,\N,\N,OK,2017-07-26 00:00:00
movie,1884,96,\N,\N,\N,OK,2017-07-26 00:00:00
movie,1885,126,\N,\N,\N,OK,2017-07-26 00:00:00
movie,1887,123,\N,\N,\N,OK,2017-07-26 00:00:00
movie,1890,119,\N,\N,\N,OK,2017-07-26 00:00:00
movie,1891,124,\N,\N,\N,OK,2017-07-26 00:00:00
movie,1892,135,\N,\N,\N,OK,2017-07-26 00:00:00
movie,1893,136,\N,\N,\N,OK,2017-07-26 00:00:00
movie,1894,142,\N,\N,\N,OK,2017-07-26 00:00:00
movie,1895,140,\N,\N,\N,OK,2017-07-26 00:00:00
movie,1900,147,\N,\N,\N,OK,2017-07-26 00:00:00
movie,1901,109,\N,\N,\N,OK,2017-07-26 00:00:00
movie,1902,117,\N,\N,\N,OK,2017-07-26 00:00:00
movie,1903,136,\N,\N,\N,OK,2017-07-26 00:00:00
movie,1904,145,\N,\N,\N,OK,2017-07-26 00:00:00
movie,1907,119,\N,\N,\N,OK,2017-07-26 00:00:00
movie,1908,128,\N,\N,\N,OK,2017-07-26 00:00:00
movie,1909,97,\N,\N,\N,OK,2017-07-26 00:00:00
movie,1911,102,\N,\N,\N,OK,2017-07-26 00:00:00
movie,1913,125,\N,\N,\N,OK,2017-07-26 00:00:00
movie,1919,110,\N,\N,\N,OK,2017-07-26 00:00:00
movie,1921,119,\N,\N,\N,OK,2017-07-26 00:00:00
movie,1923,134,\N,\N,\N,OK,2017-07-26 00:00:00
movie,1924,143,\N,\N,\N,OK,2017-07-26 00:00:00
movie,1926,135,\N,\N,\N,OK,2017-07-26 00:00:00
movie,1927,138,\N,\N,\N,OK,2017-07-26 00:00:00
movie,1930,136,\N,\N,\N,OK,2017-07-26 00:00:00
movie,1931,114,\N,\N,\N,OK,2017-07-26 00:00:00
movie,1933,101,\N,\N,\N,OK,2017-07-26 00:00:00
movie,1934,122,\N,\N,\N,OK,2017-07-26 00:00:00
movie,1939,88,\N,\N,\N,OK,2017-07-26 00:00:00
movie,1941,208,\N,\N,\N,OK,2017-07-26 00:00:00
movie,1942,107,\N,\N,\N,OK,2017-07-26 00:00:00
movie,1944,111,\N,\N,\N,OK,2017-07-26 00:00:00
movie,1945,112,\N,\N,\N,OK,2017-07-26 00:00:00
movie,1946,97,\N,\N,\N,OK,2017-07-26 00:00:00
movie,1947,108,\N,\N,\N,OK,2017-07-26 00:00:00
movie,1948,88,\N,\N,\N,OK,2017-07-26 00:00:00
movie,1949,157,\N,\N,\N,OK,2017-07-26 00:00:00
movie,1950,124,\N,\N,\N,OK,2017-07-26 00:00:00
movie,1951,139,\N,\N,\N,OK,2017-07-26 00:00:00
movie,1954,113,\N,\N,\N,OK,2017-07-26 00:00:00
movie,1955,124,\N,\N,\N,OK,2017-07-26 00:00:00
movie,1956,103,\N,\N,\N,OK,2017-07-26 00:00:00
movie,1957,114,\N,\N,\N,OK,2017-07-26 00:00:00
movie,1958,111,\N,\N,\N,OK,2017-07-26 00:00:00
movie,1959,113,\N,\N,\N,OK,2017-07-26 00:00:00
movie,1961,86,\N,\N,\N,OK,2017-07-26 00:00:00
movie,1963,89,\N,\N,\N,OK,2017-07-26 00:00:00
movie,1965,107,\N,\N,\N,OK,2017-07-26 00:00:00
movie,1966,175,\N,\N,\N,OK,2017-07-26 00:00:00
movie,1967,117,\N,\N,\N,OK,2017-07-26 00:00:00
movie,1968,109,\N,\N,\N,OK,2017-07-26 00:00:00
movie,1969,93,\N,\N,\N,OK,2017-07-26 00:00:00
movie,1970,92,\N,\N,\N,OK,2017-07-26 00:00:00
movie,1976,103,\N,\N,\N,OK,2017-07-26 00:00:00
movie,1978,110,\N,\N,\N,OK,2017-07-26 00:00:00
movie,1979,92,\N,\N,\N,OK,2017-07-26 00:00:00
movie,1985,129,\N,\N,\N,OK,2017-07-26 00:00:00
movie,1988,100,\N,\N,\N,OK,2017-07-26 00:00:00
movie,1989,111,\N,\N,\N,OK,2017-07-26 00:00:00
movie,1990,85,\N,\N,\N,OK,2017-07-26 00:00:00
movie,1991,113,\N,\N,\N,OK,2017-07-26 00:00:00
movie,1992,105,\N,\N,\N,OK,2017-07-26 00:00:00
movie,1993,118,\N,\N,\N,OK,2017-07-26 00:00:00
movie,1995,100,\N,\N,\N,OK,2017-07-26 00:00:00
movie,1996,117,\N,\N,\N,OK,2017-07-26 00:00:00
movie,1997,109,\N,\N,\N,OK,2017-07-26 00:00:00
movie,1999,130,\N,\N,\N,OK,2017-07-26 00:00:00
movie,2000,93,\N,\N,\N,OK,2017-07-26 00:00:00
movie,2001,117,\N,\N,\N,OK,2017-07-26 00:00:00
movie,2005,100,\N,\N,\N,OK,2017-07-26 00:00:00
movie,2006,106,\N,\N,\N,OK,2017-07-26 00:00:00
movie,2007,135,\N,\N,\N,OK,2017-07-26 00:00:00
movie,2009,113,\N,\N,\N,OK,2017-07-26 00:00:00
movie,2011,95,\N,\N,\N,OK,2017-07-26 00:00:00
movie,2013,112,\N,\N,\N,OK,2017-07-26 00:00:00
movie,2014,122,\N,\N,\N,OK,2017-07-26 00:00:00
movie,2018,103,\N,\N,\N,OK,2017-07-26 00:00:00
movie,2019,97,\N,\N,\N,OK,2017-07-26 00:00:00
movie,2020,101,\N,\N,\N,OK,2017-07-26 00:00:00
movie,2021,110,\N,\N,\N,OK,2017-07-26 00:00:00
movie,2022,96,\N,\N,\N,OK,2017-07-26 00:00:00
movie,2023,136,\N,\N,\N,OK,2017-07-26 00:00:00
movie,2024,165,\N,\N,\N,OK,2017-07-26 00:00:00
movie,2026,113,\N,\N,\N,OK,2017-07-26 00:00:00
movie,2028,100,\N,\N,\N,OK,2017-07-26 00:00:00
movie,2029,108,\N,\N,\N,OK,2017-07-26 00:00:00
movie,2033,119,\N,\N,\N,OK,2017-07-26 00:00:00
movie,2034,122,\N,\N,\N,OK,2017-07-26 00:00:00
movie,2038,98,\N,\N,\N,OK,2017-07-26 00:00:00
movie,2039,102,\N,\N,\N,OK,2017-07-26 00:00:00
movie,2042,99,\N,\N,\N,OK,2017-07-26 00:00:00
movie,2043,104,\N,\N,\N,OK,2017-07-26 00:00:00
movie,2044,99,\N,\N,\N,OK,2017-07-26 00:00:00
movie,2045,106,\N,\N,\N,OK,2017-07-26 00:00:00
movie,2046,111,\N,\N,\N,OK,2017-07-26 00:00:00
movie,2047,100,\N,\N,\N,OK,2017-07-26 00:00:00
movie,2048,115,\N,\N,\N,OK,2017-07-26 00:00:00
movie,2054,137,\N,\N,\N,OK,2017-07-26 00:00:00
movie,2055,139,\N,\N,\N,OK,2017-07-26 00:00:00
movie,2056,88,\N,\N,\N,OK,2017-07-26 00:00:00
movie,2057,118,\N,\N,\N,OK,2017-07-26 00:00:00
movie,2058,100,\N,\N,\N,OK,2017-07-26 00:00:00
movie,2059,131,\N,\N,\N,OK,2017-07-26 00:00:00
movie,2061,105,\N,\N,\N,OK,2017-07-26 00:00:00
movie,2062,111,\N,\N,\N,OK,2017-07-26 00:00:00
movie,2064,103,\N,\N,\N,OK,2017-07-26 00:00:00
movie,2067,114,\N,\N,\N,OK,2017-07-26 00:00:00
movie,2069,98,\N,\N,\N,OK,2017-07-26 00:00:00
movie,2071,98,\N,\N,\N,OK,2017-07-26 00:00:00
movie,2074,92,\N,\N,\N,OK,2017-07-26 00:00:00
movie,2075,124,\N,\N,\N,OK,2017-07-26 00:00:00
movie,2077,24,\N,\N,\N,OK,2017-07-26 00:00:00
movie,2080,107,\N,\N,\N,OK,2017-07-26 00:00:00
movie,2082,109,\N,\N,\N,OK,2017-07-26 00:00:00
movie,2084,93,\N,\N,\N,OK,2017-07-26 00:00:00
movie,2085,115,\N,\N,\N,OK,2017-07-26 00:00:00
movie,2086,90,\N,\N,\N,OK,2017-07-26 00:00:00
movie,2087,115,\N,\N,\N,OK,2017-07-26 00:00:00
movie,2088,100,\N,\N,\N,OK,2017-07-26 00:00:00
movie,2099,106,\N,\N,\N,OK,2017-07-26 00:00:00
movie,2100,131,\N,\N,\N,OK,2017-07-26 00:00:00
movie,2103,99,\N,\N,\N,OK,2017-07-26 00:00:00
movie,2105,95,\N,\N,\N,OK,2017-07-26 00:00:00
movie,2107,95,\N,\N,\N,OK,2017-07-26 00:00:00
movie,2108,97,\N,\N,\N,OK,2017-07-26 00:00:00
movie,2109,98,\N,\N,\N,OK,2017-07-26 00:00:00
movie,2110,94,\N,\N,\N,OK,2017-07-26 00:00:00
movie,2112,100,\N,\N,\N,OK,2017-07-26 00:00:00
movie,2114,106,\N,\N,\N,OK,2017-07-26 00:00:00
movie,2116,105,\N,\N,\N,OK,2017-07-26 00:00:00
movie,2117,117,\N,\N,\N,OK,2017-07-26 00:00:00
movie,2118,138,\N,\N,\N,OK,2017-07-26 00:00:00
movie,2119,107,\N,\N,\N,OK,2017-07-26 00:00:00
movie,2122,98,\N,\N,\N,OK,2017-07-26 00:00:00
movie,2123,116,\N,\N,\N,OK,2017-07-26 00:00:00
movie,2124,121,\N,\N,\N,OK,2017-07-26 00:00:00
movie,2133,130,\N,\N,\N,OK,2017-07-26 00:00:00
movie,2134,103,\N,\N,\N,OK,2017-07-26 00:00:00
movie,2135,96,\N,\N,\N,OK,2017-07-26 00:00:00
movie,2140,98,\N,\N,\N,OK,2017-07-26 00:00:00
movie,2142,104,\N,\N,\N,OK,2017-07-26 00:00:00
movie,2144,93,\N,\N,\N,OK,2017-07-26 00:00:00
movie,2148,127,\N,\N,\N,OK,2017-07-26 00:00:00
movie,2149,101,\N,\N,\N,OK,2017-07-26 00:00:00
movie,2152,93,\N,\N,\N,OK,2017-07-26 00:00:00
movie,2155,124,\N,\N,\N,OK,2017-07-26 00:00:00
movie,2157,130,\N,\N,\N,OK,2017-07-26 00:00:00
movie,2160,105,\N,\N,\N,OK,2017-07-26 00:00:00
movie,2161,100,\N,\N,\N,OK,2017-07-26 00:00:00
movie,2162,101,\N,\N,\N,OK,2017-07-26 00:00:00
movie,2163,95,\N,\N,\N,OK,2017-07-26 00:00:00
movie,2164,121,\N,\N,\N,OK,2017-07-26 00:00:00
movie,2171,97,\N,\N,\N,OK,2017-07-26 00:00:00
movie,2176,106,\N,\N,\N,OK,2017-07-26 00:00:00
movie,2179,93,\N,\N,\N,OK,2017-07-26 00:00:00
movie,2182,87,\N,\N,\N,OK,2017-07-26 00:00:00
movie,2185,85,\N,\N,\N,OK,2017-07-26 00:00:00
movie,2193,97,\N,\N,\N,OK,2017-07-26 00:00:00
movie,2196,90,\N,\N,\N,OK,2017-07-26 00:00:00
movie,2207,105,\N,\N,\N,OK,2017-07-26 00:00:00
movie,2210,100,\N,\N,\N,OK,2017-07-26 00:00:00
movie,2212,102,\N,\N,\N,OK,2017-07-26 00:00:00
movie,2241,101,\N,\N,\N,OK,2017-07-26 00:00:00
movie,2246,107,\N,\N,\N,OK,2017-07-26 00:00:00
movie,2251,124,\N,\N,\N,OK,2017-07-26 00:00:00
movie,2252,100,\N,\N,\N,OK,2017-07-26 00:00:00
movie,2253,121,\N,\N,\N,OK,2017-07-26 00:00:00
movie,2255,113,\N,\N,\N,OK,2017-07-26 00:00:00
movie,2259,140,\N,\N,\N,OK,2017-07-26 00:00:00
movie,2260,107,\N,\N,\N,OK,2017-07-26 00:00:00
movie,2263,124,\N,\N,\N,OK,2017-07-26 00:00:00
movie,2266,120,\N,\N,\N,OK,2017-07-26 00:00:00
movie,2267,94,\N,\N,\N,OK,2017-07-26 00:00:00
movie,2268,113,\N,\N,\N,OK,2017-07-26 00:00:00
movie,2269,132,\N,\N,\N,OK,2017-07-26 00:00:00
movie,2270,127,\N,\N,\N,OK,2017-07-26 00:00:00
movie,2274,94,\N,\N,\N,OK,2017-07-26 00:00:00
movie,2275,116,\N,\N,\N,OK,2017-07-26 00:00:00
movie,2277,131,\N,\N,\N,OK,2017-07-26 00:00:00
movie,2280,104,\N,\N,\N,OK,2017-07-26 00:00:00
movie,2287,86,\N,\N,\N,OK,2017-07-26 00:00:00
movie,2288,104,\N,\N,\N,OK,2017-07-26 00:00:00
movie,2289,154,\N,\N,\N,OK,2017-07-26 00:00:00
movie,2290,120,\N,\N,\N,OK,2017-07-26 00:00:00
movie,2291,113,\N,\N,\N,OK,2017-07-26 00:00:00
movie,2292,92,\N,\N,\N,OK,2017-07-26 00:00:00
movie,2293,94,\N,\N,\N,OK,2017-07-26 00:00:00
movie,2294,104,\N,\N,\N,OK,2017-07-26 00:00:00
movie,2295,97,\N,\N,\N,OK,2017-07-26 00:00:00
movie,2300,88,\N,\N,\N,OK,2017-07-26 00:00:00
movie,2302,126,\N,\N,\N,OK,2017-07-26 00:00:00
movie,2307,94,\N,\N,\N,OK,2017-07-26 00:00:00
movie,2309,106,\N,\N,\N,OK,2017-07-26 00:00:00
movie,2310,115,\N,\N,\N,OK,2017-07-26 00:00:00
movie,2312,127,\N,\N,\N,OK,2017-07-26 00:00:00
movie,2313,102,\N,\N,\N,OK,2017-07-26 00:00:00
movie,2320,133,\N,\N,\N,OK,2017-07-26 00:00:00
movie,2321,104,\N,\N,\N,OK,2017-07-26 00:00:00
movie,2322,126,\N,\N,\N,OK,2017-07-26 00:00:00
movie,2323,107,\N,\N,\N,OK,2017-07-26 00:00:00
movie,2330,86,\N,\N,\N,OK,2017-07-26 00:00:00
movie,2332,82,\N,\N,\N,OK,2017-07-26 00:00:00
movie,2334,82,\N,\N,\N,OK,2017-07-26 00:00:00
movie,2335,91,\N,\N,\N,OK,2017-07-26 00:00:00
movie,2355,124,\N,\N,\N,OK,2017-07-26 00:00:00
movie,2357,81,\N,\N,\N,OK,2017-07-26 00:00:00
movie,2359,123,\N,\N,\N,OK,2017-07-26 00:00:00
movie,2360,93,\N,\N,\N,OK,2017-07-26 00:00:00
movie,2362,88,\N,\N,\N,OK,2017-07-26 00:00:00
movie,2370,143,\N,\N,\N,OK,2017-07-26 00:00:00
movie,2383,94,\N,\N,\N,OK,2017-07-26 00:00:00
movie,2395,116,\N,\N,\N,OK,2017-07-26 00:00:00
movie,2428,199,\N,\N,\N,OK,2017-07-26 00:00:00
movie,2436,89,\N,\N,\N,OK,2017-07-26 00:00:00
movie,2438,104,\N,\N,\N,OK,2017-07-26 00:00:00
movie,2440,110,\N,\N,\N,OK,2017-07-26 00:00:00
movie,2447,101,\N,\N,\N,OK,2017-07-26 00:00:00
movie,2453,98,\N,\N,\N,OK,2017-07-26 00:00:00
movie,2454,150,\N,\N,\N,OK,2017-07-26 00:00:00
movie,2469,111,\N,\N,\N,OK,2017-07-26 00:00:00
movie,2470,109,\N,\N,\N,OK,2017-07-26 00:00:00
movie,2486,104,\N,\N,\N,OK,2017-07-26 00:00:00
movie,2493,98,\N,\N,\N,OK,2017-07-26 00:00:00
movie,2501,119,\N,\N,\N,OK,2017-07-26 00:00:00
movie,2502,108,\N,\N,\N,OK,2017-07-26 00:00:00
movie,2503,115,\N,\N,\N,OK,2017-07-26 00:00:00
movie,2517,141,\N,\N,\N,OK,2017-07-26 00:00:00
movie,2528,136,\N,\N,\N,OK,2017-07-26 00:00:00
movie,2539,130,\N,\N,\N,OK,2017-07-26 00:00:00
movie,2546,89,\N,\N,\N,OK,2017-07-26 00:00:00
movie,2565,102,\N,\N,\N,OK,2017-07-26 00:00:00
movie,2567,170,\N,\N,\N,OK,2017-07-26 00:00:00
movie,2575,109,\N,\N,\N,OK,2017-07-26 00:00:00
movie,2576,180,\N,\N,\N,OK,2017-07-26 00:00:00
movie,2577,92,\N,\N,\N,OK,2017-07-26 00:00:00
movie,2604,145,\N,\N,\N,OK,2017-07-26 00:00:00
movie,2605,98,\N,\N,\N,OK,2017-07-26 00:00:00
movie,2608,93,\N,\N,\N,OK,2017-07-26 00:00:00
movie,2609,93,\N,\N,\N,OK,2017-07-26 00:00:00
movie,2610,104,\N,\N,\N,OK,2017-07-26 00:00:00
movie,2611,104,\N,\N,\N,OK,2017-07-26 00:00:00
movie,2612,110,\N,\N,\N,OK,2017-07-26 00:00:00
movie,2613,105,\N,\N,\N,OK,2017-07-26 00:00:00
movie,2614,120,\N,\N,\N,OK,2017-07-26 00:00:00
movie,2616,100,\N,\N,\N,OK,2017-07-26 00:00:00
movie,2617,91,\N,\N,\N,OK,2017-07-26 00:00:00
movie,2619,111,\N,\N,\N,OK,2017-07-26 00:00:00
movie,2620,88,\N,\N,\N,OK,2017-07-26 00:00:00
movie,2621,115,\N,\N,\N,OK,2017-07-26 00:00:00
movie,2623,124,\N,\N,\N,OK,2017-07-26 00:00:00
movie,2636,110,\N,\N,\N,OK,2017-07-26 00:00:00
movie,2637,119,\N,\N,\N,OK,2017-07-26 00:00:00
movie,2639,96,\N,\N,\N,OK,2017-07-26 00:00:00
movie,2640,102,\N,\N,\N,OK,2017-07-26 00:00:00
movie,2642,101,\N,\N,\N,OK,2017-07-26 00:00:00
movie,2649,129,\N,\N,\N,OK,2017-07-26 00:00:00
movie,2652,103,\N,\N,\N,OK,2017-07-26 00:00:00
movie,2654,95,\N,\N,\N,OK,2017-07-26 00:00:00
movie,2655,130,\N,\N,\N,OK,2017-07-26 00:00:00
movie,2657,124,\N,\N,\N,OK,2017-07-26 00:00:00
movie,2661,105,\N,\N,\N,OK,2017-07-26 00:00:00
movie,2662,89,\N,\N,\N,OK,2017-07-26 00:00:00
movie,2665,85,\N,\N,\N,OK,2017-07-26 00:00:00
movie,2666,100,\N,\N,\N,OK,2017-07-26 00:00:00
movie,2667,81,\N,\N,\N,OK,2017-07-26 00:00:00
movie,2668,105,\N,\N,\N,OK,2017-07-26 00:00:00
movie,2669,132,\N,\N,\N,OK,2017-07-26 00:00:00
movie,2671,96,\N,\N,\N,OK,2017-07-26 00:00:00
movie,2675,106,\N,\N,\N,OK,2017-07-26 00:00:00
movie,2687,99,\N,\N,\N,OK,2017-07-26 00:00:00
movie,2690,135,\N,\N,\N,OK,2017-07-26 00:00:00
movie,2698,96,\N,\N,\N,OK,2017-07-26 00:00:00
movie,2721,127,\N,\N,\N,OK,2017-07-26 00:00:00
movie,2731,148,\N,\N,\N,OK,2017-07-26 00:00:00
movie,2742,115,\N,\N,\N,OK,2017-07-26 00:00:00
movie,2749,120,\N,\N,\N,OK,2017-07-26 00:00:00
movie,2750,117,\N,\N,\N,OK,2017-07-26 00:00:00
movie,2752,94,\N,\N,\N,OK,2017-07-26 00:00:00
movie,2755,125,\N,\N,\N,OK,2017-07-26 00:00:00
movie,2756,139,\N,\N,\N,OK,2017-07-26 00:00:00
movie,2757,114,\N,\N,\N,OK,2017-07-26 00:00:00
movie,2758,94,\N,\N,\N,OK,2017-07-26 00:00:00
movie,2759,104,\N,\N,\N,OK,2017-07-26 00:00:00
movie,2760,99,\N,\N,\N,OK,2017-07-26 00:00:00
movie,2761,86,\N,\N,\N,OK,2017-07-26 00:00:00
movie,2768,117,\N,\N,\N,OK,2017-07-26 00:00:00
movie,2769,113,\N,\N,\N,OK,2017-07-26 00:00:00
movie,2770,108,\N,\N,\N,OK,2017-07-26 00:00:00
movie,2771,101,\N,\N,\N,OK,2017-07-26 00:00:00
movie,2779,103,\N,\N,\N,OK,2017-07-26 00:00:00
movie,2786,110,\N,\N,\N,OK,2017-07-26 00:00:00
movie,2787,108,\N,\N,\N,OK,2017-07-26 00:00:00
movie,2788,99,\N,\N,\N,OK,2017-07-26 00:00:00
movie,2789,119,\N,\N,\N,OK,2017-07-26 00:00:00
movie,2798,85,\N,\N,\N,OK,2017-07-26 00:00:00
movie,2800,97,\N,\N,\N,OK,2017-07-26 00:00:00
movie,2830,83,\N,\N,\N,OK,2017-07-26 00:00:00
movie,2832,90,\N,\N,\N,OK,2017-07-26 00:00:00
movie,2841,133,\N,\N,\N,OK,2017-07-26 00:00:00
movie,2860,105,\N,\N,\N,OK,2017-07-26 00:00:00
movie,2887,140,\N,\N,\N,OK,2017-07-26 00:00:00
movie,2891,158,\N,\N,\N,OK,2017-07-26 00:00:00
movie,2892,105,\N,\N,\N,OK,2017-07-26 00:00:00
movie,2894,129,\N,\N,\N,OK,2017-07-26 00:00:00
movie,2895,134,\N,\N,\N,OK,2017-07-26 00:00:00
movie,2897,167,\N,\N,\N,OK,2017-07-26 00:00:00
movie,2898,139,\N,\N,\N,OK,2017-07-26 00:00:00
movie,2899,108,\N,\N,\N,OK,2017-07-26 00:00:00
movie,2900,109,\N,\N,\N,OK,2017-07-26 00:00:00
movie,2907,99,\N,\N,\N,OK,2017-07-26 00:00:00
movie,2923,94,\N,\N,\N,OK,2017-07-26 00:00:00
movie,2924,137,\N,\N,\N,OK,2017-07-26 00:00:00
movie,2925,102,\N,\N,\N,OK,2017-07-26 00:00:00
movie,2926,105,\N,\N,\N,OK,2017-07-26 00:00:00
movie,2928,105,\N,\N,\N,OK,2017-07-26 00:00:00
movie,2959,91,\N,\N,\N,OK,2017-07-26 00:00:00
movie,2973,120,\N,\N,\N,OK,2017-07-26 00:00:00
movie,2976,117,\N,\N,\N,OK,2017-07-26 00:00:00
movie,2977,120,\N,\N,\N,OK,2017-07-26 00:00:00
movie,2978,108,\N,\N,\N,OK,2017-07-26 00:00:00
movie,2990,102,\N,\N,\N,OK,2017-07-26 00:00:00
movie,2998,113,\N,\N,\N,OK,2017-07-26 00:00:00
movie,3001,123,\N,\N,\N,OK,2017-07-26 00:00:00
movie,3009,118,\N,\N,\N,OK,2017-07-26 00:00:00
movie,3019,98,\N,\N,\N,OK,2017-07-26 00:00:00
movie,3021,104,\N,\N,\N,OK,2017-07-26 00:00:00
movie,3022,113,\N,\N,\N,OK,2017-07-26 00:00:00
movie,3033,105,\N,\N,\N,OK,2017-07-26 00:00:00
movie,3034,106,\N,\N,\N,OK,2017-07-26 00:00:00
movie,3035,71,\N,\N,\N,OK,2017-07-26 00:00:00
movie,3036,123,\N,\N,\N,OK,2017-07-26 00:00:00
movie,3040,114,\N,\N,\N,OK,2017-07-26 00:00:00
movie,3049,86,\N,\N,\N,OK,2017-07-26 00:00:00
movie,3050,85,\N,\N,\N,OK,2017-07-26 00:00:00
movie,3053,108,\N,\N,\N,OK,2017-07-26 00:00:00
movie,3059,197,\N,\N,\N,OK,2017-07-26 00:00:00
movie,3062,89,\N,\N,\N,OK,2017-07-26 00:00:00
movie,3063,68,\N,\N,\N,OK,2017-07-26 00:00:00
movie,3064,108,\N,\N,\N,OK,2017-07-26 00:00:00
movie,3065,73,\N,\N,\N,OK,2017-07-26 00:00:00
movie,3072,82,\N,\N,\N,OK,2017-07-26 00:00:00
movie,3073,83,\N,\N,\N,OK,2017-07-26 00:00:00
movie,3075,98,\N,\N,\N,OK,2017-07-26 00:00:00
movie,3076,74,\N,\N,\N,OK,2017-07-26 00:00:00
movie,3078,105,\N,\N,\N,OK,2017-07-26 00:00:00
movie,3079,82,\N,\N,\N,OK,2017-07-26 00:00:00
movie,3080,101,\N,\N,\N,OK,2017-07-26 00:00:00
movie,3082,87,\N,\N,\N,OK,2017-07-26 00:00:00
movie,3083,129,\N,\N,\N,OK,2017-07-26 00:00:00
movie,3084,104,\N,\N,\N,OK,2017-07-26 00:00:00
movie,3085,92,\N,\N,\N,OK,2017-07-26 00:00:00
movie,3086,97,\N,\N,\N,OK,2017-07-26 00:00:00
movie,3087,126,\N,\N,\N,OK,2017-07-26 00:00:00
movie,3089,133,\N,\N,\N,OK,2017-07-26 00:00:00
movie,3090,126,\N,\N,\N,OK,2017-07-26 00:00:00
movie,3093,114,\N,\N,\N,OK,2017-07-26 00:00:00
movie,3101,94,\N,\N,\N,OK,2017-07-26 00:00:00
movie,3109,129,\N,\N,\N,OK,2017-07-26 00:00:00
movie,3110,118,\N,\N,\N,OK,2017-07-26 00:00:00
movie,3111,181,\N,\N,\N,OK,2017-07-26 00:00:00
movie,3112,93,\N,\N,\N,OK,2017-07-26 00:00:00
movie,3114,119,\N,\N,\N,OK,2017-07-26 00:00:00
movie,3116,113,\N,\N,\N,OK,2017-07-26 00:00:00
movie,3118,100,\N,\N,\N,OK,2017-07-26 00:00:00
movie,3121,159,\N,\N,\N,OK,2017-07-26 00:00:00
movie,3131,167,\N,\N,\N,OK,2017-07-26 00:00:00
movie,3132,116,\N,\N,\N,OK,2017-07-26 00:00:00
movie,3133,94,\N,\N,\N,OK,2017-07-26 00:00:00
movie,3134,77,\N,\N,\N,OK,2017-07-26 00:00:00
movie,3170,70,\N,\N,\N,OK,2017-07-26 00:00:00
movie,3172,123,\N,\N,\N,OK,2017-07-26 00:00:00
movie,3175,184,\N,\N,\N,OK,2017-07-26 00:00:00
movie,3176,114,\N,\N,\N,OK,2017-07-26 00:00:00
movie,3177,155,\N,\N,\N,OK,2017-07-26 00:00:00
movie,3179,81,\N,\N,\N,OK,2017-07-26 00:00:00
movie,3291,93,\N,\N,\N,OK,2017-07-26 00:00:00
movie,3293,97,\N,\N,\N,OK,2017-07-26 00:00:00
movie,3309,111,\N,\N,\N,OK,2017-07-26 00:00:00
movie,3396,80,\N,\N,\N,OK,2017-07-26 00:00:00
movie,3432,120,\N,\N,\N,OK,2017-07-26 00:00:00
movie,3472,97,\N,\N,\N,OK,2017-07-26 00:00:00
movie,3486,108,\N,\N,\N,OK,2017-07-26 00:00:00
movie,3509,100,\N,\N,\N,OK,2017-07-26 00:00:00
movie,3512,100,\N,\N,\N,OK,2017-07-26 00:00:00
movie,3513,98,\N,\N,\N,OK,2017-07-26 00:00:00
movie,3525,114,\N,\N,\N,OK,2017-07-26 00:00:00
movie,3526,140,\N,\N,\N,OK,2017-07-26 00:00:00
movie,3529,93,\N,\N,\N,OK,2017-07-26 00:00:00
movie,3536,116,\N,\N,\N,OK,2017-07-26 00:00:00
movie,3537,134,\N,\N,\N,OK,2017-07-26 00:00:00
movie,3543,95,\N,\N,\N,OK,2017-07-26 00:00:00
movie,3549,124,\N,\N,\N,OK,2017-07-26 00:00:00
movie,3558,127,\N,\N,\N,OK,2017-07-26 00:00:00
movie,3563,115,\N,\N,\N,OK,2017-07-26 00:00:00
movie,3573,121,\N,\N,\N,OK,2017-07-26 00:00:00
movie,3580,141,\N,\N,\N,OK,2017-07-26 00:00:00
movie,3586,133,\N,\N,\N,OK,2017-07-26 00:00:00
movie,3587,110,\N,\N,\N,OK,2017-07-26 00:00:00
movie,3594,101,\N,\N,\N,OK,2017-07-26 00:00:00
movie,3595,117,\N,\N,\N,OK,2017-07-26 00:00:00
movie,3597,100,\N,\N,\N,OK,2017-07-26 00:00:00
movie,3598,97,\N,\N,\N,OK,2017-07-26 00:00:00
movie,3600,100,\N,\N,\N,OK,2017-07-26 00:00:00
movie,3603,87,\N,\N,\N,OK,2017-07-26 00:00:00
movie,3604,111,\N,\N,\N,OK,2017-07-26 00:00:00
movie,3635,101,\N,\N,\N,OK,2017-07-26 00:00:00
movie,3638,104,\N,\N,\N,OK,2017-07-26 00:00:00
movie,3640,106,\N,\N,\N,OK,2017-07-26 00:00:00
movie,3681,108,\N,\N,\N,OK,2017-07-26 00:00:00
movie,3682,106,\N,\N,\N,OK,2017-07-26 00:00:00
movie,3683,132,\N,\N,\N,OK,2017-07-26 00:00:00
movie,3716,100,\N,\N,\N,OK,2017-07-26 00:00:00
movie,3763,103,\N,\N,\N,OK,2017-07-26 00:00:00
movie,3766,87,\N,\N,\N,OK,2017-07-26 00:00:00
movie,3767,110,\N,\N,\N,OK,2017-07-26 00:00:00
movie,3777,110,\N,\N,\N,OK,2017-07-26 00:00:00
movie,3780,185,\N,\N,\N,OK,2017-07-26 00:00:00
movie,3782,143,\N,\N,\N,OK,2017-07-26 00:00:00
movie,3784,118,\N,\N,\N,OK,2017-07-26 00:00:00
movie,3786,98,\N,\N,\N,OK,2017-07-26 00:00:00
movie,3870,317,\N,\N,\N,OK,2017-07-26 00:00:00
movie,3875,117,\N,\N,\N,OK,2017-07-26 00:00:00
movie,3902,135,\N,\N,\N,OK,2017-07-26 00:00:00
movie,3933,77,\N,\N,\N,OK,2017-07-26 00:00:00
movie,3934,84,\N,\N,\N,OK,2017-07-26 00:00:00
movie,3980,82,\N,\N,\N,OK,2017-07-26 00:00:00
movie,3981,127,\N,\N,\N,OK,2017-07-26 00:00:00
movie,3989,98,\N,\N,\N,OK,2017-07-26 00:00:00
movie,4011,92,\N,\N,\N,OK,2017-07-26 00:00:00
movie,4012,98,\N,\N,\N,OK,2017-07-26 00:00:00
movie,4031,117,\N,\N,\N,OK,2017-07-26 00:00:00
movie,4032,102,\N,\N,\N,OK,2017-07-26 00:00:00
movie,4043,102,\N,\N,\N,OK,2017-07-26 00:00:00
movie,4104,98,\N,\N,\N,OK,2017-07-26 00:00:00
movie,4105,125,\N,\N,\N,OK,2017-07-26 00:00:00
movie,4107,107,\N,\N,\N,OK,2017-07-26 00:00:00
movie,4108,92,\N,\N,\N,OK,2017-07-26 00:00:00
movie,4133,124,\N,\N,\N,OK,2017-07-26 00:00:00
movie,4141,86,\N,\N,\N,OK,2017-07-26 00:00:00
movie,4147,117,\N,\N,\N,OK,2017-07-26 00:00:00
movie,4148,119,\N,\N,\N,OK,2017-07-26 00:00:00
movie,4169,110,\N,\N,\N,OK,2017-07-26 00:00:00
movie,4174,111,\N,\N,\N,OK,2017-07-26 00:00:00
movie,4176,128,\N,\N,\N,OK,2017-07-26 00:00:00
movie,4180,106,\N,\N,\N,OK,2017-07-26 00:00:00
movie,4192,140,\N,\N,\N,OK,2017-07-26 00:00:00
movie,4203,88,\N,\N,\N,OK,2017-07-26 00:00:00
movie,4232,111,\N,\N,\N,OK,2017-07-26 00:00:00
movie,4233,120,\N,\N,\N,OK,2017-07-26 00:00:00
movie,4234,116,\N,\N,\N,OK,2017-07-26 00:00:00
movie,4241,84,\N,\N,\N,OK,2017-07-26 00:00:00
movie,4244,104,\N,\N,\N,OK,2017-07-26 00:00:00
movie,4247,88,\N,\N,\N,OK,2017-07-26 00:00:00
movie,4248,83,\N,\N,\N,OK,2017-07-26 00:00:00
movie,4256,84,\N,\N,\N,OK,2017-07-26 00:00:00
movie,4257,83,\N,\N,\N,OK,2017-07-26 00:00:00
movie,4258,86,\N,\N,\N,OK,2017-07-26 00:00:00
movie,4271,90,\N,\N,\N,OK,2017-07-26 00:00:00
movie,4283,93,\N,\N,\N,OK,2017-07-26 00:00:00
movie,4291,117,\N,\N,\N,OK,2017-07-26 00:00:00
movie,4296,108,\N,\N,\N,OK,2017-07-26 00:00:00
movie,4307,107,\N,\N,\N,OK,2017-07-26 00:00:00
movie,4327,98,\N,\N,\N,OK,2017-07-26 00:00:00
movie,4347,123,\N,\N,\N,OK,2017-07-26 00:00:00
movie,4348,135,\N,\N,\N,OK,2017-07-26 00:00:00
movie,4349,110,\N,\N,\N,OK,2017-07-26 00:00:00
movie,4365,87,\N,\N,\N,OK,2017-07-26 00:00:00
movie,4379,101,\N,\N,\N,OK,2017-07-26 00:00:00
movie,4380,107,\N,\N,\N,OK,2017-07-26 00:00:00
movie,4413,122,\N,\N,\N,OK,2017-07-26 00:00:00
movie,4415,134,\N,\N,\N,OK,2017-07-26 00:00:00
movie,4421,125,\N,\N,\N,OK,2017-07-26 00:00:00
movie,4437,116,\N,\N,\N,OK,2017-07-26 00:00:00
movie,4441,116,\N,\N,\N,OK,2017-07-26 00:00:00
movie,4442,118,\N,\N,\N,OK,2017-07-26 00:00:00
movie,4464,141,\N,\N,\N,OK,2017-07-26 00:00:00
movie,4474,95,\N,\N,\N,OK,2017-07-26 00:00:00
movie,4475,98,\N,\N,\N,OK,2017-07-26 00:00:00
movie,4476,133,\N,\N,\N,OK,2017-07-26 00:00:00
movie,4477,107,\N,\N,\N,OK,2017-07-26 00:00:00
movie,4478,117,\N,\N,\N,OK,2017-07-26 00:00:00
movie,4480,120,\N,\N,\N,OK,2017-07-26 00:00:00
movie,4481,120,\N,\N,\N,OK,2017-07-26 00:00:00
movie,4482,95,\N,\N,\N,OK,2017-07-26 00:00:00
movie,4483,122,\N,\N,\N,OK,2017-07-26 00:00:00
movie,4484,99,\N,\N,\N,OK,2017-07-26 00:00:00
movie,4485,117,\N,\N,\N,OK,2017-07-26 00:00:00
movie,4486,119,\N,\N,\N,OK,2017-07-26 00:00:00
movie,4488,95,\N,\N,\N,OK,2017-07-26 00:00:00
movie,4497,90,\N,\N,\N,OK,2017-07-26 00:00:00
movie,4512,160,\N,\N,\N,OK,2017-07-26 00:00:00
movie,4513,113,\N,\N,\N,OK,2017-07-26 00:00:00
movie,4515,92,\N,\N,\N,OK,2017-07-26 00:00:00
movie,4517,114,\N,\N,\N,OK,2017-07-26 00:00:00
movie,4518,124,\N,\N,\N,OK,2017-07-26 00:00:00
movie,4520,86,\N,\N,\N,OK,2017-07-26 00:00:00
movie,4523,107,\N,\N,\N,OK,2017-07-26 00:00:00
movie,4538,91,\N,\N,\N,OK,2017-07-26 00:00:00
movie,4539,96,\N,\N,\N,OK,2017-07-26 00:00:00
movie,4543,107,\N,\N,\N,OK,2017-07-26 00:00:00
movie,4547,111,\N,\N,\N,OK,2017-07-26 00:00:00
movie,4550,115,\N,\N,\N,OK,2017-07-26 00:00:00
movie,4551,118,\N,\N,\N,OK,2017-07-26 00:00:00
movie,4552,115,\N,\N,\N,OK,2017-07-26 00:00:00
movie,4553,101,\N,\N,\N,OK,2017-07-26 00:00:00
movie,4561,97,\N,\N,\N,OK,2017-07-26 00:00:00
movie,4564,145,\N,\N,\N,OK,2017-07-26 00:00:00
movie,4566,119,\N,\N,\N,OK,2017-07-26 00:00:00
movie,4584,136,\N,\N,\N,OK,2017-07-26 00:00:00
movie,4587,110,\N,\N,\N,OK,2017-07-26 00:00:00
movie,4588,156,\N,\N,\N,OK,2017-07-26 00:00:00
movie,4593,101,\N,\N,\N,OK,2017-07-26 00:00:00
movie,4595,76,\N,\N,\N,OK,2017-07-26 00:00:00
movie,4599,119,\N,\N,\N,OK,2017-07-26 00:00:00
movie,4613,95,\N,\N,\N,OK,2017-07-26 00:00:00
movie,4614,124,\N,\N,\N,OK,2017-07-26 00:00:00
movie,4627,120,\N,\N,\N,OK,2017-07-26 00:00:00
movie,4629,105,\N,\N,\N,OK,2017-07-26 00:00:00
movie,4638,121,\N,\N,\N,OK,2017-07-26 00:00:00
movie,4639,95,\N,\N,\N,OK,2017-07-26 00:00:00
movie,4643,139,\N,\N,\N,OK,2017-07-26 00:00:00
movie,4688,133,\N,\N,\N,OK,2017-07-26 00:00:00
movie,4689,121,\N,\N,\N,OK,2017-07-26 00:00:00
movie,4722,87,\N,\N,\N,OK,2017-07-26 00:00:00
movie,4723,144,\N,\N,\N,OK,2017-07-26 00:00:00
movie,4771,113,\N,\N,\N,OK,2017-07-26 00:00:00
movie,4780,98,\N,\N,\N,OK,2017-07-26 00:00:00
movie,4787,108,\N,\N,\N,OK,2017-07-26 00:00:00
movie,4789,95,\N,\N,\N,OK,2017-07-26 00:00:00
movie,4806,116,\N,\N,\N,OK,2017-07-26 00:00:00
movie,4808,113,\N,\N,\N,OK,2017-07-26 00:00:00
movie,4816,116,\N,\N,\N,OK,2017-07-26 00:00:00
movie,4823,117,\N,\N,\N,OK,2017-07-26 00:00:00
movie,4824,124,\N,\N,\N,OK,2017-07-26 00:00:00
movie,4825,150,\N,\N,\N,OK,2017-07-26 00:00:00
movie,4832,95,\N,\N,\N,OK,2017-07-26 00:00:00
movie,4836,105,\N,\N,\N,OK,2017-07-26 00:00:00
movie,4837,89,\N,\N,\N,OK,2017-07-26 00:00:00
movie,4858,99,\N,\N,\N,OK,2017-07-26 00:00:00
movie,4886,97,\N,\N,\N,OK,2017-07-26 00:00:00
movie,4909,143,\N,\N,\N,OK,2017-07-26 00:00:00
movie,4911,118,\N,\N,\N,OK,2017-07-26 00:00:00
movie,4912,113,\N,\N,\N,OK,2017-07-26 00:00:00
movie,4917,91,\N,\N,\N,OK,2017-07-26 00:00:00
movie,4918,119,\N,\N,\N,OK,2017-07-26 00:00:00
movie,4922,166,\N,\N,\N,OK,2017-07-26 00:00:00
movie,4929,114,\N,\N,\N,OK,2017-07-26 00:00:00
movie,4935,119,\N,\N,\N,OK,2017-07-26 00:00:00
movie,4939,100,\N,\N,\N,OK,2017-07-26 00:00:00
movie,4942,114,\N,\N,\N,OK,2017-07-26 00:00:00
movie,4944,96,\N,\N,\N,OK,2017-07-26 00:00:00
movie,4951,97,\N,\N,\N,OK,2017-07-26 00:00:00
movie,4952,102,\N,\N,\N,OK,2017-07-26 00:00:00
movie,4953,102,\N,\N,\N,OK,2017-07-26 00:00:00
movie,4954,101,\N,\N,\N,OK,2017-07-26 00:00:00
movie,4958,126,\N,\N,\N,OK,2017-07-26 00:00:00
movie,4959,118,\N,\N,\N,OK,2017-07-26 00:00:00
movie,4960,124,\N,\N,\N,OK,2017-07-26 00:00:00
movie,4961,105,\N,\N,\N,OK,2017-07-26 00:00:00
movie,4964,129,\N,\N,\N,OK,2017-07-26 00:00:00
movie,4965,102,\N,\N,\N,OK,2017-07-26 00:00:00
movie,4967,127,\N,\N,\N,OK,2017-07-26 00:00:00
movie,4970,98,\N,\N,\N,OK,2017-07-26 00:00:00
movie,4972,100,\N,\N,\N,OK,2017-07-26 00:00:00
movie,4973,92,\N,\N,\N,OK,2017-07-26 00:00:00
movie,4975,90,\N,\N,\N,OK,2017-07-26 00:00:00
movie,4977,90,\N,\N,\N,OK,2017-07-26 00:00:00
movie,4978,80,\N,\N,\N,OK,2017-07-26 00:00:00
movie,4982,157,\N,\N,\N,OK,2017-07-26 00:00:00
movie,4985,121,\N,\N,\N,OK,2017-07-26 00:00:00
movie,4986,93,\N,\N,\N,OK,2017-07-26 00:00:00
movie,4995,155,\N,\N,\N,OK,2017-07-26 00:00:00
movie,4997,104,\N,\N,\N,OK,2017-07-26 00:00:00
movie,5000,86,\N,\N,\N,OK,2017-07-26 00:00:00
movie,5001,134,\N,\N,\N,OK,2017-07-26 00:00:00
movie,5038,96,\N,\N,\N,OK,2017-07-26 00:00:00
movie,5052,119,\N,\N,\N,OK,2017-07-26 00:00:00
movie,5055,103,\N,\N,\N,OK,2017-07-26 00:00:00
movie,5061,90,\N,\N,\N,OK,2017-07-26 00:00:00
movie,5072,96,\N,\N,\N,OK,2017-07-26 00:00:00
movie,5121,110,\N,\N,\N,OK,2017-07-26 00:00:00
movie,5122,144,\N,\N,\N,OK,2017-07-26 00:00:00
movie,5123,114,\N,\N,\N,OK,2017-07-26 00:00:00
movie,5137,107,\N,\N,\N,OK,2017-07-26 00:00:00
movie,5143,107,\N,\N,\N,OK,2017-07-26 00:00:00
movie,5146,98,\N,\N,\N,OK,2017-07-26 00:00:00
movie,5156,93,\N,\N,\N,OK,2017-07-26 00:00:00
movie,5165,143,\N,\N,\N,OK,2017-07-26 00:00:00
movie,5168,104,\N,\N,\N,OK,2017-07-26 00:00:00
movie,5172,104,\N,\N,\N,OK,2017-07-26 00:00:00
movie,5174,91,\N,\N,\N,OK,2017-07-26 00:00:00
movie,5175,90,\N,\N,\N,OK,2017-07-26 00:00:00
movie,5176,122,\N,\N,\N,OK,2017-07-26 00:00:00
movie,5179,116,\N,\N,\N,OK,2017-07-26 00:00:00
movie,5185,125,\N,\N,\N,OK,2017-07-26 00:00:00
movie,5203,105,\N,\N,\N,OK,2017-07-26 00:00:00
movie,5204,105,\N,\N,\N,OK,2017-07-26 00:00:00
movie,5205,85,\N,\N,\N,OK,2017-07-26 00:00:00
movie,5206,95,\N,\N,\N,OK,2017-07-26 00:00:00
movie,5236,103,\N,\N,\N,OK,2017-07-26 00:00:00
movie,5241,104,\N,\N,\N,OK,2017-07-26 00:00:00
movie,5255,100,\N,\N,\N,OK,2017-07-26 00:00:00
movie,5257,101,\N,\N,\N,OK,2017-07-26 00:00:00
movie,5259,83,\N,\N,\N,OK,2017-07-26 00:00:00
movie,5279,137,\N,\N,\N,OK,2017-07-26 00:00:00
movie,5289,106,\N,\N,\N,OK,2017-07-26 00:00:00
movie,5336,116,\N,\N,\N,OK,2017-07-26 00:00:00
movie,5353,101,\N,\N,\N,OK,2017-07-26 00:00:00
movie,5434,97,\N,\N,\N,OK,2017-07-26 00:00:00
movie,5470,95,\N,\N,\N,OK,2017-07-26 00:00:00
movie,5471,103,\N,\N,\N,OK,2017-07-26 00:00:00
movie,5488,105,\N,\N,\N,OK,2017-07-26 00:00:00
movie,5491,118,\N,\N,\N,OK,2017-07-26 00:00:00
movie,5493,116,\N,\N,\N,OK,2017-07-26 00:00:00
movie,5503,130,\N,\N,\N,OK,2017-07-26 00:00:00
movie,5506,91,\N,\N,\N,OK,2017-07-26 00:00:00
movie,5511,105,\N,\N,\N,OK,2017-07-26 00:00:00
movie,5516,104,\N,\N,\N,OK,2017-07-26 00:00:00
movie,5528,96,\N,\N,\N,OK,2017-07-26 00:00:00
movie,5544,90,\N,\N,\N,OK,2017-07-26 00:00:00
movie,5548,102,\N,\N,\N,OK,2017-07-26 00:00:00
movie,5549,117,\N,\N,\N,OK,2017-07-26 00:00:00
movie,5550,104,\N,\N,\N,OK,2017-07-26 00:00:00
movie,5551,130,\N,\N,\N,OK,2017-07-26 00:00:00
movie,5559,91,\N,\N,\N,OK,2017-07-26 00:00:00
movie,5622,128,\N,\N,\N,OK,2017-07-26 00:00:00
movie,5653,123,\N,\N,\N,OK,2017-07-26 00:00:00
movie,5683,90,\N,\N,\N,OK,2017-07-26 00:00:00
movie,5689,104,\N,\N,\N,OK,2017-07-26 00:00:00
movie,5693,114,\N,\N,\N,OK,2017-07-26 00:00:00
movie,5698,12,\N,\N,\N,OK,2017-07-26 00:00:00
movie,5708,121,\N,\N,\N,OK,2017-07-26 00:00:00
movie,5709,85,\N,\N,\N,OK,2017-07-26 00:00:00
movie,5718,93,\N,\N,\N,OK,2017-07-26 00:00:00
movie,5722,109,\N,\N,\N,OK,2017-07-26 00:00:00
movie,5723,85,\N,\N,\N,OK,2017-07-26 00:00:00
movie,5757,86,\N,\N,\N,OK,2017-07-26 00:00:00
movie,5769,128,\N,\N,\N,OK,2017-07-26 00:00:00
movie,5780,128,\N,\N,\N,OK,2017-07-26 00:00:00
movie,5781,105,\N,\N,\N,OK,2017-07-26 00:00:00
movie,5801,125,\N,\N,\N,OK,2017-07-26 00:00:00
movie,5820,108,\N,\N,\N,OK,2017-07-26 00:00:00
movie,5825,97,\N,\N,\N,OK,2017-07-26 00:00:00
movie,5842,130,\N,\N,\N,OK,2017-07-26 00:00:00
movie,5846,122,\N,\N,\N,OK,2017-07-26 00:00:00
movie,5851,95,\N,\N,\N,OK,2017-07-26 00:00:00
movie,5852,102,\N,\N,\N,OK,2017-07-26 00:00:00
movie,5854,121,\N,\N,\N,OK,2017-07-26 00:00:00
movie,5857,105,\N,\N,\N,OK,2017-07-26 00:00:00
movie,5876,126,\N,\N,\N,OK,2017-07-26 00:00:00
movie,5879,105,\N,\N,\N,OK,2017-07-26 00:00:00
movie,5889,128,\N,\N,\N,OK,2017-07-26 00:00:00
movie,5894,83,\N,\N,\N,OK,2017-07-26 00:00:00
movie,5902,175,\N,\N,\N,OK,2017-07-26 00:00:00
movie,5910,103,\N,\N,\N,OK,2017-07-26 00:00:00
movie,5915,148,\N,\N,\N,OK,2017-07-26 00:00:00
movie,5916,118,\N,\N,\N,OK,2017-07-26 00:00:00
movie,5917,94,\N,\N,\N,OK,2017-07-26 00:00:00
movie,5919,159,\N,\N,\N,OK,2017-07-26 00:00:00
movie,5921,128,\N,\N,\N,OK,2017-07-26 00:00:00
movie,5923,182,\N,\N,\N,OK,2017-07-26 00:00:00
movie,5924,151,\N,\N,\N,OK,2017-07-26 00:00:00
movie,5925,172,\N,\N,\N,OK,2017-07-26 00:00:00
movie,5951,106,\N,\N,\N,OK,2017-07-26 00:00:00
movie,5955,123,\N,\N,\N,OK,2017-07-26 00:00:00
movie,5961,188,\N,\N,\N,OK,2017-07-26 00:00:00
movie,5966,90,\N,\N,\N,OK,2017-07-26 00:00:00
movie,5967,91,\N,\N,\N,OK,2017-07-26 00:00:00
movie,5968,87,\N,\N,\N,OK,2017-07-26 00:00:00
movie,5971,106,\N,\N,\N,OK,2017-07-26 00:00:00
movie,5994,125,\N,\N,\N,OK,2017-07-26 00:00:00
movie,5996,106,\N,\N,\N,OK,2017-07-26 00:00:00
movie,6003,138,\N,\N,\N,OK,2017-07-26 00:00:00
movie,6007,89,\N,\N,\N,OK,2017-07-26 00:00:00
movie,6016,108,\N,\N,\N,OK,2017-07-26 00:00:00
movie,6020,93,\N,\N,\N,OK,2017-07-26 00:00:00
movie,6023,126,\N,\N,\N,OK,2017-07-26 00:00:00
movie,6037,94,\N,\N,\N,OK,2017-07-26 00:00:00
movie,6038,115,\N,\N,\N,OK,2017-07-26 00:00:00
movie,6058,90,\N,\N,\N,OK,2017-07-26 00:00:00
movie,6068,98,\N,\N,\N,OK,2017-07-26 00:00:00
movie,6069,118,\N,\N,\N,OK,2017-07-26 00:00:00
movie,6071,101,\N,\N,\N,OK,2017-07-26 00:00:00
movie,6072,119,\N,\N,\N,OK,2017-07-26 00:00:00
movie,6073,123,\N,\N,\N,OK,2017-07-26 00:00:00
movie,6075,144,\N,\N,\N,OK,2017-07-26 00:00:00
movie,6077,93,\N,\N,\N,OK,2017-07-26 00:00:00
movie,6079,103,\N,\N,\N,OK,2017-07-26 00:00:00
movie,6081,104,\N,\N,\N,OK,2017-07-26 00:00:00
movie,6106,123,\N,\N,\N,OK,2017-07-26 00:00:00
movie,6114,128,\N,\N,\N,OK,2017-07-26 00:00:00
movie,6116,93,\N,\N,\N,OK,2017-07-26 00:00:00
movie,6145,113,\N,\N,\N,OK,2017-07-26 00:00:00
movie,6171,136,\N,\N,\N,OK,2017-07-26 00:00:00
movie,6217,118,\N,\N,\N,OK,2017-07-26 00:00:00
movie,6278,101,\N,\N,\N,OK,2017-07-26 00:00:00
movie,6279,107,\N,\N,\N,OK,2017-07-26 00:00:00
movie,6280,109,\N,\N,\N,OK,2017-07-26 00:00:00
movie,6282,100,\N,\N,\N,OK,2017-07-26 00:00:00
movie,6283,98,\N,\N,\N,OK,2017-07-26 00:00:00
movie,6312,137,\N,\N,\N,OK,2017-07-26 00:00:00
movie,6341,109,\N,\N,\N,OK,2017-07-26 00:00:00
movie,6346,113,\N,\N,\N,OK,2017-07-26 00:00:00
movie,6393,108,\N,\N,\N,OK,2017-07-26 00:00:00
movie,6396,97,\N,\N,\N,OK,2017-07-26 00:00:00
movie,6399,102,\N,\N,\N,OK,2017-07-26 00:00:00
movie,6404,107,\N,\N,\N,OK,2017-07-26 00:00:00
movie,6415,114,\N,\N,\N,OK,2017-07-26 00:00:00
movie,6418,13,\N,\N,\N,OK,2017-07-26 00:00:00
movie,6435,104,\N,\N,\N,OK,2017-07-26 00:00:00
movie,6439,102,\N,\N,\N,OK,2017-07-26 00:00:00
movie,6440,111,\N,\N,\N,OK,2017-07-26 00:00:00
movie,6463,103,\N,\N,\N,OK,2017-07-26 00:00:00
movie,6466,97,\N,\N,\N,OK,2017-07-26 00:00:00
movie,6471,94,\N,\N,\N,OK,2017-07-26 00:00:00
movie,6472,96,\N,\N,\N,OK,2017-07-26 00:00:00
movie,6477,92,\N,\N,\N,OK,2017-07-26 00:00:00
movie,6478,118,\N,\N,\N,OK,2017-07-26 00:00:00
movie,6479,101,\N,\N,\N,OK,2017-07-26 00:00:00
movie,6488,103,\N,\N,\N,OK,2017-07-26 00:00:00
movie,6499,99,\N,\N,\N,OK,2017-07-26 00:00:00
movie,6519,104,\N,\N,\N,OK,2017-07-26 00:00:00
movie,6520,134,\N,\N,\N,OK,2017-07-26 00:00:00
movie,6521,126,\N,\N,\N,OK,2017-07-26 00:00:00
movie,6522,108,\N,\N,\N,OK,2017-07-26 00:00:00
movie,6524,92,\N,\N,\N,OK,2017-07-26 00:00:00
movie,6537,105,\N,\N,\N,OK,2017-07-26 00:00:00
movie,6538,102,\N,\N,\N,OK,2017-07-26 00:00:00
movie,6552,92,\N,\N,\N,OK,2017-07-26 00:00:00
movie,6557,111,\N,\N,\N,OK,2017-07-26 00:00:00
movie,6575,96,\N,\N,\N,OK,2017-07-26 00:00:00
movie,6615,106,\N,\N,\N,OK,2017-07-26 00:00:00
movie,6619,130,\N,\N,\N,OK,2017-07-26 00:00:00
movie,6620,113,\N,\N,\N,OK,2017-07-26 00:00:00
movie,6623,124,\N,\N,\N,OK,2017-07-26 00:00:00
movie,6637,124,\N,\N,\N,OK,2017-07-26 00:00:00
movie,6641,91,\N,\N,\N,OK,2017-07-26 00:00:00
movie,6643,125,\N,\N,\N,OK,2017-07-26 00:00:00
movie,6646,96,\N,\N,\N,OK,2017-07-26 00:00:00
movie,6687,111,\N,\N,\N,OK,2017-07-26 00:00:00
movie,6691,104,\N,\N,\N,OK,2017-07-26 00:00:00
movie,6715,97,\N,\N,\N,OK,2017-07-26 00:00:00
movie,6723,120,\N,\N,\N,OK,2017-07-26 00:00:00
movie,6795,101,\N,\N,\N,OK,2017-07-26 00:00:00
movie,6844,220,\N,\N,\N,OK,2017-07-26 00:00:00
movie,6877,97,\N,\N,\N,OK,2017-07-26 00:00:00
movie,6878,84,\N,\N,\N,OK,2017-07-26 00:00:00
movie,6917,85,\N,\N,\N,OK,2017-07-26 00:00:00
movie,6936,90,\N,\N,\N,OK,2017-07-26 00:00:00
movie,6947,108,\N,\N,\N,OK,2017-07-26 00:00:00
movie,6948,91,\N,\N,\N,OK,2017-07-26 00:00:00
movie,6949,94,\N,\N,\N,OK,2017-07-26 00:00:00
movie,6950,127,\N,\N,\N,OK,2017-07-26 00:00:00
movie,6951,100,\N,\N,\N,OK,2017-07-26 00:00:00
movie,6957,116,\N,\N,\N,OK,2017-07-26 00:00:00
movie,6961,88,\N,\N,\N,OK,2017-07-26 00:00:00
movie,6963,101,\N,\N,\N,OK,2017-07-26 00:00:00
movie,6964,128,\N,\N,\N,OK,2017-07-26 00:00:00
movie,6968,150,\N,\N,\N,OK,2017-07-26 00:00:00
movie,6970,106,\N,\N,\N,OK,2017-07-26 00:00:00
movie,6972,165,\N,\N,\N,OK,2017-07-26 00:00:00
movie,6973,124,\N,\N,\N,OK,2017-07-26 00:00:00
movie,6974,83,\N,\N,\N,OK,2017-07-26 00:00:00
movie,6977,122,\N,\N,\N,OK,2017-07-26 00:00:00
movie,6978,99,\N,\N,\N,OK,2017-07-26 00:00:00
movie,7007,125,\N,\N,\N,OK,2017-07-26 00:00:00
movie,7012,127,\N,\N,\N,OK,2017-07-26 00:00:00
movie,7014,104,\N,\N,\N,OK,2017-07-26 00:00:00
movie,7090,97,\N,\N,\N,OK,2017-07-26 00:00:00
movie,7093,125,\N,\N,\N,OK,2017-07-26 00:00:00
movie,7095,113,\N,\N,\N,OK,2017-07-26 00:00:00
movie,7096,182,\N,\N,\N,OK,2017-07-26 00:00:00
movie,7131,132,\N,\N,\N,OK,2017-07-26 00:00:00
movie,7191,85,\N,\N,\N,OK,2017-07-26 00:00:00
movie,7211,98,\N,\N,\N,OK,2017-07-26 00:00:00
movie,7214,136,\N,\N,\N,OK,2017-07-26 00:00:00
movie,7219,91,\N,\N,\N,OK,2017-07-26 00:00:00
movie,7220,124,\N,\N,\N,OK,2017-07-26 00:00:00
movie,7227,114,\N,\N,\N,OK,2017-07-26 00:00:00
movie,7229,85,\N,\N,\N,OK,2017-07-26 00:00:00
movie,7233,103,\N,\N,\N,OK,2017-07-26 00:00:00
movie,7237,79,\N,\N,\N,OK,2017-07-26 00:00:00
movie,7249,88,\N,\N,\N,OK,2017-07-26 00:00:00
movie,7270,116,\N,\N,\N,OK,2017-07-26 00:00:00
movie,7278,84,\N,\N,\N,OK,2017-07-26 00:00:00
movie,7288,89,\N,\N,\N,OK,2017-07-26 00:00:00
movie,7294,97,\N,\N,\N,OK,2017-07-26 00:00:00
movie,7299,107,\N,\N,\N,OK,2017-07-26 00:00:00
movie,7300,108,\N,\N,\N,OK,2017-07-26 00:00:00
movie,7303,105,\N,\N,\N,OK,2017-07-26 00:00:00
movie,7304,122,\N,\N,\N,OK,2017-07-26 00:00:00
movie,7305,120,\N,\N,\N,OK,2017-07-26 00:00:00
movie,7326,96,\N,\N,\N,OK,2017-07-26 00:00:00
movie,7340,98,\N,\N,\N,OK,2017-07-26 00:00:00
movie,7341,104,\N,\N,\N,OK,2017-07-26 00:00:00
movie,7342,132,\N,\N,\N,OK,2017-07-26 00:00:00
movie,7343,106,\N,\N,\N,OK,2017-07-26 00:00:00
movie,7345,158,\N,\N,\N,OK,2017-07-26 00:00:00
movie,7347,115,\N,\N,\N,OK,2017-07-26 00:00:00
movie,7348,110,\N,\N,\N,OK,2017-07-26 00:00:00
movie,7350,97,\N,\N,\N,OK,2017-07-26 00:00:00
movie,7364,124,\N,\N,\N,OK,2017-07-26 00:00:00
movie,7442,99,\N,\N,\N,OK,2017-07-26 00:00:00
movie,7443,84,\N,\N,\N,OK,2017-07-26 00:00:00
movie,7445,104,\N,\N,\N,OK,2017-07-26 00:00:00
movie,7446,107,\N,\N,\N,OK,2017-07-26 00:00:00
movie,7450,94,\N,\N,\N,OK,2017-07-26 00:00:00
movie,7451,124,\N,\N,\N,OK,2017-07-26 00:00:00
movie,7452,125,\N,\N,\N,OK,2017-07-26 00:00:00
movie,7453,109,\N,\N,\N,OK,2017-07-26 00:00:00
movie,7457,122,\N,\N,\N,OK,2017-07-26 00:00:00
movie,7459,135,\N,\N,\N,OK,2017-07-26 00:00:00
movie,7461,90,\N,\N,\N,OK,2017-07-26 00:00:00
movie,7484,83,\N,\N,\N,OK,2017-07-26 00:00:00
movie,7485,124,\N,\N,\N,OK,2017-07-26 00:00:00
movie,7500,94,\N,\N,\N,OK,2017-07-26 00:00:00
movie,7501,92,\N,\N,\N,OK,2017-07-26 00:00:00
movie,7508,165,\N,\N,\N,OK,2017-07-26 00:00:00
movie,7509,115,\N,\N,\N,OK,2017-07-26 00:00:00
movie,7510,116,\N,\N,\N,OK,2017-07-26 00:00:00
movie,7511,115,\N,\N,\N,OK,2017-07-26 00:00:00
movie,7512,84,\N,\N,\N,OK,2017-07-26 00:00:00
movie,7514,103,\N,\N,\N,OK,2017-07-26 00:00:00
movie,7515,92,\N,\N,\N,OK,2017-07-26 00:00:00
movie,7516,109,\N,\N,\N,OK,2017-07-26 00:00:00
movie,7518,83,\N,\N,\N,OK,2017-07-26 00:00:00
movie,7520,104,\N,\N,\N,OK,2017-07-26 00:00:00
movie,7548,114,\N,\N,\N,OK,2017-07-26 00:00:00
movie,7549,103,\N,\N,\N,OK,2017-07-26 00:00:00
movie,7551,126,\N,\N,\N,OK,2017-07-26 00:00:00
movie,7552,90,\N,\N,\N,OK,2017-07-26 00:00:00
movie,7553,94,\N,\N,\N,OK,2017-07-26 00:00:00
movie,7555,92,\N,\N,\N,OK,2017-07-26 00:00:00
movie,7735,107,\N,\N,\N,OK,2017-07-26 00:00:00
movie,7737,94,\N,\N,\N,OK,2017-07-26 00:00:00
movie,7797,125,\N,\N,\N,OK,2017-07-26 00:00:00
movie,7840,109,\N,\N,\N,OK,2017-07-26 00:00:00
movie,7857,123,\N,\N,\N,OK,2017-07-26 00:00:00
movie,7859,107,\N,\N,\N,OK,2017-07-26 00:00:00
movie,7861,102,\N,\N,\N,OK,2017-07-26 00:00:00
movie,7862,98,\N,\N,\N,OK,2017-07-26 00:00:00
movie,7863,105,\N,\N,\N,OK,2017-07-26 00:00:00
movie,7870,112,\N,\N,\N,OK,2017-07-26 00:00:00
movie,7872,95,\N,\N,\N,OK,2017-07-26 00:00:00
movie,7873,120,\N,\N,\N,OK,2017-07-26 00:00:00
movie,7874,116,\N,\N,\N,OK,2017-07-26 00:00:00
movie,7942,100,\N,\N,\N,OK,2017-07-26 00:00:00
movie,7944,122,\N,\N,\N,OK,2017-07-26 00:00:00
movie,7972,117,\N,\N,\N,OK,2017-07-26 00:00:00
movie,7974,66,\N,\N,\N,OK,2017-07-26 00:00:00
movie,7978,102,\N,\N,\N,OK,2017-07-26 00:00:00
movie,7979,128,\N,\N,\N,OK,2017-07-26 00:00:00
movie,7980,136,\N,\N,\N,OK,2017-07-26 00:00:00
movie,7984,133,\N,\N,\N,OK,2017-07-26 00:00:00
movie,7985,103,\N,\N,\N,OK,2017-07-26 00:00:00
movie,8005,104,\N,\N,\N,OK,2017-07-26 00:00:00
movie,8007,106,\N,\N,\N,OK,2017-07-26 00:00:00
movie,8009,116,\N,\N,\N,OK,2017-07-26 00:00:00
movie,8010,91,\N,\N,\N,OK,2017-07-26 00:00:00
movie,8011,99,\N,\N,\N,OK,2017-07-26 00:00:00
movie,8012,105,\N,\N,\N,OK,2017-07-26 00:00:00
movie,8016,70,\N,\N,\N,OK,2017-07-26 00:00:00
movie,8046,121,\N,\N,\N,OK,2017-07-26 00:00:00
movie,8051,95,\N,\N,\N,OK,2017-07-26 00:00:00
movie,8052,96,\N,\N,\N,OK,2017-07-26 00:00:00
movie,8053,121,\N,\N,\N,OK,2017-07-26 00:00:00
movie,8054,123,\N,\N,\N,OK,2017-07-26 00:00:00
movie,8055,124,\N,\N,\N,OK,2017-07-26 00:00:00
movie,8056,103,\N,\N,\N,OK,2017-07-26 00:00:00
movie,8065,123,\N,\N,\N,OK,2017-07-26 00:00:00
movie,8066,99,\N,\N,\N,OK,2017-07-26 00:00:00
movie,8067,103,\N,\N,\N,OK,2017-07-26 00:00:00
movie,8068,104,\N,\N,\N,OK,2017-07-26 00:00:00
movie,8069,98,\N,\N,\N,OK,2017-07-26 00:00:00
movie,8072,100,\N,\N,\N,OK,2017-07-26 00:00:00
movie,8073,97,\N,\N,\N,OK,2017-07-26 00:00:00
movie,8075,105,\N,\N,\N,OK,2017-07-26 00:00:00
movie,8077,114,\N,\N,\N,OK,2017-07-26 00:00:00
movie,8078,109,\N,\N,\N,OK,2017-07-26 00:00:00
movie,8080,99,\N,\N,\N,OK,2017-07-26 00:00:00
movie,8090,101,\N,\N,\N,OK,2017-07-26 00:00:00
movie,8092,115,\N,\N,\N,OK,2017-07-26 00:00:00
movie,8094,119,\N,\N,\N,OK,2017-07-26 00:00:00
movie,8129,105,\N,\N,\N,OK,2017-07-26 00:00:00
movie,8130,104,\N,\N,\N,OK,2017-07-26 00:00:00
movie,8193,95,\N,\N,\N,OK,2017-07-26 00:00:00
movie,8195,122,\N,\N,\N,OK,2017-07-26 00:00:00
movie,8197,155,\N,\N,\N,OK,2017-07-26 00:00:00
movie,8198,101,\N,\N,\N,OK,2017-07-26 00:00:00
movie,8202,93,\N,\N,\N,OK,2017-07-26 00:00:00
movie,8204,95,\N,\N,\N,OK,2017-07-26 00:00:00
movie,8208,75,\N,\N,\N,OK,2017-07-26 00:00:00
movie,8216,94,\N,\N,\N,OK,2017-07-26 00:00:00
movie,8217,102,\N,\N,\N,OK,2017-07-26 00:00:00
movie,8221,102,\N,\N,\N,OK,2017-07-26 00:00:00
movie,8222,109,\N,\N,\N,OK,2017-07-26 00:00:00
movie,8223,117,\N,\N,\N,OK,2017-07-26 00:00:00
movie,8224,123,\N,\N,\N,OK,2017-07-26 00:00:00
movie,8247,88,\N,\N,\N,OK,2017-07-26 00:00:00
movie,8265,106,\N,\N,\N,OK,2017-07-26 00:00:00
movie,8270,99,\N,\N,\N,OK,2017-07-26 00:00:00
movie,8271,105,\N,\N,\N,OK,2017-07-26 00:00:00
movie,8272,114,\N,\N,\N,OK,2017-07-26 00:00:00
movie,8273,103,\N,\N,\N,OK,2017-07-26 00:00:00
movie,8274,94,\N,\N,\N,OK,2017-07-26 00:00:00
movie,8275,97,\N,\N,\N,OK,2017-07-26 00:00:00
movie,8277,88,\N,\N,\N,OK,2017-07-26 00:00:00
movie,8284,116,\N,\N,\N,OK,2017-07-26 00:00:00
movie,8285,103,\N,\N,\N,OK,2017-07-26 00:00:00
movie,8288,88,\N,\N,\N,OK,2017-07-26 00:00:00
movie,8289,128,\N,\N,\N,OK,2017-07-26 00:00:00
movie,8290,132,\N,\N,\N,OK,2017-07-26 00:00:00
movie,8291,109,\N,\N,\N,OK,2017-07-26 00:00:00
movie,8292,109,\N,\N,\N,OK,2017-07-26 00:00:00
movie,8293,140,\N,\N,\N,OK,2017-07-26 00:00:00
movie,8321,107,\N,\N,\N,OK,2017-07-26 00:00:00
movie,8324,116,\N,\N,\N,OK,2017-07-26 00:00:00
movie,8326,117,\N,\N,\N,OK,2017-07-26 00:00:00
movie,8327,114,\N,\N,\N,OK,2017-07-26 00:00:00
movie,8328,98,\N,\N,\N,OK,2017-07-26 00:00:00
movie,8329,78,\N,\N,\N,OK,2017-07-26 00:00:00
movie,8333,104,\N,\N,\N,OK,2017-07-26 00:00:00
movie,8337,94,\N,\N,\N,OK,2017-07-26 00:00:00
movie,8338,121,\N,\N,\N,OK,2017-07-26 00:00:00
movie,8340,98,\N,\N,\N,OK,2017-07-26 00:00:00
movie,8342,98,\N,\N,\N,OK,2017-07-26 00:00:00
movie,8346,95,\N,\N,\N,OK,2017-07-26 00:00:00
movie,8348,115,\N,\N,\N,OK,2017-07-26 00:00:00
movie,8355,94,\N,\N,\N,OK,2017-07-26 00:00:00
movie,8356,111,\N,\N,\N,OK,2017-07-26 00:00:00
movie,8357,109,\N,\N,\N,OK,2017-07-26 00:00:00
movie,8358,143,\N,\N,\N,OK,2017-07-26 00:00:00
movie,8359,101,\N,\N,\N,OK,2017-07-26 00:00:00
movie,8363,113,\N,\N,\N,OK,2017-07-26 00:00:00
movie,8367,143,\N,\N,\N,OK,2017-07-26 00:00:00
movie,8373,150,\N,\N,\N,OK,2017-07-26 00:00:00
movie,8374,108,\N,\N,\N,OK,2017-07-26 00:00:00
movie,8386,93,\N,\N,\N,OK,2017-07-26 00:00:00
movie,8388,102,\N,\N,\N,OK,2017-07-26 00:00:00
movie,8390,112,\N,\N,\N,OK,2017-07-26 00:00:00
movie,8391,96,\N,\N,\N,OK,2017-07-26 00:00:00
movie,8392,86,\N,\N,\N,OK,2017-07-26 00:00:00
movie,8393,109,\N,\N,\N,OK,2017-07-26 00:00:00
movie,8398,84,\N,\N,\N,OK,2017-07-26 00:00:00
movie,8408,96,\N,\N,\N,OK,2017-07-26 00:00:00
movie,8409,109,\N,\N,\N,OK,2017-07-26 00:00:00
movie,8413,96,\N,\N,\N,OK,2017-07-26 00:00:00
movie,8414,84,\N,\N,\N,OK,2017-07-26 00:00:00
movie,8416,107,\N,\N,\N,OK,2017-07-26 00:00:00
movie,8420,95,\N,\N,\N,OK,2017-07-26 00:00:00
movie,8422,178,\N,\N,\N,OK,2017-07-26 00:00:00
movie,8424,93,\N,\N,\N,OK,2017-07-26 00:00:00
movie,8427,97,\N,\N,\N,OK,2017-07-26 00:00:00
movie,8428,105,\N,\N,\N,OK,2017-07-26 00:00:00
movie,8429,125,\N,\N,\N,OK,2017-07-26 00:00:00
movie,8435,94,\N,\N,\N,OK,2017-07-26 00:00:00
movie,8438,122,\N,\N,\N,OK,2017-07-26 00:00:00
movie,8439,150,\N,\N,\N,OK,2017-07-26 00:00:00
movie,8440,148,\N,\N,\N,OK,2017-07-26 00:00:00
movie,8446,93,\N,\N,\N,OK,2017-07-26 00:00:00
movie,8447,118,\N,\N,\N,OK,2017-07-26 00:00:00
movie,8452,123,\N,\N,\N,OK,2017-07-26 00:00:00
movie,8456,115,\N,\N,\N,OK,2017-07-26 00:00:00
movie,8457,102,\N,\N,\N,OK,2017-07-26 00:00:00
movie,8461,112,\N,\N,\N,OK,2017-07-26 00:00:00
movie,8467,107,\N,\N,\N,OK,2017-07-26 00:00:00
movie,8468,103,\N,\N,\N,OK,2017-07-26 00:00:00
movie,8469,109,\N,\N,\N,OK,2017-07-26 00:00:00
movie,8470,116,\N,\N,\N,OK,2017-07-26 00:00:00
movie,8487,106,\N,\N,\N,OK,2017-07-26 00:00:00
movie,8488,118,\N,\N,\N,OK,2017-07-26 00:00:00
movie,8489,157,\N,\N,\N,OK,2017-07-26 00:00:00
movie,8491,97,\N,\N,\N,OK,2017-07-26 00:00:00
movie,8494,97,\N,\N,\N,OK,2017-07-26 00:00:00
movie,8512,102,\N,\N,\N,OK,2017-07-26 00:00:00
movie,8536,127,\N,\N,\N,OK,2017-07-26 00:00:00
movie,8545,97,\N,\N,\N,OK,2017-07-26 00:00:00
movie,8555,85,\N,\N,\N,OK,2017-07-26 00:00:00
movie,8583,111,\N,\N,\N,OK,2017-07-26 00:00:00
movie,8584,110,\N,\N,\N,OK,2017-07-26 00:00:00
movie,8587,89,\N,\N,\N,OK,2017-07-26 00:00:00
movie,8588,115,\N,\N,\N,OK,2017-07-26 00:00:00
movie,8592,103,\N,\N,\N,OK,2017-07-26 00:00:00
movie,8617,88,\N,\N,\N,OK,2017-07-26 00:00:00
movie,8618,109,\N,\N,\N,OK,2017-07-26 00:00:00
movie,8619,138,\N,\N,\N,OK,2017-07-26 00:00:00
movie,8643,122,\N,\N,\N,OK,2017-07-26 00:00:00
movie,8645,91,\N,\N,\N,OK,2017-07-26 00:00:00
movie,8649,121,\N,\N,\N,OK,2017-07-26 00:00:00
movie,8656,120,\N,\N,\N,OK,2017-07-26 00:00:00
movie,8665,138,\N,\N,\N,OK,2017-07-26 00:00:00
movie,8669,97,\N,\N,\N,OK,2017-07-26 00:00:00
movie,8672,95,\N,\N,\N,OK,2017-07-26 00:00:00
movie,8675,94,\N,\N,\N,OK,2017-07-26 00:00:00
movie,8676,112,\N,\N,\N,OK,2017-07-26 00:00:00
movie,8677,180,\N,\N,\N,OK,2017-07-26 00:00:00
movie,8681,93,\N,\N,\N,OK,2017-07-26 00:00:00
movie,8688,98,\N,\N,\N,OK,2017-07-26 00:00:00
movie,8689,95,\N,\N,\N,OK,2017-07-26 00:00:00
movie,8696,108,\N,\N,\N,OK,2017-07-26 00:00:00
movie,8697,108,\N,\N,\N,OK,2017-07-26 00:00:00
movie,8698,110,\N,\N,\N,OK,2017-07-26 00:00:00
movie,8699,94,\N,\N,\N,OK,2017-07-26 00:00:00
movie,8738,103,\N,\N,\N,OK,2017-07-26 00:00:00
movie,8740,107,\N,\N,\N,OK,2017-07-26 00:00:00
movie,8741,170,\N,\N,\N,OK,2017-07-26 00:00:00
movie,8744,97,\N,\N,\N,OK,2017-07-26 00:00:00
movie,8764,90,\N,\N,\N,OK,2017-07-26 00:00:00
movie,8765,113,\N,\N,\N,OK,2017-07-26 00:00:00
movie,8766,86,\N,\N,\N,OK,2017-07-26 00:00:00
movie,8769,110,\N,\N,\N,OK,2017-07-26 00:00:00
movie,8780,99,\N,\N,\N,OK,2017-07-26 00:00:00
movie,8785,182,\N,\N,\N,OK,2017-07-26 00:00:00
movie,8810,95,\N,\N,\N,OK,2017-07-26 00:00:00
movie,8814,105,\N,\N,\N,OK,2017-07-26 00:00:00
movie,8816,101,\N,\N,\N,OK,2017-07-26 00:00:00
movie,8818,134,\N,\N,\N,OK,2017-07-26 00:00:00
movie,8827,100,\N,\N,\N,OK,2017-07-26 00:00:00
movie,8831,99,\N,\N,\N,OK,2017-07-26 00:00:00
movie,8832,110,\N,\N,\N,OK,2017-07-26 00:00:00
movie,8834,135,\N,\N,\N,OK,2017-07-26 00:00:00
movie,8835,96,\N,\N,\N,OK,2017-07-26 00:00:00
movie,8836,104,\N,\N,\N,OK,2017-07-26 00:00:00
movie,8838,111,\N,\N,\N,OK,2017-07-26 00:00:00
movie,8839,100,\N,\N,\N,OK,2017-07-26 00:00:00
movie,8840,103,\N,\N,\N,OK,2017-07-26 00:00:00
movie,8841,128,\N,\N,\N,OK,2017-07-26 00:00:00
movie,8842,106,\N,\N,\N,OK,2017-07-26 00:00:00
movie,8843,107,\N,\N,\N,OK,2017-07-26 00:00:00
movie,8844,104,\N,\N,\N,OK,2017-07-26 00:00:00
movie,8845,103,\N,\N,\N,OK,2017-07-26 00:00:00
movie,8848,112,\N,\N,\N,OK,2017-07-26 00:00:00
movie,8849,103,\N,\N,\N,OK,2017-07-26 00:00:00
movie,8850,108,\N,\N,\N,OK,2017-07-26 00:00:00
movie,8851,86,\N,\N,\N,OK,2017-07-26 00:00:00
movie,8852,101,\N,\N,\N,OK,2017-07-26 00:00:00
movie,8854,97,\N,\N,\N,OK,2017-07-26 00:00:00
movie,8856,113,\N,\N,\N,OK,2017-07-26 00:00:00
movie,8859,83,\N,\N,\N,OK,2017-07-26 00:00:00
movie,8860,117,\N,\N,\N,OK,2017-07-26 00:00:00
movie,8866,93,\N,\N,\N,OK,2017-07-26 00:00:00
movie,8867,89,\N,\N,\N,OK,2017-07-26 00:00:00
movie,8869,99,\N,\N,\N,OK,2017-07-26 00:00:00
movie,8870,106,\N,\N,\N,OK,2017-07-26 00:00:00
movie,8871,104,\N,\N,\N,OK,2017-07-26 00:00:00
movie,8872,94,\N,\N,\N,OK,2017-07-26 00:00:00
movie,8873,95,\N,\N,\N,OK,2017-07-26 00:00:00
movie,8874,105,\N,\N,\N,OK,2017-07-26 00:00:00
movie,8879,115,\N,\N,\N,OK,2017-07-26 00:00:00
movie,8880,131,\N,\N,\N,OK,2017-07-26 00:00:00
movie,8881,134,\N,\N,\N,OK,2017-07-26 00:00:00
movie,8882,135,\N,\N,\N,OK,2017-07-26 00:00:00
movie,8885,90,\N,\N,\N,OK,2017-07-26 00:00:00
movie,8909,110,\N,\N,\N,OK,2017-07-26 00:00:00
movie,8913,103,\N,\N,\N,OK,2017-07-26 00:00:00
movie,8914,105,\N,\N,\N,OK,2017-07-26 00:00:00
movie,8916,83,\N,\N,\N,OK,2017-07-26 00:00:00
movie,8920,80,\N,\N,\N,OK,2017-07-26 00:00:00
movie,8922,90,\N,\N,\N,OK,2017-07-26 00:00:00
movie,8923,109,\N,\N,\N,OK,2017-07-26 00:00:00
movie,8938,112,\N,\N,\N,OK,2017-07-26 00:00:00
movie,8952,98,\N,\N,\N,OK,2017-07-26 00:00:00
movie,8953,126,\N,\N,\N,OK,2017-07-26 00:00:00
movie,8960,92,\N,\N,\N,OK,2017-07-26 00:00:00
movie,8961,147,\N,\N,\N,OK,2017-07-26 00:00:00
movie,8963,116,\N,\N,\N,OK,2017-07-26 00:00:00
movie,8966,122,\N,\N,\N,OK,2017-07-26 00:00:00
movie,8967,139,\N,\N,\N,OK,2017-07-26 00:00:00
movie,8968,89,\N,\N,\N,OK,2017-07-26 00:00:00
movie,8970,90,\N,\N,\N,OK,2017-07-26 00:00:00
movie,8973,119,\N,\N,\N,OK,2017-07-26 00:00:00
movie,8974,85,\N,\N,\N,OK,2017-07-26 00:00:00
movie,8975,92,\N,\N,\N,OK,2017-07-26 00:00:00
movie,8976,107,\N,\N,\N,OK,2017-07-26 00:00:00
movie,8978,109,\N,\N,\N,OK,2017-07-26 00:00:00
movie,8980,88,\N,\N,\N,OK,2017-07-26 00:00:00
movie,8981,105,\N,\N,\N,OK,2017-07-26 00:00:00
movie,8982,108,\N,\N,\N,OK,2017-07-26 00:00:00
movie,8984,123,\N,\N,\N,OK,2017-07-26 00:00:00
movie,8986,108,\N,\N,\N,OK,2017-07-26 00:00:00
movie,8987,111,\N,\N,\N,OK,2017-07-26 00:00:00
movie,8988,113,\N,\N,\N,OK,2017-07-26 00:00:00
movie,8989,110,\N,\N,\N,OK,2017-07-26 00:00:00
movie,8991,97,\N,\N,\N,OK,2017-07-26 00:00:00
movie,8992,100,\N,\N,\N,OK,2017-07-26 00:00:00
movie,8996,108,\N,\N,\N,OK,2017-07-26 00:00:00
movie,8998,88,\N,\N,\N,OK,2017-07-26 00:00:00
movie,8999,108,\N,\N,\N,OK,2017-07-26 00:00:00
movie,9003,94,\N,\N,\N,OK,2017-07-26 00:00:00
movie,9005,88,\N,\N,\N,OK,2017-07-26 00:00:00
movie,9007,95,\N,\N,\N,OK,2017-07-26 00:00:00
movie,9008,157,\N,\N,\N,OK,2017-07-26 00:00:00
movie,9009,105,\N,\N,\N,OK,2017-07-26 00:00:00
movie,9012,87,\N,\N,\N,OK,2017-07-26 00:00:00
movie,9013,126,\N,\N,\N,OK,2017-07-26 00:00:00
movie,9016,95,\N,\N,\N,OK,2017-07-26 00:00:00
movie,9017,90,\N,\N,\N,OK,2017-07-26 00:00:00
movie,9021,104,\N,\N,\N,OK,2017-07-26 00:00:00
movie,9022,90,\N,\N,\N,OK,2017-07-26 00:00:00
movie,9023,83,\N,\N,\N,OK,2017-07-26 00:00:00
movie,9024,94,\N,\N,\N,OK,2017-07-26 00:00:00
movie,9025,121,\N,\N,\N,OK,2017-07-26 00:00:00
movie,9026,97,\N,\N,\N,OK,2017-07-26 00:00:00
movie,9027,91,\N,\N,\N,OK,2017-07-26 00:00:00
movie,9028,100,\N,\N,\N,OK,2017-07-26 00:00:00
movie,9029,99,\N,\N,\N,OK,2017-07-26 00:00:00
movie,9032,93,\N,\N,\N,OK,2017-07-26 00:00:00
movie,9034,98,\N,\N,\N,OK,2017-07-26 00:00:00
movie,9035,95,\N,\N,\N,OK,2017-07-26 00:00:00
movie,9036,120,\N,\N,\N,OK,2017-07-26 00:00:00
movie,9037,115,\N,\N,\N,OK,2017-07-26 00:00:00
movie,9038,116,\N,\N,\N,OK,2017-07-26 00:00:00
movie,9039,106,\N,\N,\N,OK,2017-07-26 00:00:00
movie,9040,129,\N,\N,\N,OK,2017-07-26 00:00:00
movie,9042,97,\N,\N,\N,OK,2017-07-26 00:00:00
movie,9043,103,\N,\N,\N,OK,2017-07-26 00:00:00
movie,9044,125,\N,\N,\N,OK,2017-07-26 00:00:00
movie,9045,132,\N,\N,\N,OK,2017-07-26 00:00:00
movie,9051,122,\N,\N,\N,OK,2017-07-26 00:00:00
movie,9053,87,\N,\N,\N,OK,2017-07-26 00:00:00
movie,9054,94,\N,\N,\N,OK,2017-07-26 00:00:00
movie,9056,101,\N,\N,\N,OK,2017-07-26 00:00:00
movie,9057,102,\N,\N,\N,OK,2017-07-26 00:00:00
movie,9058,115,\N,\N,\N,OK,2017-07-26 00:00:00
movie,9059,92,\N,\N,\N,OK,2017-07-26 00:00:00
movie,9061,102,\N,\N,\N,OK,2017-07-26 00:00:00
movie,9062,99,\N,\N,\N,OK,2017-07-26 00:00:00
movie,9063,104,\N,\N,\N,OK,2017-07-26 00:00:00
movie,9064,97,\N,\N,\N,OK,2017-07-26 00:00:00
movie,9065,112,\N,\N,\N,OK,2017-07-26 00:00:00
movie,9066,84,\N,\N,\N,OK,2017-07-26 00:00:00
movie,9067,98,\N,\N,\N,OK,2017-07-26 00:00:00
movie,9070,92,\N,\N,\N,OK,2017-07-26 00:00:00
movie,9071,89,\N,\N,\N,OK,2017-07-26 00:00:00
movie,9072,98,\N,\N,\N,OK,2017-07-26 00:00:00
movie,9073,95,\N,\N,\N,OK,2017-07-26 00:00:00
movie,9074,83,\N,\N,\N,OK,2017-07-26 00:00:00
movie,9075,145,\N,\N,\N,OK,2017-07-26 00:00:00
movie,9077,80,\N,\N,\N,OK,2017-07-26 00:00:00
movie,9078,79,\N,\N,\N,OK,2017-07-26 00:00:00
movie,9079,111,\N,\N,\N,OK,2017-07-26 00:00:00
movie,9080,102,\N,\N,\N,OK,2017-07-26 00:00:00
movie,9081,99,\N,\N,\N,OK,2017-07-26 00:00:00
movie,9082,90,\N,\N,\N,OK,2017-07-26 00:00:00
movie,9085,116,\N,\N,\N,OK,2017-07-26 00:00:00
movie,9086,132,\N,\N,\N,OK,2017-07-26 00:00:00
movie,9087,106,\N,\N,\N,OK,2017-07-26 00:00:00
movie,9089,103,\N,\N,\N,OK,2017-07-26 00:00:00
movie,9090,105,\N,\N,\N,OK,2017-07-26 00:00:00
movie,9091,106,\N,\N,\N,OK,2017-07-26 00:00:00
movie,9093,132,\N,\N,\N,OK,2017-07-26 00:00:00
movie,9095,104,\N,\N,\N,OK,2017-07-26 00:00:00
movie,9096,106,\N,\N,\N,OK,2017-07-26 00:00:00
movie,9099,90,\N,\N,\N,OK,2017-07-26 00:00:00
movie,9100,101,\N,\N,\N,OK,2017-07-26 00:00:00
movie,9101,92,\N,\N,\N,OK,2017-07-26 00:00:00
movie,9102,108,\N,\N,\N,OK,2017-07-26 00:00:00
movie,9103,95,\N,\N,\N,OK,2017-07-26 00:00:00
movie,9104,98,\N,\N,\N,OK,2017-07-26 00:00:00
movie,9208,108,\N,\N,\N,OK,2017-07-26 00:00:00
movie,9255,86,\N,\N,\N,OK,2017-07-26 00:00:00
movie,9257,117,\N,\N,\N,OK,2017-07-26 00:00:00
movie,9260,86,\N,\N,\N,OK,2017-07-26 00:00:00
movie,9261,109,\N,\N,\N,OK,2017-07-26 00:00:00
movie,9263,100,\N,\N,\N,OK,2017-07-26 00:00:00
movie,9264,93,\N,\N,\N,OK,2017-07-26 00:00:00
movie,9266,104,\N,\N,\N,OK,2017-07-26 00:00:00
movie,9267,88,\N,\N,\N,OK,2017-07-26 00:00:00
movie,9268,115,\N,\N,\N,OK,2017-07-26 00:00:00
movie,9270,110,\N,\N,\N,OK,2017-07-26 00:00:00
movie,9271,106,\N,\N,\N,OK,2017-07-26 00:00:00
movie,9272,87,\N,\N,\N,OK,2017-07-26 00:00:00
movie,9273,90,\N,\N,\N,OK,2017-07-26 00:00:00
movie,9275,109,\N,\N,\N,OK,2017-07-26 00:00:00
movie,9276,104,\N,\N,\N,OK,2017-07-26 00:00:00
movie,9277,129,\N,\N,\N,OK,2017-07-26 00:00:00
movie,9278,110,\N,\N,\N,OK,2017-07-26 00:00:00
movie,9279,89,\N,\N,\N,OK,2017-07-26 00:00:00
movie,9280,114,\N,\N,\N,OK,2017-07-26 00:00:00
movie,9281,113,\N,\N,\N,OK,2017-07-26 00:00:00
movie,9282,86,\N,\N,\N,OK,2017-07-26 00:00:00
movie,9283,112,\N,\N,\N,OK,2017-07-26 00:00:00
movie,9285,93,\N,\N,\N,OK,2017-07-26 00:00:00
movie,9286,93,\N,\N,\N,OK,2017-07-26 00:00:00
movie,9289,178,\N,\N,\N,OK,2017-07-26 00:00:00
movie,9290,92,\N,\N,\N,OK,2017-07-26 00:00:00
movie,9291,113,\N,\N,\N,OK,2017-07-26 00:00:00
movie,9292,100,\N,\N,\N,OK,2017-07-26 00:00:00
movie,9293,87,\N,\N,\N,OK,2017-07-26 00:00:00
movie,9294,123,\N,\N,\N,OK,2017-07-26 00:00:00
movie,9296,117,\N,\N,\N,OK,2017-07-26 00:00:00
movie,9297,91,\N,\N,\N,OK,2017-07-26 00:00:00
movie,9298,85,\N,\N,\N,OK,2017-07-26 00:00:00
movie,9299,125,\N,\N,\N,OK,2017-07-26 00:00:00
movie,9300,93,\N,\N,\N,OK,2017-07-26 00:00:00
movie,9301,135,\N,\N,\N,OK,2017-07-26 00:00:00
movie,9302,119,\N,\N,\N,OK,2017-07-26 00:00:00
movie,9303,108,\N,\N,\N,OK,2017-07-26 00:00:00
movie,9304,117,\N,\N,\N,OK,2017-07-26 00:00:00
movie,9305,80,\N,\N,\N,OK,2017-07-26 00:00:00
movie,9306,96,\N,\N,\N,OK,2017-07-26 00:00:00
movie,9308,86,\N,\N,\N,OK,2017-07-26 00:00:00
movie,9310,107,\N,\N,\N,OK,2017-07-26 00:00:00
movie,9311,121,\N,\N,\N,OK,2017-07-26 00:00:00
movie,9312,101,\N,\N,\N,OK,2017-07-26 00:00:00
movie,9313,132,\N,\N,\N,OK,2017-07-26 00:00:00
movie,9314,113,\N,\N,\N,OK,2017-07-26 00:00:00
movie,9315,98,\N,\N,\N,OK,2017-07-26 00:00:00
movie,9316,105,\N,\N,\N,OK,2017-07-26 00:00:00
movie,9319,105,\N,\N,\N,OK,2017-07-26 00:00:00
movie,9320,89,\N,\N,\N,OK,2017-07-26 00:00:00
movie,9322,115,\N,\N,\N,OK,2017-07-26 00:00:00
movie,9323,83,\N,\N,\N,OK,2017-07-26 00:00:00
movie,9325,78,\N,\N,\N,OK,2017-07-26 00:00:00
movie,9326,106,\N,\N,\N,OK,2017-07-26 00:00:00
movie,9327,95,\N,\N,\N,OK,2017-07-26 00:00:00
movie,9331,141,\N,\N,\N,OK,2017-07-26 00:00:00
movie,9333,101,\N,\N,\N,OK,2017-07-26 00:00:00
movie,9334,92,\N,\N,\N,OK,2017-07-26 00:00:00
movie,9335,87,\N,\N,\N,OK,2017-07-26 00:00:00
movie,9336,96,\N,\N,\N,OK,2017-07-26 00:00:00
movie,9339,107,\N,\N,\N,OK,2017-07-26 00:00:00
movie,9340,114,\N,\N,\N,OK,2017-07-26 00:00:00
movie,9341,136,\N,\N,\N,OK,2017-07-26 00:00:00
movie,9342,136,\N,\N,\N,OK,2017-07-26 00:00:00
movie,9343,158,\N,\N,\N,OK,2017-07-26 00:00:00
movie,9344,91,\N,\N,\N,OK,2017-07-26 00:00:00
movie,9346,98,\N,\N,\N,OK,2017-07-26 00:00:00
movie,9348,108,\N,\N,\N,OK,2017-07-26 00:00:00
movie,9349,102,\N,\N,\N,OK,2017-07-26 00:00:00
movie,9350,112,\N,\N,\N,OK,2017-07-26 00:00:00
movie,9352,93,\N,\N,\N,OK,2017-07-26 00:00:00
movie,9353,92,\N,\N,\N,OK,2017-07-26 00:00:00
movie,9354,93,\N,\N,\N,OK,2017-07-26 00:00:00
movie,9355,107,\N,\N,\N,OK,2017-07-26 00:00:00
movie,9356,81,\N,\N,\N,OK,2017-07-26 00:00:00
movie,9357,96,\N,\N,\N,OK,2017-07-26 00:00:00
movie,9358,90,\N,\N,\N,OK,2017-07-26 00:00:00
movie,9359,127,\N,\N,\N,OK,2017-07-26 00:00:00
movie,9360,89,\N,\N,\N,OK,2017-07-26 00:00:00
movie,9361,112,\N,\N,\N,OK,2017-07-26 00:00:00
movie,9362,96,\N,\N,\N,OK,2017-07-26 00:00:00
movie,9364,129,\N,\N,\N,OK,2017-07-26 00:00:00
movie,9366,127,\N,\N,\N,OK,2017-07-26 00:00:00
movie,9367,81,\N,\N,\N,OK,2017-07-26 00:00:00
movie,9369,85,\N,\N,\N,OK,2017-07-26 00:00:00
movie,9372,100,\N,\N,\N,OK,2017-07-26 00:00:00
movie,9373,98,\N,\N,\N,OK,2017-07-26 00:00:00
movie,9374,104,\N,\N,\N,OK,2017-07-26 00:00:00
movie,9377,103,\N,\N,\N,OK,2017-07-26 00:00:00
movie,9378,91,\N,\N,\N,OK,2017-07-26 00:00:00
movie,9381,101,\N,\N,\N,OK,2017-07-26 00:00:00
movie,9382,115,\N,\N,\N,OK,2017-07-26 00:00:00
movie,9383,112,\N,\N,\N,OK,2017-07-26 00:00:00
movie,9384,101,\N,\N,\N,OK,2017-07-26 00:00:00
movie,9385,82,\N,\N,\N,OK,2017-07-26 00:00:00
movie,9386,128,\N,\N,\N,OK,2017-07-26 00:00:00
movie,9387,129,\N,\N,\N,OK,2017-07-26 00:00:00
movie,9388,92,\N,\N,\N,OK,2017-07-26 00:00:00
movie,9389,105,\N,\N,\N,OK,2017-07-26 00:00:00
movie,9390,139,\N,\N,\N,OK,2017-07-26 00:00:00
movie,9392,99,\N,\N,\N,OK,2017-07-26 00:00:00
movie,9393,117,\N,\N,\N,OK,2017-07-26 00:00:00
movie,9394,106,\N,\N,\N,OK,2017-07-26 00:00:00
movie,9395,99,\N,\N,\N,OK,2017-07-26 00:00:00
movie,9396,110,\N,\N,\N,OK,2017-07-26 00:00:00
movie,9397,101,\N,\N,\N,OK,2017-07-26 00:00:00
movie,9398,89,\N,\N,\N,OK,2017-07-26 00:00:00
movie,9399,105,\N,\N,\N,OK,2017-07-26 00:00:00
movie,9400,118,\N,\N,\N,OK,2017-07-26 00:00:00
movie,9401,104,\N,\N,\N,OK,2017-07-26 00:00:00
movie,9403,109,\N,\N,\N,OK,2017-07-26 00:00:00
movie,9404,107,\N,\N,\N,OK,2017-07-26 00:00:00
movie,9405,93,\N,\N,\N,OK,2017-07-26 00:00:00
movie,9406,105,\N,\N,\N,OK,2017-07-26 00:00:00
movie,9407,122,\N,\N,\N,OK,2017-07-26 00:00:00
movie,9408,85,\N,\N,\N,OK,2017-07-26 00:00:00
movie,9409,105,\N,\N,\N,OK,2017-07-26 00:00:00
movie,9410,111,\N,\N,\N,OK,2017-07-26 00:00:00
movie,9411,124,\N,\N,\N,OK,2017-07-26 00:00:00
movie,9413,105,\N,\N,\N,OK,2017-07-26 00:00:00
movie,9414,97,\N,\N,\N,OK,2017-07-26 00:00:00
movie,9415,107,\N,\N,\N,OK,2017-07-26 00:00:00
movie,9416,97,\N,\N,\N,OK,2017-07-26 00:00:00
movie,9417,87,\N,\N,\N,OK,2017-07-26 00:00:00
movie,9421,80,\N,\N,\N,OK,2017-07-26 00:00:00
movie,9422,115,\N,\N,\N,OK,2017-07-26 00:00:00
movie,9423,99,\N,\N,\N,OK,2017-07-26 00:00:00
movie,9424,84,\N,\N,\N,OK,2017-07-26 00:00:00
movie,9425,99,\N,\N,\N,OK,2017-07-26 00:00:00
movie,9426,96,\N,\N,\N,OK,2017-07-26 00:00:00
movie,9427,91,\N,\N,\N,OK,2017-07-26 00:00:00
movie,9428,110,\N,\N,\N,OK,2017-07-26 00:00:00
movie,9429,81,\N,\N,\N,OK,2017-07-26 00:00:00
movie,9430,98,\N,\N,\N,OK,2017-07-26 00:00:00
movie,9431,87,\N,\N,\N,OK,2017-07-26 00:00:00
movie,9433,117,\N,\N,\N,OK,2017-07-26 00:00:00
movie,9434,107,\N,\N,\N,OK,2017-07-26 00:00:00
movie,9437,115,\N,\N,\N,OK,2017-07-26 00:00:00
movie,9438,84,\N,\N,\N,OK,2017-07-26 00:00:00
movie,9440,143,\N,\N,\N,OK,2017-07-26 00:00:00
movie,9441,124,\N,\N,\N,OK,2017-07-26 00:00:00
movie,9442,89,\N,\N,\N,OK,2017-07-26 00:00:00
movie,9443,123,\N,\N,\N,OK,2017-07-26 00:00:00
movie,9444,94,\N,\N,\N,OK,2017-07-26 00:00:00
movie,9445,107,\N,\N,\N,OK,2017-07-26 00:00:00
movie,9446,97,\N,\N,\N,OK,2017-07-26 00:00:00
movie,9447,92,\N,\N,\N,OK,2017-07-26 00:00:00
movie,9448,91,\N,\N,\N,OK,2017-07-26 00:00:00
movie,9449,86,\N,\N,\N,OK,2017-07-26 00:00:00
movie,9450,107,\N,\N,\N,OK,2017-07-26 00:00:00
movie,9451,99,\N,\N,\N,OK,2017-07-26 00:00:00
movie,9452,108,\N,\N,\N,OK,2017-07-26 00:00:00
movie,9453,156,\N,\N,\N,OK,2017-07-26 00:00:00
movie,9454,121,\N,\N,\N,OK,2017-07-26 00:00:00
movie,9455,110,\N,\N,\N,OK,2017-07-26 00:00:00
movie,9456,102,\N,\N,\N,OK,2017-07-26 00:00:00
movie,9457,106,\N,\N,\N,OK,2017-07-26 00:00:00
movie,9458,100,\N,\N,\N,OK,2017-07-26 00:00:00
movie,9460,99,\N,\N,\N,OK,2017-07-26 00:00:00
movie,9461,99,\N,\N,\N,OK,2017-07-26 00:00:00
movie,9462,100,\N,\N,\N,OK,2017-07-26 00:00:00
movie,9463,80,\N,\N,\N,OK,2017-07-26 00:00:00
movie,9464,110,\N,\N,\N,OK,2017-07-26 00:00:00
movie,9465,118,\N,\N,\N,OK,2017-07-26 00:00:00
movie,9466,113,\N,\N,\N,OK,2017-07-26 00:00:00
movie,9469,136,\N,\N,\N,OK,2017-07-26 00:00:00
movie,9470,99,\N,\N,\N,OK,2017-07-26 00:00:00
movie,9471,106,\N,\N,\N,OK,2017-07-26 00:00:00
movie,9472,92,\N,\N,\N,OK,2017-07-26 00:00:00
movie,9473,81,\N,\N,\N,OK,2017-07-26 00:00:00
movie,9475,157,\N,\N,\N,OK,2017-07-26 00:00:00
movie,9476,132,\N,\N,\N,OK,2017-07-26 00:00:00
movie,9477,126,\N,\N,\N,OK,2017-07-26 00:00:00
movie,9479,76,\N,\N,\N,OK,2017-07-26 00:00:00
movie,9480,103,\N,\N,\N,OK,2017-07-26 00:00:00
movie,9481,118,\N,\N,\N,OK,2017-07-26 00:00:00
movie,9482,96,\N,\N,\N,OK,2017-07-26 00:00:00
movie,9486,88,\N,\N,\N,OK,2017-07-26 00:00:00
movie,9487,95,\N,\N,\N,OK,2017-07-26 00:00:00
movie,9488,100,\N,\N,\N,OK,2017-07-26 00:00:00
movie,9489,119,\N,\N,\N,OK,2017-07-26 00:00:00
movie,9490,82,\N,\N,\N,OK,2017-07-26 00:00:00
movie,9491,102,\N,\N,\N,OK,2017-07-26 00:00:00
movie,9493,107,\N,\N,\N,OK,2017-07-26 00:00:00
movie,9494,93,\N,\N,\N,OK,2017-07-26 00:00:00
movie,9495,102,\N,\N,\N,OK,2017-07-26 00:00:00
movie,9499,117,\N,\N,\N,OK,2017-07-26 00:00:00
movie,9502,90,\N,\N,\N,OK,2017-07-26 00:00:00
movie,9504,100,\N,\N,\N,OK,2017-07-26 00:00:00
movie,9506,106,\N,\N,\N,OK,2017-07-26 00:00:00
movie,9507,100,\N,\N,\N,OK,2017-07-26 00:00:00
movie,9509,146,\N,\N,\N,OK,2017-07-26 00:00:00
movie,9513,78,\N,\N,\N,OK,2017-07-26 00:00:00
movie,9515,96,\N,\N,\N,OK,2017-07-26 00:00:00
movie,9516,97,\N,\N,\N,OK,2017-07-26 00:00:00
movie,9517,113,\N,\N,\N,OK,2017-07-26 00:00:00
movie,9519,94,\N,\N,\N,OK,2017-07-26 00:00:00
movie,9522,119,\N,\N,\N,OK,2017-07-26 00:00:00
movie,9523,121,\N,\N,\N,OK,2017-07-26 00:00:00
movie,9524,126,\N,\N,\N,OK,2017-07-26 00:00:00
movie,9526,105,\N,\N,\N,OK,2017-07-26 00:00:00
movie,9529,99,\N,\N,\N,OK,2017-07-26 00:00:00
movie,9530,99,\N,\N,\N,OK,2017-07-26 00:00:00
movie,9531,125,\N,\N,\N,OK,2017-07-26 00:00:00
movie,9532,98,\N,\N,\N,OK,2017-07-26 00:00:00
movie,9533,124,\N,\N,\N,OK,2017-07-26 00:00:00
movie,9534,105,\N,\N,\N,OK,2017-07-26 00:00:00
movie,9535,103,\N,\N,\N,OK,2017-07-26 00:00:00
movie,9536,88,\N,\N,\N,OK,2017-07-26 00:00:00
movie,9538,103,\N,\N,\N,OK,2017-07-26 00:00:00
movie,9540,115,\N,\N,\N,OK,2017-07-26 00:00:00
movie,9541,102,\N,\N,\N,OK,2017-07-26 00:00:00
movie,9542,97,\N,\N,\N,OK,2017-07-26 00:00:00
movie,9543,116,\N,\N,\N,OK,2017-07-26 00:00:00
movie,9544,101,\N,\N,\N,OK,2017-07-26 00:00:00
movie,9545,98,\N,\N,\N,OK,2017-07-26 00:00:00
movie,9548,104,\N,\N,\N,OK,2017-07-26 00:00:00
movie,9549,193,\N,\N,\N,OK,2017-07-26 00:00:00
movie,9550,119,\N,\N,\N,OK,2017-07-26 00:00:00
movie,9552,122,\N,\N,\N,OK,2017-07-26 00:00:00
movie,9555,94,\N,\N,\N,OK,2017-07-26 00:00:00
movie,9556,96,\N,\N,\N,OK,2017-07-26 00:00:00
movie,9557,94,\N,\N,\N,OK,2017-07-26 00:00:00
movie,9558,103,\N,\N,\N,OK,2017-07-26 00:00:00
movie,9559,138,\N,\N,\N,OK,2017-07-26 00:00:00
movie,9560,103,\N,\N,\N,OK,2017-07-26 00:00:00
movie,9562,116,\N,\N,\N,OK,2017-07-26 00:00:00
movie,9563,163,\N,\N,\N,OK,2017-07-26 00:00:00
movie,9564,109,\N,\N,\N,OK,2017-07-26 00:00:00
movie,9566,116,\N,\N,\N,OK,2017-07-26 00:00:00
movie,9567,121,\N,\N,\N,OK,2017-07-26 00:00:00
movie,9568,92,\N,\N,\N,OK,2017-07-26 00:00:00
movie,9570,98,\N,\N,\N,OK,2017-07-26 00:00:00
movie,9571,102,\N,\N,\N,OK,2017-07-26 00:00:00
movie,9573,110,\N,\N,\N,OK,2017-07-26 00:00:00
movie,9574,93,\N,\N,\N,OK,2017-07-26 00:00:00
movie,9576,116,\N,\N,\N,OK,2017-07-26 00:00:00
movie,9581,102,\N,\N,\N,OK,2017-07-26 00:00:00
movie,9582,101,\N,\N,\N,OK,2017-07-26 00:00:00
movie,9583,116,\N,\N,\N,OK,2017-07-26 00:00:00
movie,9585,116,\N,\N,\N,OK,2017-07-26 00:00:00
movie,9586,125,\N,\N,\N,OK,2017-07-26 00:00:00
movie,9587,115,\N,\N,\N,OK,2017-07-26 00:00:00
movie,9588,119,\N,\N,\N,OK,2017-07-26 00:00:00
movie,9589,138,\N,\N,\N,OK,2017-07-26 00:00:00
movie,9591,108,\N,\N,\N,OK,2017-07-26 00:00:00
movie,9592,94,\N,\N,\N,OK,2017-07-26 00:00:00
movie,9593,130,\N,\N,\N,OK,2017-07-26 00:00:00
movie,9594,110,\N,\N,\N,OK,2017-07-26 00:00:00
movie,9595,84,\N,\N,\N,OK,2017-07-26 00:00:00
movie,9597,98,\N,\N,\N,OK,2017-07-26 00:00:00
movie,9598,89,\N,\N,\N,OK,2017-07-26 00:00:00
movie,9599,95,\N,\N,\N,OK,2017-07-26 00:00:00
movie,9600,98,\N,\N,\N,OK,2017-07-26 00:00:00
movie,9602,116,\N,\N,\N,OK,2017-07-26 00:00:00
movie,9603,97,\N,\N,\N,OK,2017-07-26 00:00:00
movie,9604,104,\N,\N,\N,OK,2017-07-26 00:00:00
movie,9605,107,\N,\N,\N,OK,2017-07-26 00:00:00
movie,9606,108,\N,\N,\N,OK,2017-07-26 00:00:00
movie,9607,104,\N,\N,\N,OK,2017-07-26 00:00:00
movie,9609,110,\N,\N,\N,OK,2017-07-26 00:00:00
movie,9610,103,\N,\N,\N,OK,2017-07-26 00:00:00
movie,9611,92,\N,\N,\N,OK,2017-07-26 00:00:00
movie,9612,88,\N,\N,\N,OK,2017-07-26 00:00:00
movie,9613,98,\N,\N,\N,OK,2017-07-26 00:00:00
movie,9614,92,\N,\N,\N,OK,2017-07-26 00:00:00
movie,9615,104,\N,\N,\N,OK,2017-07-26 00:00:00
movie,9618,104,\N,\N,\N,OK,2017-07-26 00:00:00
movie,9619,108,\N,\N,\N,OK,2017-07-26 00:00:00
movie,9620,119,\N,\N,\N,OK,2017-07-26 00:00:00
movie,9621,123,\N,\N,\N,OK,2017-07-26 00:00:00
movie,9622,88,\N,\N,\N,OK,2017-07-26 00:00:00
movie,9623,118,\N,\N,\N,OK,2017-07-26 00:00:00
movie,9625,92,\N,\N,\N,OK,2017-07-26 00:00:00
movie,9626,89,\N,\N,\N,OK,2017-07-26 00:00:00
movie,9631,140,\N,\N,\N,OK,2017-07-26 00:00:00
movie,9637,88,\N,\N,\N,OK,2017-07-26 00:00:00
movie,9638,89,\N,\N,\N,OK,2017-07-26 00:00:00
movie,9641,94,\N,\N,\N,OK,2017-07-26 00:00:00
movie,9642,78,\N,\N,\N,OK,2017-07-26 00:00:00
movie,9644,84,\N,\N,\N,OK,2017-07-26 00:00:00
movie,9645,91,\N,\N,\N,OK,2017-07-26 00:00:00
movie,9647,101,\N,\N,\N,OK,2017-07-26 00:00:00
movie,9651,124,\N,\N,\N,OK,2017-07-26 00:00:00
movie,9652,121,\N,\N,\N,OK,2017-07-26 00:00:00
movie,9653,88,\N,\N,\N,OK,2017-07-26 00:00:00
movie,9654,110,\N,\N,\N,OK,2017-07-26 00:00:00
movie,9655,105,\N,\N,\N,OK,2017-07-26 00:00:00
movie,9656,84,\N,\N,\N,OK,2017-07-26 00:00:00
movie,9659,93,\N,\N,\N,OK,2017-07-26 00:00:00
movie,9660,124,\N,\N,\N,OK,2017-07-26 00:00:00
movie,9662,80,\N,\N,\N,OK,2017-07-26 00:00:00
movie,9663,115,\N,\N,\N,OK,2017-07-26 00:00:00
movie,9664,140,\N,\N,\N,OK,2017-07-26 00:00:00
movie,9665,122,\N,\N,\N,OK,2017-07-26 00:00:00
movie,9667,103,\N,\N,\N,OK,2017-07-26 00:00:00
movie,9671,97,\N,\N,\N,OK,2017-07-26 00:00:00
movie,9672,110,\N,\N,\N,OK,2017-07-26 00:00:00
movie,9674,99,\N,\N,\N,OK,2017-07-26 00:00:00
movie,9675,126,\N,\N,\N,OK,2017-07-26 00:00:00
movie,9676,121,\N,\N,\N,OK,2017-07-26 00:00:00
movie,9678,90,\N,\N,\N,OK,2017-07-26 00:00:00
movie,9679,118,\N,\N,\N,OK,2017-07-26 00:00:00
movie,9681,112,\N,\N,\N,OK,2017-07-26 00:00:00
movie,9682,90,\N,\N,\N,OK,2017-07-26 00:00:00
movie,9683,84,\N,\N,\N,OK,2017-07-26 00:00:00
movie,9684,95,\N,\N,\N,OK,2017-07-26 00:00:00
movie,9685,97,\N,\N,\N,OK,2017-07-26 00:00:00
movie,9686,124,\N,\N,\N,OK,2017-07-26 00:00:00
movie,9688,100,\N,\N,\N,OK,2017-07-26 00:00:00
movie,9689,112,\N,\N,\N,OK,2017-07-26 00:00:00
movie,9691,132,\N,\N,\N,OK,2017-07-26 00:00:00
movie,9692,87,\N,\N,\N,OK,2017-07-26 00:00:00
movie,9693,109,\N,\N,\N,OK,2017-07-26 00:00:00
movie,9694,112,\N,\N,\N,OK,2017-07-26 00:00:00
movie,9696,129,\N,\N,\N,OK,2017-07-26 00:00:00
movie,9697,110,\N,\N,\N,OK,2017-07-26 00:00:00
movie,9699,96,\N,\N,\N,OK,2017-07-26 00:00:00
movie,9701,126,\N,\N,\N,OK,2017-07-26 00:00:00
movie,9702,180,\N,\N,\N,OK,2017-07-26 00:00:00
movie,9703,102,\N,\N,\N,OK,2017-07-26 00:00:00
movie,9705,99,\N,\N,\N,OK,2017-07-26 00:00:00
movie,9707,92,\N,\N,\N,OK,2017-07-26 00:00:00
movie,9708,102,\N,\N,\N,OK,2017-07-26 00:00:00
movie,9710,99,\N,\N,\N,OK,2017-07-26 00:00:00
movie,9711,111,\N,\N,\N,OK,2017-07-26 00:00:00
movie,9713,114,\N,\N,\N,OK,2017-07-26 00:00:00
movie,9714,102,\N,\N,\N,OK,2017-07-26 00:00:00
movie,9715,114,\N,\N,\N,OK,2017-07-26 00:00:00
movie,9716,101,\N,\N,\N,OK,2017-07-26 00:00:00
movie,9718,116,\N,\N,\N,OK,2017-07-26 00:00:00
movie,9719,113,\N,\N,\N,OK,2017-07-26 00:00:00
movie,9722,102,\N,\N,\N,OK,2017-07-26 00:00:00
movie,9725,87,\N,\N,\N,OK,2017-07-26 00:00:00
movie,9726,118,\N,\N,\N,OK,2017-07-26 00:00:00
movie,9728,95,\N,\N,\N,OK,2017-07-26 00:00:00
movie,9730,91,\N,\N,\N,OK,2017-07-26 00:00:00
movie,9731,92,\N,\N,\N,OK,2017-07-26 00:00:00
movie,9732,81,\N,\N,\N,OK,2017-07-26 00:00:00
movie,9737,118,\N,\N,\N,OK,2017-07-26 00:00:00
movie,9738,106,\N,\N,\N,OK,2017-07-26 00:00:00
movie,9739,115,\N,\N,\N,OK,2017-07-26 00:00:00
movie,9740,131,\N,\N,\N,OK,2017-07-26 00:00:00
movie,9741,106,\N,\N,\N,OK,2017-07-26 00:00:00
movie,9745,101,\N,\N,\N,OK,2017-07-26 00:00:00
movie,9746,134,\N,\N,\N,OK,2017-07-26 00:00:00
movie,9748,96,\N,\N,\N,OK,2017-07-26 00:00:00
movie,9749,98,\N,\N,\N,OK,2017-07-26 00:00:00
movie,9750,90,\N,\N,\N,OK,2017-07-26 00:00:00
movie,9754,105,\N,\N,\N,OK,2017-07-26 00:00:00
movie,9757,101,\N,\N,\N,OK,2017-07-26 00:00:00
movie,9759,94,\N,\N,\N,OK,2017-07-26 00:00:00
movie,9760,86,\N,\N,\N,OK,2017-07-26 00:00:00
movie,9762,104,\N,\N,\N,OK,2017-07-26 00:00:00
movie,9763,118,\N,\N,\N,OK,2017-07-26 00:00:00
movie,9764,144,\N,\N,\N,OK,2017-07-26 00:00:00
movie,9766,125,\N,\N,\N,OK,2017-07-26 00:00:00
movie,9767,106,\N,\N,\N,OK,2017-07-26 00:00:00
movie,9768,85,\N,\N,\N,OK,2017-07-26 00:00:00
movie,9769,137,\N,\N,\N,OK,2017-07-26 00:00:00
movie,9770,114,\N,\N,\N,OK,2017-07-26 00:00:00
movie,9771,107,\N,\N,\N,OK,2017-07-26 00:00:00
movie,9772,124,\N,\N,\N,OK,2017-07-26 00:00:00
movie,9775,104,\N,\N,\N,OK,2017-07-26 00:00:00
movie,9776,95,\N,\N,\N,OK,2017-07-26 00:00:00
movie,9777,100,\N,\N,\N,OK,2017-07-26 00:00:00
movie,9778,90,\N,\N,\N,OK,2017-07-26 00:00:00
movie,9779,119,\N,\N,\N,OK,2017-07-26 00:00:00
movie,9781,95,\N,\N,\N,OK,2017-07-26 00:00:00
movie,9782,91,\N,\N,\N,OK,2017-07-26 00:00:00
movie,9785,102,\N,\N,\N,OK,2017-07-26 00:00:00
movie,9786,102,\N,\N,\N,OK,2017-07-26 00:00:00
movie,9787,107,\N,\N,\N,OK,2017-07-26 00:00:00
movie,9788,93,\N,\N,\N,OK,2017-07-26 00:00:00
movie,9791,94,\N,\N,\N,OK,2017-07-26 00:00:00
movie,9792,107,\N,\N,\N,OK,2017-07-26 00:00:00
movie,9793,89,\N,\N,\N,OK,2017-07-26 00:00:00
movie,9794,103,\N,\N,\N,OK,2017-07-26 00:00:00
movie,9795,180,\N,\N,\N,OK,2017-07-26 00:00:00
movie,9798,132,\N,\N,\N,OK,2017-07-26 00:00:00
movie,9799,106,\N,\N,\N,OK,2017-07-26 00:00:00
movie,9800,125,\N,\N,\N,OK,2017-07-26 00:00:00
movie,9801,108,\N,\N,\N,OK,2017-07-26 00:00:00
movie,9802,136,\N,\N,\N,OK,2017-07-26 00:00:00
movie,9804,135,\N,\N,\N,OK,2017-07-26 00:00:00
movie,9806,115,\N,\N,\N,OK,2017-07-26 00:00:00
movie,9809,84,\N,\N,\N,OK,2017-07-26 00:00:00
movie,9812,84,\N,\N,\N,OK,2017-07-26 00:00:00
movie,9816,112,\N,\N,\N,OK,2017-07-26 00:00:00
movie,9819,98,\N,\N,\N,OK,2017-07-26 00:00:00
movie,9820,127,\N,\N,\N,OK,2017-07-26 00:00:00
movie,9821,100,\N,\N,\N,OK,2017-07-26 00:00:00
movie,9822,114,\N,\N,\N,OK,2017-07-26 00:00:00
movie,9823,95,\N,\N,\N,OK,2017-07-26 00:00:00
movie,9824,121,\N,\N,\N,OK,2017-07-26 00:00:00
movie,9825,82,\N,\N,\N,OK,2017-07-26 00:00:00
movie,9826,100,\N,\N,\N,OK,2017-07-26 00:00:00
movie,9827,91,\N,\N,\N,OK,2017-07-26 00:00:00
movie,9828,98,\N,\N,\N,OK,2017-07-26 00:00:00
movie,9829,111,\N,\N,\N,OK,2017-07-26 00:00:00
movie,9833,143,\N,\N,\N,OK,2017-07-26 00:00:00
movie,9835,84,\N,\N,\N,OK,2017-07-26 00:00:00
movie,9836,108,\N,\N,\N,OK,2017-07-26 00:00:00
movie,9837,99,\N,\N,\N,OK,2017-07-26 00:00:00
movie,9838,100,\N,\N,\N,OK,2017-07-26 00:00:00
movie,9839,127,\N,\N,\N,OK,2017-07-26 00:00:00
movie,9840,113,\N,\N,\N,OK,2017-07-26 00:00:00
movie,9842,100,\N,\N,\N,OK,2017-07-26 00:00:00
movie,9844,105,\N,\N,\N,OK,2017-07-26 00:00:00
movie,9846,116,\N,\N,\N,OK,2017-07-26 00:00:00
movie,9849,94,\N,\N,\N,OK,2017-07-26 00:00:00
movie,9869,117,\N,\N,\N,OK,2017-07-26 00:00:00
movie,9870,111,\N,\N,\N,OK,2017-07-26 00:00:00
movie,9871,108,\N,\N,\N,OK,2017-07-26 00:00:00
movie,9872,109,\N,\N,\N,OK,2017-07-26 00:00:00
movie,9873,109,\N,\N,\N,OK,2017-07-26 00:00:00
movie,9874,87,\N,\N,\N,OK,2017-07-26 00:00:00
movie,9876,87,\N,\N,\N,OK,2017-07-26 00:00:00
movie,9877,99,\N,\N,\N,OK,2017-07-26 00:00:00
movie,9879,115,\N,\N,\N,OK,2017-07-26 00:00:00
movie,9880,115,\N,\N,\N,OK,2017-07-26 00:00:00
movie,9882,116,\N,\N,\N,OK,2017-07-26 00:00:00
movie,9884,108,\N,\N,\N,OK,2017-07-26 00:00:00
movie,9885,99,\N,\N,\N,OK,2017-07-26 00:00:00
movie,9886,97,\N,\N,\N,OK,2017-07-26 00:00:00
movie,9889,114,\N,\N,\N,OK,2017-07-26 00:00:00
movie,9890,93,\N,\N,\N,OK,2017-07-26 00:00:00
movie,9894,96,\N,\N,\N,OK,2017-07-26 00:00:00
movie,9895,115,\N,\N,\N,OK,2017-07-26 00:00:00
movie,9896,112,\N,\N,\N,OK,2017-07-26 00:00:00
movie,9899,134,\N,\N,\N,OK,2017-07-26 00:00:00
movie,9900,94,\N,\N,\N,OK,2017-07-26 00:00:00
movie,9902,84,\N,\N,\N,OK,2017-07-26 00:00:00
movie,9903,116,\N,\N,\N,OK,2017-07-26 00:00:00
movie,9904,94,\N,\N,\N,OK,2017-07-26 00:00:00
movie,9905,92,\N,\N,\N,OK,2017-07-26 00:00:00
movie,9906,88,\N,\N,\N,OK,2017-07-26 00:00:00
movie,9909,99,\N,\N,\N,OK,2017-07-26 00:00:00
movie,9910,122,\N,\N,\N,OK,2017-07-26 00:00:00
movie,9912,127,\N,\N,\N,OK,2017-07-26 00:00:00
movie,9913,104,\N,\N,\N,OK,2017-07-26 00:00:00
movie,9918,118,\N,\N,\N,OK,2017-07-26 00:00:00
movie,9919,116,\N,\N,\N,OK,2017-07-26 00:00:00
movie,9920,87,\N,\N,\N,OK,2017-07-26 00:00:00
movie,9922,177,\N,\N,\N,OK,2017-07-26 00:00:00
movie,9923,127,\N,\N,\N,OK,2017-07-26 00:00:00
movie,9927,94,\N,\N,\N,OK,2017-07-26 00:00:00
movie,9928,91,\N,\N,\N,OK,2017-07-26 00:00:00
movie,9929,72,\N,\N,\N,OK,2017-07-26 00:00:00
movie,9930,116,\N,\N,\N,OK,2017-07-26 00:00:00
movie,9932,96,\N,\N,\N,OK,2017-07-26 00:00:00
movie,9941,103,\N,\N,\N,OK,2017-07-26 00:00:00
movie,9942,107,\N,\N,\N,OK,2017-07-26 00:00:00
movie,9944,141,\N,\N,\N,OK,2017-07-26 00:00:00
movie,9945,108,\N,\N,\N,OK,2017-07-26 00:00:00
movie,9946,121,\N,\N,\N,OK,2017-07-26 00:00:00
movie,9947,97,\N,\N,\N,OK,2017-07-26 00:00:00
movie,9948,69,\N,\N,\N,OK,2017-07-26 00:00:00
movie,9950,125,\N,\N,\N,OK,2017-07-26 00:00:00
movie,9952,126,\N,\N,\N,OK,2017-07-26 00:00:00
movie,9953,119,\N,\N,\N,OK,2017-07-26 00:00:00
movie,9954,97,\N,\N,\N,OK,2017-07-26 00:00:00
movie,9955,93,\N,\N,\N,OK,2017-07-26 00:00:00
movie,9957,80,\N,\N,\N,OK,2017-07-26 00:00:00
movie,9959,113,\N,\N,\N,OK,2017-07-26 00:00:00
movie,9960,92,\N,\N,\N,OK,2017-07-26 00:00:00
movie,9962,93,\N,\N,\N,OK,2017-07-26 00:00:00
movie,9963,96,\N,\N,\N,OK,2017-07-26 00:00:00
movie,9964,91,\N,\N,\N,OK,2017-07-26 00:00:00
movie,9965,93,\N,\N,\N,OK,2017-07-26 00:00:00
movie,9966,90,\N,\N,\N,OK,2017-07-26 00:00:00
movie,9967,105,\N,\N,\N,OK,2017-07-26 00:00:00
movie,9975,86,\N,\N,\N,OK,2017-07-26 00:00:00
movie,9977,101,\N,\N,\N,OK,2017-07-26 00:00:00
movie,9980,97,\N,\N,\N,OK,2017-07-26 00:00:00
movie,9981,95,\N,\N,\N,OK,2017-07-26 00:00:00
movie,9982,81,\N,\N,\N,OK,2017-07-26 00:00:00
movie,9986,97,\N,\N,\N,OK,2017-07-26 00:00:00
movie,9988,110,\N,\N,\N,OK,2017-07-26 00:00:00
movie,9989,108,\N,\N,\N,OK,2017-07-26 00:00:00
movie,9991,99,\N,\N,\N,OK,2017-07-26 00:00:00
movie,9994,74,\N,\N,\N,OK,2017-07-26 00:00:00
movie,10001,91,\N,\N,\N,OK,2017-07-26 00:00:00
movie,10002,104,\N,\N,\N,OK,2017-07-26 00:00:00
movie,10003,116,\N,\N,\N,OK,2017-07-26 00:00:00
movie,10005,96,\N,\N,\N,OK,2017-07-26 00:00:00
movie,10008,83,\N,\N,\N,OK,2017-07-26 00:00:00
movie,10009,85,\N,\N,\N,OK,2017-07-26 00:00:00
movie,10012,97,\N,\N,\N,OK,2017-07-26 00:00:00
movie,10013,103,\N,\N,\N,OK,2017-07-26 00:00:00
movie,10014,87,\N,\N,\N,OK,2017-07-26 00:00:00
movie,10015,130,\N,\N,\N,OK,2017-07-26 00:00:00
movie,10016,98,\N,\N,\N,OK,2017-07-26 00:00:00
movie,10017,93,\N,\N,\N,OK,2017-07-26 00:00:00
movie,10019,89,\N,\N,\N,OK,2017-07-26 00:00:00
movie,10020,84,\N,\N,\N,OK,2017-07-26 00:00:00
movie,10021,111,\N,\N,\N,OK,2017-07-26 00:00:00
movie,10022,95,\N,\N,\N,OK,2017-07-26 00:00:00
movie,10023,106,\N,\N,\N,OK,2017-07-26 00:00:00
movie,10024,109,\N,\N,\N,OK,2017-07-26 00:00:00
movie,10025,103,\N,\N,\N,OK,2017-07-26 00:00:00
movie,10027,103,\N,\N,\N,OK,2017-07-26 00:00:00
movie,10028,94,\N,\N,\N,OK,2017-07-26 00:00:00
movie,10029,100,\N,\N,\N,OK,2017-07-26 00:00:00
movie,10030,101,\N,\N,\N,OK,2017-07-26 00:00:00
movie,10033,96,\N,\N,\N,OK,2017-07-26 00:00:00
movie,10034,86,\N,\N,\N,OK,2017-07-26 00:00:00
movie,10035,94,\N,\N,\N,OK,2017-07-26 00:00:00
movie,10040,115,\N,\N,\N,OK,2017-07-26 00:00:00
movie,10044,96,\N,\N,\N,OK,2017-07-26 00:00:00
movie,10045,84,\N,\N,\N,OK,2017-07-26 00:00:00
movie,10046,124,\N,\N,\N,OK,2017-07-26 00:00:00
movie,10047,148,\N,\N,\N,OK,2017-07-26 00:00:00
movie,10048,121,\N,\N,\N,OK,2017-07-26 00:00:00
movie,10050,87,\N,\N,\N,OK,2017-07-26 00:00:00
movie,10052,104,\N,\N,\N,OK,2017-07-26 00:00:00
movie,10053,87,\N,\N,\N,OK,2017-07-26 00:00:00
movie,10054,88,\N,\N,\N,OK,2017-07-26 00:00:00
movie,10056,67,\N,\N,\N,OK,2017-07-26 00:00:00
movie,10057,105,\N,\N,\N,OK,2017-07-26 00:00:00
movie,10061,97,\N,\N,\N,OK,2017-07-26 00:00:00
movie,10063,90,\N,\N,\N,OK,2017-07-26 00:00:00
movie,10065,90,\N,\N,\N,OK,2017-07-26 00:00:00
movie,10066,113,\N,\N,\N,OK,2017-07-26 00:00:00
movie,10067,98,\N,\N,\N,OK,2017-07-26 00:00:00
movie,10068,117,\N,\N,\N,OK,2017-07-26 00:00:00
movie,10069,100,\N,\N,\N,OK,2017-07-26 00:00:00
movie,10070,95,\N,\N,\N,OK,2017-07-26 00:00:00
movie,10071,93,\N,\N,\N,OK,2017-07-26 00:00:00
movie,10072,96,\N,\N,\N,OK,2017-07-26 00:00:00
movie,10073,83,\N,\N,\N,OK,2017-07-26 00:00:00
movie,10074,88,\N,\N,\N,OK,2017-07-26 00:00:00
movie,10075,98,\N,\N,\N,OK,2017-07-26 00:00:00
movie,10077,110,\N,\N,\N,OK,2017-07-26 00:00:00
movie,10081,109,\N,\N,\N,OK,2017-07-26 00:00:00
movie,10083,114,\N,\N,\N,OK,2017-07-26 00:00:00
movie,10086,95,\N,\N,\N,OK,2017-07-26 00:00:00
movie,10090,84,\N,\N,\N,OK,2017-07-26 00:00:00
movie,10092,90,\N,\N,\N,OK,2017-07-26 00:00:00
movie,10096,98,\N,\N,\N,OK,2017-07-26 00:00:00
movie,10098,68,\N,\N,\N,OK,2017-07-26 00:00:00
movie,10102,135,\N,\N,\N,OK,2017-07-26 00:00:00
movie,10105,90,\N,\N,\N,OK,2017-07-26 00:00:00
movie,10110,153,\N,\N,\N,OK,2017-07-26 00:00:00
movie,10112,78,\N,\N,\N,OK,2017-07-26 00:00:00
movie,10115,105,\N,\N,\N,OK,2017-07-26 00:00:00
movie,10117,96,\N,\N,\N,OK,2017-07-26 00:00:00
movie,10118,97,\N,\N,\N,OK,2017-07-26 00:00:00
movie,10122,90,\N,\N,\N,OK,2017-07-26 00:00:00
movie,10126,120,\N,\N,\N,OK,2017-07-26 00:00:00
movie,10128,91,\N,\N,\N,OK,2017-07-26 00:00:00
movie,10130,129,\N,\N,\N,OK,2017-07-26 00:00:00
movie,10131,99,\N,\N,\N,OK,2017-07-26 00:00:00
movie,10132,110,\N,\N,\N,OK,2017-07-26 00:00:00
movie,10134,86,\N,\N,\N,OK,2017-07-26 00:00:00
movie,10135,114,\N,\N,\N,OK,2017-07-26 00:00:00
movie,10136,94,\N,\N,\N,OK,2017-07-26 00:00:00
movie,10137,84,\N,\N,\N,OK,2017-07-26 00:00:00
movie,10138,124,\N,\N,\N,OK,2017-07-26 00:00:00
movie,10139,128,\N,\N,\N,OK,2017-07-26 00:00:00
movie,10140,113,\N,\N,\N,OK,2017-07-26 00:00:00
movie,10141,110,\N,\N,\N,OK,2017-07-26 00:00:00
movie,10142,113,\N,\N,\N,OK,2017-07-26 00:00:00
movie,10144,83,\N,\N,\N,OK,2017-07-26 00:00:00
movie,10145,91,\N,\N,\N,OK,2017-07-26 00:00:00
movie,10147,91,\N,\N,\N,OK,2017-07-26 00:00:00
movie,10149,112,\N,\N,\N,OK,2017-07-26 00:00:00
movie,10150,92,\N,\N,\N,OK,2017-07-26 00:00:00
movie,10152,85,\N,\N,\N,OK,2017-07-26 00:00:00
movie,10153,134,\N,\N,\N,OK,2017-07-26 00:00:00
movie,10154,102,\N,\N,\N,OK,2017-07-26 00:00:00
movie,10155,125,\N,\N,\N,OK,2017-07-26 00:00:00
movie,10156,92,\N,\N,\N,OK,2017-07-26 00:00:00
movie,10157,87,\N,\N,\N,OK,2017-07-26 00:00:00
movie,10158,115,\N,\N,\N,OK,2017-07-26 00:00:00
movie,10159,104,\N,\N,\N,OK,2017-07-26 00:00:00
movie,10160,89,\N,\N,\N,OK,2017-07-26 00:00:00
movie,10161,103,\N,\N,\N,OK,2017-07-26 00:00:00
movie,10162,91,\N,\N,\N,OK,2017-07-26 00:00:00
movie,10163,108,\N,\N,\N,OK,2017-07-26 00:00:00
movie,10164,97,\N,\N,\N,OK,2017-07-26 00:00:00
movie,10166,91,\N,\N,\N,OK,2017-07-26 00:00:00
movie,10168,102,\N,\N,\N,OK,2017-07-26 00:00:00
movie,10169,98,\N,\N,\N,OK,2017-07-26 00:00:00
movie,10170,122,\N,\N,\N,OK,2017-07-26 00:00:00
movie,10172,92,\N,\N,\N,OK,2017-07-26 00:00:00
movie,10173,94,\N,\N,\N,OK,2017-07-26 00:00:00
movie,10174,119,\N,\N,\N,OK,2017-07-26 00:00:00
movie,10176,91,\N,\N,\N,OK,2017-07-26 00:00:00
movie,10177,93,\N,\N,\N,OK,2017-07-26 00:00:00
movie,10178,124,\N,\N,\N,OK,2017-07-26 00:00:00
movie,10180,109,\N,\N,\N,OK,2017-07-26 00:00:00
movie,10183,97,\N,\N,\N,OK,2017-07-26 00:00:00
movie,10184,129,\N,\N,\N,OK,2017-07-26 00:00:00
movie,10185,98,\N,\N,\N,OK,2017-07-26 00:00:00
movie,10186,102,\N,\N,\N,OK,2017-07-26 00:00:00
movie,10188,117,\N,\N,\N,OK,2017-07-26 00:00:00
movie,10189,111,\N,\N,\N,OK,2017-07-26 00:00:00
movie,10191,98,\N,\N,\N,OK,2017-07-26 00:00:00
movie,10192,93,\N,\N,\N,OK,2017-07-26 00:00:00
movie,10193,103,\N,\N,\N,OK,2017-07-26 00:00:00
movie,10195,115,\N,\N,\N,OK,2017-07-26 00:00:00
movie,10196,103,\N,\N,\N,OK,2017-07-26 00:00:00
movie,10198,97,\N,\N,\N,OK,2017-07-26 00:00:00
movie,10199,93,\N,\N,\N,OK,2017-07-26 00:00:00
movie,10200,104,\N,\N,\N,OK,2017-07-26 00:00:00
movie,10201,104,\N,\N,\N,OK,2017-07-26 00:00:00
movie,10202,99,\N,\N,\N,OK,2017-07-26 00:00:00
movie,10204,120,\N,\N,\N,OK,2017-07-26 00:00:00
movie,10206,86,\N,\N,\N,OK,2017-07-26 00:00:00
movie,10207,131,\N,\N,\N,OK,2017-07-26 00:00:00
movie,10208,87,\N,\N,\N,OK,2017-07-26 00:00:00
movie,10209,98,\N,\N,\N,OK,2017-07-26 00:00:00
movie,10210,116,\N,\N,\N,OK,2017-07-26 00:00:00
movie,10212,100,\N,\N,\N,OK,2017-07-26 00:00:00
movie,10214,94,\N,\N,\N,OK,2017-07-26 00:00:00
movie,10215,99,\N,\N,\N,OK,2017-07-26 00:00:00
movie,10216,93,\N,\N,\N,OK,2017-07-26 00:00:00
movie,10217,112,\N,\N,\N,OK,2017-07-26 00:00:00
movie,10218,94,\N,\N,\N,OK,2017-07-26 00:00:00
movie,10219,127,\N,\N,\N,OK,2017-07-26 00:00:00
movie,10220,121,\N,\N,\N,OK,2017-07-26 00:00:00
movie,10222,97,\N,\N,\N,OK,2017-07-26 00:00:00
movie,10223,121,\N,\N,\N,OK,2017-07-26 00:00:00
movie,10225,86,\N,\N,\N,OK,2017-07-26 00:00:00
movie,10226,91,\N,\N,\N,OK,2017-07-26 00:00:00
movie,10227,124,\N,\N,\N,OK,2017-07-26 00:00:00
movie,10228,75,\N,\N,\N,OK,2017-07-26 00:00:00
movie,10229,101,\N,\N,\N,OK,2017-07-26 00:00:00
movie,10234,103,\N,\N,\N,OK,2017-07-26 00:00:00
movie,10235,112,\N,\N,\N,OK,2017-07-26 00:00:00
movie,10236,118,\N,\N,\N,OK,2017-07-26 00:00:00
movie,10238,91,\N,\N,\N,OK,2017-07-26 00:00:00
movie,10239,112,\N,\N,\N,OK,2017-07-26 00:00:00
movie,10242,135,\N,\N,\N,OK,2017-07-26 00:00:00
movie,10243,142,\N,\N,\N,OK,2017-07-26 00:00:00
movie,10246,94,\N,\N,\N,OK,2017-07-26 00:00:00
movie,10249,108,\N,\N,\N,OK,2017-07-26 00:00:00
movie,10258,11,\N,\N,\N,OK,2017-07-26 00:00:00
movie,10264,130,\N,\N,\N,OK,2017-07-26 00:00:00
movie,10269,132,\N,\N,\N,OK,2017-07-26 00:00:00
movie,10276,100,\N,\N,\N,OK,2017-07-26 00:00:00
movie,10278,109,\N,\N,\N,OK,2017-07-26 00:00:00
movie,10279,142,\N,\N,\N,OK,2017-07-26 00:00:00
movie,10280,92,\N,\N,\N,OK,2017-07-26 00:00:00
movie,10281,88,\N,\N,\N,OK,2017-07-26 00:00:00
movie,10283,100,\N,\N,\N,OK,2017-07-26 00:00:00
movie,10288,91,\N,\N,\N,OK,2017-07-26 00:00:00
movie,10293,94,\N,\N,\N,OK,2017-07-26 00:00:00
movie,10294,80,\N,\N,\N,OK,2017-07-26 00:00:00
movie,10297,95,\N,\N,\N,OK,2017-07-26 00:00:00
movie,10299,133,\N,\N,\N,OK,2017-07-26 00:00:00
movie,10303,106,\N,\N,\N,OK,2017-07-26 00:00:00
movie,10304,88,\N,\N,\N,OK,2017-07-26 00:00:00
movie,10306,98,\N,\N,\N,OK,2017-07-26 00:00:00
movie,10307,103,\N,\N,\N,OK,2017-07-26 00:00:00
movie,10312,115,\N,\N,\N,OK,2017-07-26 00:00:00
movie,10313,93,\N,\N,\N,OK,2017-07-26 00:00:00
movie,10314,95,\N,\N,\N,OK,2017-07-26 00:00:00
movie,10315,87,\N,\N,\N,OK,2017-07-26 00:00:00
movie,10316,101,\N,\N,\N,OK,2017-07-26 00:00:00
movie,10317,108,\N,\N,\N,OK,2017-07-26 00:00:00
movie,10319,82,\N,\N,\N,OK,2017-07-26 00:00:00
movie,10320,110,\N,\N,\N,OK,2017-07-26 00:00:00
movie,10322,130,\N,\N,\N,OK,2017-07-26 00:00:00
movie,10323,118,\N,\N,\N,OK,2017-07-26 00:00:00
movie,10324,92,\N,\N,\N,OK,2017-07-26 00:00:00
movie,10326,102,\N,\N,\N,OK,2017-07-26 00:00:00
movie,10327,95,\N,\N,\N,OK,2017-07-26 00:00:00
movie,10328,117,\N,\N,\N,OK,2017-07-26 00:00:00
movie,10329,109,\N,\N,\N,OK,2017-07-26 00:00:00
movie,10330,97,\N,\N,\N,OK,2017-07-26 00:00:00
movie,10331,96,\N,\N,\N,OK,2017-07-26 00:00:00
movie,10333,132,\N,\N,\N,OK,2017-07-26 00:00:00
movie,10336,96,\N,\N,\N,OK,2017-07-26 00:00:00
movie,10337,134,\N,\N,\N,OK,2017-07-26 00:00:00
movie,10338,138,\N,\N,\N,OK,2017-07-26 00:00:00
movie,10339,116,\N,\N,\N,OK,2017-07-26 00:00:00
movie,10340,76,\N,\N,\N,OK,2017-07-26 00:00:00
movie,10341,287,\N,\N,\N,OK,2017-07-26 00:00:00
movie,10342,96,\N,\N,\N,OK,2017-07-26 00:00:00
movie,10344,105,\N,\N,\N,OK,2017-07-26 00:00:00
movie,10345,101,\N,\N,\N,OK,2017-07-26 00:00:00
movie,10347,103,\N,\N,\N,OK,2017-07-26 00:00:00
movie,10349,122,\N,\N,\N,OK,2017-07-26 00:00:00
movie,10350,100,\N,\N,\N,OK,2017-07-26 00:00:00
movie,10351,90,\N,\N,\N,OK,2017-07-26 00:00:00
movie,10354,127,\N,\N,\N,OK,2017-07-26 00:00:00
movie,10355,125,\N,\N,\N,OK,2017-07-26 00:00:00
movie,10357,104,\N,\N,\N,OK,2017-07-26 00:00:00
movie,10358,102,\N,\N,\N,OK,2017-07-26 00:00:00
movie,10360,96,\N,\N,\N,OK,2017-07-26 00:00:00
movie,10361,94,\N,\N,\N,OK,2017-07-26 00:00:00
movie,10364,121,\N,\N,\N,OK,2017-07-26 00:00:00
movie,10366,82,\N,\N,\N,OK,2017-07-26 00:00:00
movie,10368,117,\N,\N,\N,OK,2017-07-26 00:00:00
movie,10371,115,\N,\N,\N,OK,2017-07-26 00:00:00
movie,10372,100,\N,\N,\N,OK,2017-07-26 00:00:00
movie,10373,120,\N,\N,\N,OK,2017-07-26 00:00:00
movie,10375,96,\N,\N,\N,OK,2017-07-26 00:00:00
movie,10376,170,\N,\N,\N,OK,2017-07-26 00:00:00
movie,10377,120,\N,\N,\N,OK,2017-07-26 00:00:00
movie,10379,103,\N,\N,\N,OK,2017-07-26 00:00:00
movie,10380,75,\N,\N,\N,OK,2017-07-26 00:00:00
movie,10381,93,\N,\N,\N,OK,2017-07-26 00:00:00
movie,10384,91,\N,\N,\N,OK,2017-07-26 00:00:00
movie,10385,94,\N,\N,\N,OK,2017-07-26 00:00:00
movie,10386,86,\N,\N,\N,OK,2017-07-26 00:00:00
movie,10387,162,\N,\N,\N,OK,2017-07-26 00:00:00
movie,10388,89,\N,\N,\N,OK,2017-07-26 00:00:00
movie,10389,98,\N,\N,\N,OK,2017-07-26 00:00:00
movie,10390,137,\N,\N,\N,OK,2017-07-26 00:00:00
movie,10391,107,\N,\N,\N,OK,2017-07-26 00:00:00
movie,10393,118,\N,\N,\N,OK,2017-07-26 00:00:00
movie,10394,103,\N,\N,\N,OK,2017-07-26 00:00:00
movie,10395,125,\N,\N,\N,OK,2017-07-26 00:00:00
movie,10396,115,\N,\N,\N,OK,2017-07-26 00:00:00
movie,10397,145,\N,\N,\N,OK,2017-07-26 00:00:00
movie,10398,105,\N,\N,\N,OK,2017-07-26 00:00:00
movie,10399,112,\N,\N,\N,OK,2017-07-26 00:00:00
movie,10400,146,\N,\N,\N,OK,2017-07-26 00:00:00
movie,10401,90,\N,\N,\N,OK,2017-07-26 00:00:00
movie,10402,88,\N,\N,\N,OK,2017-07-26 00:00:00
movie,10403,124,\N,\N,\N,OK,2017-07-26 00:00:00
movie,10404,125,\N,\N,\N,OK,2017-07-26 00:00:00
movie,10406,88,\N,\N,\N,OK,2017-07-26 00:00:00
movie,10407,102,\N,\N,\N,OK,2017-07-26 00:00:00
movie,10409,94,\N,\N,\N,OK,2017-07-26 00:00:00
movie,10410,140,\N,\N,\N,OK,2017-07-26 00:00:00
movie,10411,112,\N,\N,\N,OK,2017-07-26 00:00:00
movie,10412,94,\N,\N,\N,OK,2017-07-26 00:00:00
movie,10414,101,\N,\N,\N,OK,2017-07-26 00:00:00
movie,10416,105,\N,\N,\N,OK,2017-07-26 00:00:00
movie,10419,112,\N,\N,\N,OK,2017-07-26 00:00:00
movie,10423,120,\N,\N,\N,OK,2017-07-26 00:00:00
movie,10424,124,\N,\N,\N,OK,2017-07-26 00:00:00
movie,10426,85,\N,\N,\N,OK,2017-07-26 00:00:00
movie,10427,98,\N,\N,\N,OK,2017-07-26 00:00:00
movie,10428,107,\N,\N,\N,OK,2017-07-26 00:00:00
movie,10433,96,\N,\N,\N,OK,2017-07-26 00:00:00
movie,10434,144,\N,\N,\N,OK,2017-07-26 00:00:00
movie,10435,143,\N,\N,\N,OK,2017-07-26 00:00:00
movie,10436,139,\N,\N,\N,OK,2017-07-26 00:00:00
movie,10437,85,\N,\N,\N,OK,2017-07-26 00:00:00
movie,10438,89,\N,\N,\N,OK,2017-07-26 00:00:00
movie,10439,96,\N,\N,\N,OK,2017-07-26 00:00:00
movie,10440,104,\N,\N,\N,OK,2017-07-26 00:00:00
movie,10442,93,\N,\N,\N,OK,2017-07-26 00:00:00
movie,10443,122,\N,\N,\N,OK,2017-07-26 00:00:00
movie,10445,131,\N,\N,\N,OK,2017-07-26 00:00:00
movie,10447,118,\N,\N,\N,OK,2017-07-26 00:00:00
movie,10449,126,\N,\N,\N,OK,2017-07-26 00:00:00
movie,10450,81,\N,\N,\N,OK,2017-07-26 00:00:00
movie,10451,123,\N,\N,\N,OK,2017-07-26 00:00:00
movie,10452,162,\N,\N,\N,OK,2017-07-26 00:00:00
movie,10461,102,\N,\N,\N,OK,2017-07-26 00:00:00
movie,10464,115,\N,\N,\N,OK,2017-07-26 00:00:00
movie,10466,91,\N,\N,\N,OK,2017-07-26 00:00:00
movie,10467,118,\N,\N,\N,OK,2017-07-26 00:00:00
movie,10468,103,\N,\N,\N,OK,2017-07-26 00:00:00
movie,10471,98,\N,\N,\N,OK,2017-07-26 00:00:00
movie,10472,91,\N,\N,\N,OK,2017-07-26 00:00:00
movie,10473,84,\N,\N,\N,OK,2017-07-26 00:00:00
movie,10474,102,\N,\N,\N,OK,2017-07-26 00:00:00
movie,10476,116,\N,\N,\N,OK,2017-07-26 00:00:00
movie,10477,116,\N,\N,\N,OK,2017-07-26 00:00:00
movie,10478,135,\N,\N,\N,OK,2017-07-26 00:00:00
movie,10479,128,\N,\N,\N,OK,2017-07-26 00:00:00
movie,10480,108,\N,\N,\N,OK,2017-07-26 00:00:00
movie,10481,100,\N,\N,\N,OK,2017-07-26 00:00:00
movie,10483,105,\N,\N,\N,OK,2017-07-26 00:00:00
movie,10485,84,\N,\N,\N,OK,2017-07-26 00:00:00
movie,10486,90,\N,\N,\N,OK,2017-07-26 00:00:00
movie,10488,96,\N,\N,\N,OK,2017-07-26 00:00:00
movie,10489,91,\N,\N,\N,OK,2017-07-26 00:00:00
movie,10490,98,\N,\N,\N,OK,2017-07-26 00:00:00
movie,10491,119,\N,\N,\N,OK,2017-07-26 00:00:00
movie,10493,96,\N,\N,\N,OK,2017-07-26 00:00:00
movie,10494,81,\N,\N,\N,OK,2017-07-26 00:00:00
movie,10495,112,\N,\N,\N,OK,2017-07-26 00:00:00
movie,10496,91,\N,\N,\N,OK,2017-07-26 00:00:00
movie,10497,139,\N,\N,\N,OK,2017-07-26 00:00:00
movie,10498,108,\N,\N,\N,OK,2017-07-26 00:00:00
movie,10499,102,\N,\N,\N,OK,2017-07-26 00:00:00
movie,10501,89,\N,\N,\N,OK,2017-07-26 00:00:00
movie,10502,114,\N,\N,\N,OK,2017-07-26 00:00:00
movie,10503,118,\N,\N,\N,OK,2017-07-26 00:00:00
movie,10510,114,\N,\N,\N,OK,2017-07-26 00:00:00
movie,10511,105,\N,\N,\N,OK,2017-07-26 00:00:00
movie,10513,79,\N,\N,\N,OK,2017-07-26 00:00:00
movie,10514,131,\N,\N,\N,OK,2017-07-26 00:00:00
movie,10515,124,\N,\N,\N,OK,2017-07-26 00:00:00
movie,10518,125,\N,\N,\N,OK,2017-07-26 00:00:00
movie,10520,87,\N,\N,\N,OK,2017-07-26 00:00:00
movie,10521,89,\N,\N,\N,OK,2017-07-26 00:00:00
movie,10523,131,\N,\N,\N,OK,2017-07-26 00:00:00
movie,10525,101,\N,\N,\N,OK,2017-07-26 00:00:00
movie,10527,89,\N,\N,\N,OK,2017-07-26 00:00:00
movie,10528,128,\N,\N,\N,OK,2017-07-26 00:00:00
movie,10529,115,\N,\N,\N,OK,2017-07-26 00:00:00
movie,10530,81,\N,\N,\N,OK,2017-07-26 00:00:00
movie,10531,103,\N,\N,\N,OK,2017-07-26 00:00:00
movie,10533,135,\N,\N,\N,OK,2017-07-26 00:00:00
movie,10534,129,\N,\N,\N,OK,2017-07-26 00:00:00
movie,10535,81,\N,\N,\N,OK,2017-07-26 00:00:00
movie,10536,99,\N,\N,\N,OK,2017-07-26 00:00:00
movie,10537,140,\N,\N,\N,OK,2017-07-26 00:00:00
movie,10538,84,\N,\N,\N,OK,2017-07-26 00:00:00
movie,10539,79,\N,\N,\N,OK,2017-07-26 00:00:00
movie,10540,112,\N,\N,\N,OK,2017-07-26 00:00:00
movie,10543,97,\N,\N,\N,OK,2017-07-26 00:00:00
movie,10544,110,\N,\N,\N,OK,2017-07-26 00:00:00
movie,10545,91,\N,\N,\N,OK,2017-07-26 00:00:00
movie,10546,84,\N,\N,\N,OK,2017-07-26 00:00:00
movie,10547,115,\N,\N,\N,OK,2017-07-26 00:00:00
movie,10548,89,\N,\N,\N,OK,2017-07-26 00:00:00
movie,10549,242,\N,\N,\N,OK,2017-07-26 00:00:00
movie,10550,91,\N,\N,\N,OK,2017-07-26 00:00:00
movie,10551,110,\N,\N,\N,OK,2017-07-26 00:00:00
movie,10552,94,\N,\N,\N,OK,2017-07-26 00:00:00
movie,10553,121,\N,\N,\N,OK,2017-07-26 00:00:00
movie,10555,90,\N,\N,\N,OK,2017-07-26 00:00:00
movie,10557,97,\N,\N,\N,OK,2017-07-26 00:00:00
movie,10559,118,\N,\N,\N,OK,2017-07-26 00:00:00
movie,10560,115,\N,\N,\N,OK,2017-07-26 00:00:00
movie,10562,110,\N,\N,\N,OK,2017-07-26 00:00:00
movie,10563,98,\N,\N,\N,OK,2017-07-26 00:00:00
movie,10564,120,\N,\N,\N,OK,2017-07-26 00:00:00
movie,10567,82,\N,\N,\N,OK,2017-07-26 00:00:00
movie,10569,94,\N,\N,\N,OK,2017-07-26 00:00:00
movie,10571,94,\N,\N,\N,OK,2017-07-26 00:00:00
movie,10573,103,\N,\N,\N,OK,2017-07-26 00:00:00
movie,10575,96,\N,\N,\N,OK,2017-07-26 00:00:00
movie,10576,113,\N,\N,\N,OK,2017-07-26 00:00:00
movie,10577,99,\N,\N,\N,OK,2017-07-26 00:00:00
movie,10585,87,\N,\N,\N,OK,2017-07-26 00:00:00
movie,10586,109,\N,\N,\N,OK,2017-07-26 00:00:00
movie,10587,88,\N,\N,\N,OK,2017-07-26 00:00:00
movie,10588,82,\N,\N,\N,OK,2017-07-26 00:00:00
movie,10589,97,\N,\N,\N,OK,2017-07-26 00:00:00
movie,10590,138,\N,\N,\N,OK,2017-07-26 00:00:00
movie,10591,108,\N,\N,\N,OK,2017-07-26 00:00:00
movie,10592,125,\N,\N,\N,OK,2017-07-26 00:00:00
movie,10599,108,\N,\N,\N,OK,2017-07-26 00:00:00
movie,10601,113,\N,\N,\N,OK,2017-07-26 00:00:00
movie,10603,92,\N,\N,\N,OK,2017-07-26 00:00:00
movie,10606,102,\N,\N,\N,OK,2017-07-26 00:00:00
movie,10607,89,\N,\N,\N,OK,2017-07-26 00:00:00
movie,10608,102,\N,\N,\N,OK,2017-07-26 00:00:00
movie,10609,122,\N,\N,\N,OK,2017-07-26 00:00:00
movie,10610,88,\N,\N,\N,OK,2017-07-26 00:00:00
movie,10611,102,\N,\N,\N,OK,2017-07-26 00:00:00
movie,10612,99,\N,\N,\N,OK,2017-07-26 00:00:00
movie,10615,81,\N,\N,\N,OK,2017-07-26 00:00:00
movie,10617,134,\N,\N,\N,OK,2017-07-26 00:00:00
movie,10618,113,\N,\N,\N,OK,2017-07-26 00:00:00
movie,10619,105,\N,\N,\N,OK,2017-07-26 00:00:00
movie,10622,113,\N,\N,\N,OK,2017-07-26 00:00:00
movie,10623,101,\N,\N,\N,OK,2017-07-26 00:00:00
movie,10625,97,\N,\N,\N,OK,2017-07-26 00:00:00
movie,10627,126,\N,\N,\N,OK,2017-07-26 00:00:00
movie,10628,89,\N,\N,\N,OK,2017-07-26 00:00:00
movie,10629,98,\N,\N,\N,OK,2017-07-26 00:00:00
movie,10631,93,\N,\N,\N,OK,2017-07-26 00:00:00
movie,10632,94,\N,\N,\N,OK,2017-07-26 00:00:00
movie,10633,109,\N,\N,\N,OK,2017-07-26 00:00:00
movie,10634,91,\N,\N,\N,OK,2017-07-26 00:00:00
movie,10635,93,\N,\N,\N,OK,2017-07-26 00:00:00
movie,10637,113,\N,\N,\N,OK,2017-07-26 00:00:00
movie,10640,104,\N,\N,\N,OK,2017-07-26 00:00:00
movie,10641,103,\N,\N,\N,OK,2017-07-26 00:00:00
movie,10642,98,\N,\N,\N,OK,2017-07-26 00:00:00
movie,10643,107,\N,\N,\N,OK,2017-07-26 00:00:00
movie,10644,171,\N,\N,\N,OK,2017-07-26 00:00:00
movie,10646,95,\N,\N,\N,OK,2017-07-26 00:00:00
movie,10647,122,\N,\N,\N,OK,2017-07-26 00:00:00
movie,10648,124,\N,\N,\N,OK,2017-07-26 00:00:00
movie,10649,96,\N,\N,\N,OK,2017-07-26 00:00:00
movie,10650,117,\N,\N,\N,OK,2017-07-26 00:00:00
movie,10651,91,\N,\N,\N,OK,2017-07-26 00:00:00
movie,10652,112,\N,\N,\N,OK,2017-07-26 00:00:00
movie,10653,105,\N,\N,\N,OK,2017-07-26 00:00:00
movie,10654,121,\N,\N,\N,OK,2017-07-26 00:00:00
movie,10655,254,\N,\N,\N,OK,2017-07-26 00:00:00
movie,10656,104,\N,\N,\N,OK,2017-07-26 00:00:00
movie,10657,120,\N,\N,\N,OK,2017-07-26 00:00:00
movie,10658,110,\N,\N,\N,OK,2017-07-26 00:00:00
movie,10660,101,\N,\N,\N,OK,2017-07-26 00:00:00
movie,10661,113,\N,\N,\N,OK,2017-07-26 00:00:00
movie,10663,90,\N,\N,\N,OK,2017-07-26 00:00:00
movie,10664,85,\N,\N,\N,OK,2017-07-26 00:00:00
movie,10665,86,\N,\N,\N,OK,2017-07-26 00:00:00
movie,10668,106,\N,\N,\N,OK,2017-07-26 00:00:00
movie,10669,109,\N,\N,\N,OK,2017-07-26 00:00:00
movie,10670,119,\N,\N,\N,OK,2017-07-26 00:00:00
movie,10671,137,\N,\N,\N,OK,2017-07-26 00:00:00
movie,10673,126,\N,\N,\N,OK,2017-07-26 00:00:00
movie,10674,88,\N,\N,\N,OK,2017-07-26 00:00:00
movie,10675,120,\N,\N,\N,OK,2017-07-26 00:00:00
movie,10676,98,\N,\N,\N,OK,2017-07-26 00:00:00
movie,10677,86,\N,\N,\N,OK,2017-07-26 00:00:00
movie,10678,105,\N,\N,\N,OK,2017-07-26 00:00:00
movie,10679,93,\N,\N,\N,OK,2017-07-26 00:00:00
movie,10680,104,\N,\N,\N,OK,2017-07-26 00:00:00
movie,10681,98,\N,\N,\N,OK,2017-07-26 00:00:00
movie,10683,139,\N,\N,\N,OK,2017-07-26 00:00:00
movie,10684,117,\N,\N,\N,OK,2017-07-26 00:00:00
movie,10685,96,\N,\N,\N,OK,2017-07-26 00:00:00
movie,10687,101,\N,\N,\N,OK,2017-07-26 00:00:00
movie,10688,112,\N,\N,\N,OK,2017-07-26 00:00:00
movie,10690,95,\N,\N,\N,OK,2017-07-26 00:00:00
movie,10691,99,\N,\N,\N,OK,2017-07-26 00:00:00
movie,10692,83,\N,\N,\N,OK,2017-07-26 00:00:00
movie,10693,77,\N,\N,\N,OK,2017-07-26 00:00:00
movie,10694,89,\N,\N,\N,OK,2017-07-26 00:00:00
movie,10696,104,\N,\N,\N,OK,2017-07-26 00:00:00
movie,10699,117,\N,\N,\N,OK,2017-07-26 00:00:00
movie,10705,137,\N,\N,\N,OK,2017-07-26 00:00:00
movie,10707,81,\N,\N,\N,OK,2017-07-26 00:00:00
movie,10708,92,\N,\N,\N,OK,2017-07-26 00:00:00
movie,10710,99,\N,\N,\N,OK,2017-07-26 00:00:00
movie,10711,119,\N,\N,\N,OK,2017-07-26 00:00:00
movie,10712,107,\N,\N,\N,OK,2017-07-26 00:00:00
movie,10714,111,\N,\N,\N,OK,2017-07-26 00:00:00
movie,10715,90,\N,\N,\N,OK,2017-07-26 00:00:00
movie,10718,84,\N,\N,\N,OK,2017-07-26 00:00:00
movie,10719,97,\N,\N,\N,OK,2017-07-26 00:00:00
movie,10720,101,\N,\N,\N,OK,2017-07-26 00:00:00
movie,10722,103,\N,\N,\N,OK,2017-07-26 00:00:00
movie,10723,84,\N,\N,\N,OK,2017-07-26 00:00:00
movie,10724,136,\N,\N,\N,OK,2017-07-26 00:00:00
movie,10726,88,\N,\N,\N,OK,2017-07-26 00:00:00
movie,10727,86,\N,\N,\N,OK,2017-07-26 00:00:00
movie,10728,116,\N,\N,\N,OK,2017-07-26 00:00:00
movie,10729,89,\N,\N,\N,OK,2017-07-26 00:00:00
movie,10730,134,\N,\N,\N,OK,2017-07-26 00:00:00
movie,10731,119,\N,\N,\N,OK,2017-07-26 00:00:00
movie,10733,137,\N,\N,\N,OK,2017-07-26 00:00:00
movie,10734,111,\N,\N,\N,OK,2017-07-26 00:00:00
movie,10735,105,\N,\N,\N,OK,2017-07-26 00:00:00
movie,10739,108,\N,\N,\N,OK,2017-07-26 00:00:00
movie,10740,100,\N,\N,\N,OK,2017-07-26 00:00:00
movie,10741,120,\N,\N,\N,OK,2017-07-26 00:00:00
movie,10743,97,\N,\N,\N,OK,2017-07-26 00:00:00
movie,10744,101,\N,\N,\N,OK,2017-07-26 00:00:00
movie,10747,135,\N,\N,\N,OK,2017-07-26 00:00:00
movie,10748,101,\N,\N,\N,OK,2017-07-26 00:00:00
movie,10750,112,\N,\N,\N,OK,2017-07-26 00:00:00
movie,10753,101,\N,\N,\N,OK,2017-07-26 00:00:00
movie,10754,84,\N,\N,\N,OK,2017-07-26 00:00:00
movie,10756,87,\N,\N,\N,OK,2017-07-26 00:00:00
movie,10758,108,\N,\N,\N,OK,2017-07-26 00:00:00
movie,10759,107,\N,\N,\N,OK,2017-07-26 00:00:00
movie,10760,108,\N,\N,\N,OK,2017-07-26 00:00:00
movie,10761,101,\N,\N,\N,OK,2017-07-26 00:00:00
movie,10762,95,\N,\N,\N,OK,2017-07-26 00:00:00
movie,10763,121,\N,\N,\N,OK,2017-07-26 00:00:00
movie,10764,106,\N,\N,\N,OK,2017-07-26 00:00:00
movie,10765,109,\N,\N,\N,OK,2017-07-26 00:00:00
movie,10766,107,\N,\N,\N,OK,2017-07-26 00:00:00
movie,10768,108,\N,\N,\N,OK,2017-07-26 00:00:00
movie,10771,98,\N,\N,\N,OK,2017-07-26 00:00:00
movie,10773,103,\N,\N,\N,OK,2017-07-26 00:00:00
movie,10774,121,\N,\N,\N,OK,2017-07-26 00:00:00
movie,10775,101,\N,\N,\N,OK,2017-07-26 00:00:00
movie,10776,94,\N,\N,\N,OK,2017-07-26 00:00:00
movie,10778,116,\N,\N,\N,OK,2017-07-26 00:00:00
movie,10779,110,\N,\N,\N,OK,2017-07-26 00:00:00
movie,10780,106,\N,\N,\N,OK,2017-07-26 00:00:00
movie,10781,91,\N,\N,\N,OK,2017-07-26 00:00:00
movie,10782,98,\N,\N,\N,OK,2017-07-26 00:00:00
movie,10784,124,\N,\N,\N,OK,2017-07-26 00:00:00
movie,10785,87,\N,\N,\N,OK,2017-07-26 00:00:00
movie,10786,106,\N,\N,\N,OK,2017-07-26 00:00:00
movie,10787,71,\N,\N,\N,OK,2017-07-26 00:00:00
movie,10790,99,\N,\N,\N,OK,2017-07-26 00:00:00
movie,10794,99,\N,\N,\N,OK,2017-07-26 00:00:00
movie,10795,131,\N,\N,\N,OK,2017-07-26 00:00:00
movie,10796,87,\N,\N,\N,OK,2017-07-26 00:00:00
movie,10802,128,\N,\N,\N,OK,2017-07-26 00:00:00
movie,10803,119,\N,\N,\N,OK,2017-07-26 00:00:00
movie,10804,97,\N,\N,\N,OK,2017-07-26 00:00:00
movie,10805,93,\N,\N,\N,OK,2017-07-26 00:00:00
movie,10806,90,\N,\N,\N,OK,2017-07-26 00:00:00
movie,10808,87,\N,\N,\N,OK,2017-07-26 00:00:00
movie,10823,93,\N,\N,\N,OK,2017-07-26 00:00:00
movie,10824,93,\N,\N,\N,OK,2017-07-26 00:00:00
movie,10829,104,\N,\N,\N,OK,2017-07-26 00:00:00
movie,10830,98,\N,\N,\N,OK,2017-07-26 00:00:00
movie,10831,103,\N,\N,\N,OK,2017-07-26 00:00:00
movie,10832,77,\N,\N,\N,OK,2017-07-26 00:00:00
movie,10833,123,\N,\N,\N,OK,2017-07-26 00:00:00
movie,10835,110,\N,\N,\N,OK,2017-07-26 00:00:00
movie,10842,108,\N,\N,\N,OK,2017-07-26 00:00:00
movie,10843,97,\N,\N,\N,OK,2017-07-26 00:00:00
movie,10845,87,\N,\N,\N,OK,2017-07-26 00:00:00
movie,10846,114,\N,\N,\N,OK,2017-07-26 00:00:00
movie,10847,90,\N,\N,\N,OK,2017-07-26 00:00:00
movie,10849,82,\N,\N,\N,OK,2017-07-26 00:00:00
movie,10851,115,\N,\N,\N,OK,2017-07-26 00:00:00
movie,10856,108,\N,\N,\N,OK,2017-07-26 00:00:00
movie,10858,192,\N,\N,\N,OK,2017-07-26 00:00:00
movie,10859,116,\N,\N,\N,OK,2017-07-26 00:00:00
movie,10860,119,\N,\N,\N,OK,2017-07-26 00:00:00
movie,10861,100,\N,\N,\N,OK,2017-07-26 00:00:00
movie,10862,106,\N,\N,\N,OK,2017-07-26 00:00:00
movie,10865,95,\N,\N,\N,OK,2017-07-26 00:00:00
movie,10866,97,\N,\N,\N,OK,2017-07-26 00:00:00
movie,10867,109,\N,\N,\N,OK,2017-07-26 00:00:00
movie,10868,111,\N,\N,\N,OK,2017-07-26 00:00:00
movie,10869,88,\N,\N,\N,OK,2017-07-26 00:00:00
movie,10871,118,\N,\N,\N,OK,2017-07-26 00:00:00
movie,10872,97,\N,\N,\N,OK,2017-07-26 00:00:00
movie,10873,92,\N,\N,\N,OK,2017-07-26 00:00:00
movie,10874,100,\N,\N,\N,OK,2017-07-26 00:00:00
movie,10875,114,\N,\N,\N,OK,2017-07-26 00:00:00
movie,10876,124,\N,\N,\N,OK,2017-07-26 00:00:00
movie,10877,101,\N,\N,\N,OK,2017-07-26 00:00:00
movie,10878,90,\N,\N,\N,OK,2017-07-26 00:00:00
movie,10879,123,\N,\N,\N,OK,2017-07-26 00:00:00
movie,10881,107,\N,\N,\N,OK,2017-07-26 00:00:00
movie,10882,75,\N,\N,\N,OK,2017-07-26 00:00:00
movie,10890,106,\N,\N,\N,OK,2017-07-26 00:00:00
movie,10891,101,\N,\N,\N,OK,2017-07-26 00:00:00
movie,10894,93,\N,\N,\N,OK,2017-07-26 00:00:00
movie,10895,88,\N,\N,\N,OK,2017-07-26 00:00:00
movie,10896,112,\N,\N,\N,OK,2017-07-26 00:00:00
movie,10897,82,\N,\N,\N,OK,2017-07-26 00:00:00
movie,10906,100,\N,\N,\N,OK,2017-07-26 00:00:00
movie,10907,102,\N,\N,\N,OK,2017-07-26 00:00:00
movie,10909,117,\N,\N,\N,OK,2017-07-26 00:00:00
movie,10911,158,\N,\N,\N,OK,2017-07-26 00:00:00
movie,10913,105,\N,\N,\N,OK,2017-07-26 00:00:00
movie,10916,94,\N,\N,\N,OK,2017-07-26 00:00:00
movie,10918,94,\N,\N,\N,OK,2017-07-26 00:00:00
movie,10921,94,\N,\N,\N,OK,2017-07-26 00:00:00
movie,10922,106,\N,\N,\N,OK,2017-07-26 00:00:00
movie,10923,102,\N,\N,\N,OK,2017-07-26 00:00:00
movie,10925,91,\N,\N,\N,OK,2017-07-26 00:00:00
movie,10929,100,\N,\N,\N,OK,2017-07-26 00:00:00
movie,10934,113,\N,\N,\N,OK,2017-07-26 00:00:00
movie,10937,100,\N,\N,\N,OK,2017-07-26 00:00:00
movie,10938,90,\N,\N,\N,OK,2017-07-26 00:00:00
movie,10940,94,\N,\N,\N,OK,2017-07-26 00:00:00
movie,10941,94,\N,\N,\N,OK,2017-07-26 00:00:00
movie,10942,89,\N,\N,\N,OK,2017-07-26 00:00:00
movie,10944,119,\N,\N,\N,OK,2017-07-26 00:00:00
movie,10945,100,\N,\N,\N,OK,2017-07-26 00:00:00
movie,10946,90,\N,\N,\N,OK,2017-07-26 00:00:00
movie,10947,98,\N,\N,\N,OK,2017-07-26 00:00:00
movie,10948,82,\N,\N,\N,OK,2017-07-26 00:00:00
movie,10949,116,\N,\N,\N,OK,2017-07-26 00:00:00
movie,10950,132,\N,\N,\N,OK,2017-07-26 00:00:00
movie,10951,121,\N,\N,\N,OK,2017-07-26 00:00:00
movie,10954,111,\N,\N,\N,OK,2017-07-26 00:00:00
movie,10955,110,\N,\N,\N,OK,2017-07-26 00:00:00
movie,10956,91,\N,\N,\N,OK,2017-07-26 00:00:00
movie,10957,80,\N,\N,\N,OK,2017-07-26 00:00:00
movie,10961,92,\N,\N,\N,OK,2017-07-26 00:00:00
movie,10970,86,\N,\N,\N,OK,2017-07-26 00:00:00
movie,10971,123,\N,\N,\N,OK,2017-07-26 00:00:00
movie,10972,100,\N,\N,\N,OK,2017-07-26 00:00:00
movie,10973,79,\N,\N,\N,OK,2017-07-26 00:00:00
movie,10974,88,\N,\N,\N,OK,2017-07-26 00:00:00
movie,10975,106,\N,\N,\N,OK,2017-07-26 00:00:00
movie,10978,88,\N,\N,\N,OK,2017-07-26 00:00:00
movie,10981,90,\N,\N,\N,OK,2017-07-26 00:00:00
movie,10982,80,\N,\N,\N,OK,2017-07-26 00:00:00
movie,10984,96,\N,\N,\N,OK,2017-07-26 00:00:00
movie,10985,88,\N,\N,\N,OK,2017-07-26 00:00:00
movie,10986,104,\N,\N,\N,OK,2017-07-26 00:00:00
movie,10987,88,\N,\N,\N,OK,2017-07-26 00:00:00
movie,10988,107,\N,\N,\N,OK,2017-07-26 00:00:00
movie,10989,88,\N,\N,\N,OK,2017-07-26 00:00:00
movie,10990,107,\N,\N,\N,OK,2017-07-26 00:00:00
movie,10991,93,\N,\N,\N,OK,2017-07-26 00:00:00
movie,10992,87,\N,\N,\N,OK,2017-07-26 00:00:00
movie,10994,109,\N,\N,\N,OK,2017-07-26 00:00:00
movie,10995,115,\N,\N,\N,OK,2017-07-26 00:00:00
movie,10996,78,\N,\N,\N,OK,2017-07-26 00:00:00
movie,10997,171,\N,\N,\N,OK,2017-07-26 00:00:00
movie,10998,119,\N,\N,\N,OK,2017-07-26 00:00:00
movie,10999,90,\N,\N,\N,OK,2017-07-26 00:00:00
movie,11000,117,\N,\N,\N,OK,2017-07-26 00:00:00
movie,11001,93,\N,\N,\N,OK,2017-07-26 00:00:00
movie,11003,95,\N,\N,\N,OK,2017-07-26 00:00:00
movie,11004,111,\N,\N,\N,OK,2017-07-26 00:00:00
movie,11005,120,\N,\N,\N,OK,2017-07-26 00:00:00
movie,11006,96,\N,\N,\N,OK,2017-07-26 00:00:00
movie,11007,98,\N,\N,\N,OK,2017-07-26 00:00:00
movie,11008,95,\N,\N,\N,OK,2017-07-26 00:00:00
movie,11009,118,\N,\N,\N,OK,2017-07-26 00:00:00
movie,11010,108,\N,\N,\N,OK,2017-07-26 00:00:00
movie,11011,95,\N,\N,\N,OK,2017-07-26 00:00:00
movie,11012,111,\N,\N,\N,OK,2017-07-26 00:00:00
movie,11013,104,\N,\N,\N,OK,2017-07-26 00:00:00
movie,11015,110,\N,\N,\N,OK,2017-07-26 00:00:00
movie,11016,100,\N,\N,\N,OK,2017-07-26 00:00:00
movie,11017,89,\N,\N,\N,OK,2017-07-26 00:00:00
movie,11018,134,\N,\N,\N,OK,2017-07-26 00:00:00
movie,11020,115,\N,\N,\N,OK,2017-07-26 00:00:00
movie,11022,105,\N,\N,\N,OK,2017-07-26 00:00:00
movie,11023,100,\N,\N,\N,OK,2017-07-26 00:00:00
movie,11024,93,\N,\N,\N,OK,2017-07-26 00:00:00
movie,11026,114,\N,\N,\N,OK,2017-07-26 00:00:00
movie,11027,122,\N,\N,\N,OK,2017-07-26 00:00:00
movie,11028,102,\N,\N,\N,OK,2017-07-26 00:00:00
movie,11030,79,\N,\N,\N,OK,2017-07-26 00:00:00
movie,11031,82,\N,\N,\N,OK,2017-07-26 00:00:00
movie,11033,105,\N,\N,\N,OK,2017-07-26 00:00:00
movie,11034,144,\N,\N,\N,OK,2017-07-26 00:00:00
movie,11036,123,\N,\N,\N,OK,2017-07-26 00:00:00
movie,11037,117,\N,\N,\N,OK,2017-07-26 00:00:00
movie,11038,104,\N,\N,\N,OK,2017-07-26 00:00:00
movie,11040,139,\N,\N,\N,OK,2017-07-26 00:00:00
movie,11041,93,\N,\N,\N,OK,2017-07-26 00:00:00
movie,11042,99,\N,\N,\N,OK,2017-07-26 00:00:00
movie,11044,142,\N,\N,\N,OK,2017-07-26 00:00:00
movie,11045,97,\N,\N,\N,OK,2017-07-26 00:00:00
movie,11046,155,\N,\N,\N,OK,2017-07-26 00:00:00
movie,11050,132,\N,\N,\N,OK,2017-07-26 00:00:00
movie,11051,164,\N,\N,\N,OK,2017-07-26 00:00:00
movie,11054,92,\N,\N,\N,OK,2017-07-26 00:00:00
movie,11056,102,\N,\N,\N,OK,2017-07-26 00:00:00
movie,11058,102,\N,\N,\N,OK,2017-07-26 00:00:00
movie,11059,90,\N,\N,\N,OK,2017-07-26 00:00:00
movie,11062,111,\N,\N,\N,OK,2017-07-26 00:00:00
movie,11064,97,\N,\N,\N,OK,2017-07-26 00:00:00
movie,11065,95,\N,\N,\N,OK,2017-07-26 00:00:00
movie,11066,117,\N,\N,\N,OK,2017-07-26 00:00:00
movie,11067,105,\N,\N,\N,OK,2017-07-26 00:00:00
movie,11068,99,\N,\N,\N,OK,2017-07-26 00:00:00
movie,11069,100,\N,\N,\N,OK,2017-07-26 00:00:00
movie,11071,94,\N,\N,\N,OK,2017-07-26 00:00:00
movie,11072,93,\N,\N,\N,OK,2017-07-26 00:00:00
movie,11074,102,\N,\N,\N,OK,2017-07-26 00:00:00
movie,11075,115,\N,\N,\N,OK,2017-07-26 00:00:00
movie,11076,107,\N,\N,\N,OK,2017-07-26 00:00:00
movie,11077,81,\N,\N,\N,OK,2017-07-26 00:00:00
movie,11078,88,\N,\N,\N,OK,2017-07-26 00:00:00
movie,11081,103,\N,\N,\N,OK,2017-07-26 00:00:00
movie,11082,97,\N,\N,\N,OK,2017-07-26 00:00:00
movie,11083,95,\N,\N,\N,OK,2017-07-26 00:00:00
movie,11085,178,\N,\N,\N,OK,2017-07-26 00:00:00
movie,11086,152,\N,\N,\N,OK,2017-07-26 00:00:00
movie,11087,110,\N,\N,\N,OK,2017-07-26 00:00:00
movie,11088,107,\N,\N,\N,OK,2017-07-26 00:00:00
movie,11090,84,\N,\N,\N,OK,2017-07-26 00:00:00
movie,11091,132,\N,\N,\N,OK,2017-07-26 00:00:00
movie,11092,127,\N,\N,\N,OK,2017-07-26 00:00:00
movie,11093,126,\N,\N,\N,OK,2017-07-26 00:00:00
movie,11096,101,\N,\N,\N,OK,2017-07-26 00:00:00
movie,11099,95,\N,\N,\N,OK,2017-07-26 00:00:00
movie,11101,134,\N,\N,\N,OK,2017-07-26 00:00:00
movie,11103,92,\N,\N,\N,OK,2017-07-26 00:00:00
movie,11104,102,\N,\N,\N,OK,2017-07-26 00:00:00
movie,11107,100,\N,\N,\N,OK,2017-07-26 00:00:00
movie,11109,125,\N,\N,\N,OK,2017-07-26 00:00:00
movie,11113,170,\N,\N,\N,OK,2017-07-26 00:00:00
movie,11114,128,\N,\N,\N,OK,2017-07-26 00:00:00
movie,11115,85,\N,\N,\N,OK,2017-07-26 00:00:00
movie,11120,119,\N,\N,\N,OK,2017-07-26 00:00:00
movie,11123,123,\N,\N,\N,OK,2017-07-26 00:00:00
movie,11128,115,\N,\N,\N,OK,2017-07-26 00:00:00
movie,11129,99,\N,\N,\N,OK,2017-07-26 00:00:00
movie,11130,113,\N,\N,\N,OK,2017-07-26 00:00:00
movie,11131,89,\N,\N,\N,OK,2017-07-26 00:00:00
movie,11132,89,\N,\N,\N,OK,2017-07-26 00:00:00
movie,11133,91,\N,\N,\N,OK,2017-07-26 00:00:00
movie,11134,95,\N,\N,\N,OK,2017-07-26 00:00:00
movie,11135,77,\N,\N,\N,OK,2017-07-26 00:00:00
movie,11137,111,\N,\N,\N,OK,2017-07-26 00:00:00
movie,11141,90,\N,\N,\N,OK,2017-07-26 00:00:00
movie,11152,91,\N,\N,\N,OK,2017-07-26 00:00:00
movie,11153,98,\N,\N,\N,OK,2017-07-26 00:00:00
movie,11156,110,\N,\N,\N,OK,2017-07-26 00:00:00
movie,11157,99,\N,\N,\N,OK,2017-07-26 00:00:00
movie,11158,89,\N,\N,\N,OK,2017-07-26 00:00:00
movie,11159,142,\N,\N,\N,OK,2017-07-26 00:00:00
movie,11160,104,\N,\N,\N,OK,2017-07-26 00:00:00
movie,11162,138,\N,\N,\N,OK,2017-07-26 00:00:00
movie,11163,129,\N,\N,\N,OK,2017-07-26 00:00:00
movie,11164,106,\N,\N,\N,OK,2017-07-26 00:00:00
movie,11165,144,\N,\N,\N,OK,2017-07-26 00:00:00
movie,11167,101,\N,\N,\N,OK,2017-07-26 00:00:00
movie,11169,102,\N,\N,\N,OK,2017-07-26 00:00:00
movie,11170,124,\N,\N,\N,OK,2017-07-26 00:00:00
movie,11171,105,\N,\N,\N,OK,2017-07-26 00:00:00
movie,11172,96,\N,\N,\N,OK,2017-07-26 00:00:00
movie,11174,157,\N,\N,\N,OK,2017-07-26 00:00:00
movie,11176,97,\N,\N,\N,OK,2017-07-26 00:00:00
movie,11177,120,\N,\N,\N,OK,2017-07-26 00:00:00
movie,11178,123,\N,\N,\N,OK,2017-07-26 00:00:00
movie,11184,118,\N,\N,\N,OK,2017-07-26 00:00:00
movie,11185,103,\N,\N,\N,OK,2017-07-26 00:00:00
movie,11186,84,\N,\N,\N,OK,2017-07-26 00:00:00
movie,11187,90,\N,\N,\N,OK,2017-07-26 00:00:00
movie,11190,105,\N,\N,\N,OK,2017-07-26 00:00:00
movie,11191,104,\N,\N,\N,OK,2017-07-26 00:00:00
movie,11194,106,\N,\N,\N,OK,2017-07-26 00:00:00
movie,11196,109,\N,\N,\N,OK,2017-07-26 00:00:00
movie,11198,105,\N,\N,\N,OK,2017-07-26 00:00:00
movie,11199,100,\N,\N,\N,OK,2017-07-26 00:00:00
movie,11202,172,\N,\N,\N,OK,2017-07-26 00:00:00
movie,11205,108,\N,\N,\N,OK,2017-07-26 00:00:00
movie,11206,108,\N,\N,\N,OK,2017-07-26 00:00:00
movie,11208,114,\N,\N,\N,OK,2017-07-26 00:00:00
movie,11209,167,\N,\N,\N,OK,2017-07-26 00:00:00
movie,11211,99,\N,\N,\N,OK,2017-07-26 00:00:00
movie,11212,99,\N,\N,\N,OK,2017-07-26 00:00:00
movie,11215,110,\N,\N,\N,OK,2017-07-26 00:00:00
movie,11216,124,\N,\N,\N,OK,2017-07-26 00:00:00
movie,11217,104,\N,\N,\N,OK,2017-07-26 00:00:00
movie,11219,99,\N,\N,\N,OK,2017-07-26 00:00:00
movie,11220,96,\N,\N,\N,OK,2017-07-26 00:00:00
movie,11221,94,\N,\N,\N,OK,2017-07-26 00:00:00
movie,11222,127,\N,\N,\N,OK,2017-07-26 00:00:00
movie,11223,113,\N,\N,\N,OK,2017-07-26 00:00:00
movie,11224,74,\N,\N,\N,OK,2017-07-26 00:00:00
movie,11227,91,\N,\N,\N,OK,2017-07-26 00:00:00
movie,11228,115,\N,\N,\N,OK,2017-07-26 00:00:00
movie,11229,110,\N,\N,\N,OK,2017-07-26 00:00:00
movie,11230,111,\N,\N,\N,OK,2017-07-26 00:00:00
movie,11231,107,\N,\N,\N,OK,2017-07-26 00:00:00
movie,11232,118,\N,\N,\N,OK,2017-07-26 00:00:00
movie,11234,98,\N,\N,\N,OK,2017-07-26 00:00:00
movie,11235,111,\N,\N,\N,OK,2017-07-26 00:00:00
movie,11236,102,\N,\N,\N,OK,2017-07-26 00:00:00
movie,11237,97,\N,\N,\N,OK,2017-07-26 00:00:00
movie,11238,81,\N,\N,\N,OK,2017-07-26 00:00:00
movie,11239,136,\N,\N,\N,OK,2017-07-26 00:00:00
movie,11243,77,\N,\N,\N,OK,2017-07-26 00:00:00
movie,11244,100,\N,\N,\N,OK,2017-07-26 00:00:00
movie,11247,95,\N,\N,\N,OK,2017-07-26 00:00:00
movie,11249,87,\N,\N,\N,OK,2017-07-26 00:00:00
movie,11252,105,\N,\N,\N,OK,2017-07-26 00:00:00
movie,11253,120,\N,\N,\N,OK,2017-07-26 00:00:00
movie,11257,117,\N,\N,\N,OK,2017-07-26 00:00:00
movie,11258,97,\N,\N,\N,OK,2017-07-26 00:00:00
movie,11259,140,\N,\N,\N,OK,2017-07-26 00:00:00
movie,11260,90,\N,\N,\N,OK,2017-07-26 00:00:00
movie,11281,92,\N,\N,\N,OK,2017-07-26 00:00:00
movie,11282,88,\N,\N,\N,OK,2017-07-26 00:00:00
movie,11283,97,\N,\N,\N,OK,2017-07-26 00:00:00
movie,11284,89,\N,\N,\N,OK,2017-07-26 00:00:00
movie,11285,116,\N,\N,\N,OK,2017-07-26 00:00:00
movie,11286,95,\N,\N,\N,OK,2017-07-26 00:00:00
movie,11287,128,\N,\N,\N,OK,2017-07-26 00:00:00
movie,11293,102,\N,\N,\N,OK,2017-07-26 00:00:00
movie,11296,120,\N,\N,\N,OK,2017-07-26 00:00:00
movie,11298,91,\N,\N,\N,OK,2017-07-26 00:00:00
movie,11299,116,\N,\N,\N,OK,2017-07-26 00:00:00
movie,11300,113,\N,\N,\N,OK,2017-07-26 00:00:00
movie,11302,82,\N,\N,\N,OK,2017-07-26 00:00:00
movie,11304,128,\N,\N,\N,OK,2017-07-26 00:00:00
movie,11305,113,\N,\N,\N,OK,2017-07-26 00:00:00
movie,11306,118,\N,\N,\N,OK,2017-07-26 00:00:00
movie,11307,136,\N,\N,\N,OK,2017-07-26 00:00:00
movie,11309,93,\N,\N,\N,OK,2017-07-26 00:00:00
movie,11310,116,\N,\N,\N,OK,2017-07-26 00:00:00
movie,11313,101,\N,\N,\N,OK,2017-07-26 00:00:00
movie,11314,87,\N,\N,\N,OK,2017-07-26 00:00:00
movie,11315,105,\N,\N,\N,OK,2017-07-26 00:00:00
movie,11316,140,\N,\N,\N,OK,2017-07-26 00:00:00
movie,11317,99,\N,\N,\N,OK,2017-07-26 00:00:00
movie,11318,107,\N,\N,\N,OK,2017-07-26 00:00:00
movie,11319,78,\N,\N,\N,OK,2017-07-26 00:00:00
movie,11321,123,\N,\N,\N,OK,2017-07-26 00:00:00
movie,11322,140,\N,\N,\N,OK,2017-07-26 00:00:00
movie,11323,108,\N,\N,\N,OK,2017-07-26 00:00:00
movie,11324,138,\N,\N,\N,OK,2017-07-26 00:00:00
movie,11326,111,\N,\N,\N,OK,2017-07-26 00:00:00
movie,11327,121,\N,\N,\N,OK,2017-07-26 00:00:00
movie,11328,100,\N,\N,\N,OK,2017-07-26 00:00:00
movie,11329,127,\N,\N,\N,OK,2017-07-26 00:00:00
movie,11330,108,\N,\N,\N,OK,2017-07-26 00:00:00
movie,11331,86,\N,\N,\N,OK,2017-07-26 00:00:00
movie,11332,118,\N,\N,\N,OK,2017-07-26 00:00:00
movie,11335,114,\N,\N,\N,OK,2017-07-26 00:00:00
movie,11336,103,\N,\N,\N,OK,2017-07-26 00:00:00
movie,11337,89,\N,\N,\N,OK,2017-07-26 00:00:00
movie,11340,96,\N,\N,\N,OK,2017-07-26 00:00:00
movie,11344,120,\N,\N,\N,OK,2017-07-26 00:00:00
movie,11347,93,\N,\N,\N,OK,2017-07-26 00:00:00
movie,11349,105,\N,\N,\N,OK,2017-07-26 00:00:00
movie,11351,104,\N,\N,\N,OK,2017-07-26 00:00:00
movie,11352,122,\N,\N,\N,OK,2017-07-26 00:00:00
movie,11353,97,\N,\N,\N,OK,2017-07-26 00:00:00
movie,11354,118,\N,\N,\N,OK,2017-07-26 00:00:00
movie,11355,107,\N,\N,\N,OK,2017-07-26 00:00:00
movie,11356,106,\N,\N,\N,OK,2017-07-26 00:00:00
movie,11357,88,\N,\N,\N,OK,2017-07-26 00:00:00
movie,11358,86,\N,\N,\N,OK,2017-07-26 00:00:00
movie,11359,96,\N,\N,\N,OK,2017-07-26 00:00:00
movie,11360,64,\N,\N,\N,OK,2017-07-26 00:00:00
movie,11361,96,\N,\N,\N,OK,2017-07-26 00:00:00
movie,11362,131,\N,\N,\N,OK,2017-07-26 00:00:00
movie,11363,96,\N,\N,\N,OK,2017-07-26 00:00:00
movie,11364,108,\N,\N,\N,OK,2017-07-26 00:00:00
movie,11368,97,\N,\N,\N,OK,2017-07-26 00:00:00
movie,11370,104,\N,\N,\N,OK,2017-07-26 00:00:00
movie,11371,124,\N,\N,\N,OK,2017-07-26 00:00:00
movie,11372,135,\N,\N,\N,OK,2017-07-26 00:00:00
movie,11374,122,\N,\N,\N,OK,2017-07-26 00:00:00
movie,11375,116,\N,\N,\N,OK,2017-07-26 00:00:00
movie,11377,93,\N,\N,\N,OK,2017-07-26 00:00:00
movie,11379,103,\N,\N,\N,OK,2017-07-26 00:00:00
movie,11380,96,\N,\N,\N,OK,2017-07-26 00:00:00
movie,11381,97,\N,\N,\N,OK,2017-07-26 00:00:00
movie,11382,98,\N,\N,\N,OK,2017-07-26 00:00:00
movie,11384,111,\N,\N,\N,OK,2017-07-26 00:00:00
movie,11385,157,\N,\N,\N,OK,2017-07-26 00:00:00
movie,11386,112,\N,\N,\N,OK,2017-07-26 00:00:00
movie,11393,137,\N,\N,\N,OK,2017-07-26 00:00:00
movie,11395,97,\N,\N,\N,OK,2017-07-26 00:00:00
movie,11397,89,\N,\N,\N,OK,2017-07-26 00:00:00
movie,11398,117,\N,\N,\N,OK,2017-07-26 00:00:00
movie,11400,135,\N,\N,\N,OK,2017-07-26 00:00:00
movie,11401,141,\N,\N,\N,OK,2017-07-26 00:00:00
movie,11403,101,\N,\N,\N,OK,2017-07-26 00:00:00
movie,11411,90,\N,\N,\N,OK,2017-07-26 00:00:00
movie,11412,120,\N,\N,\N,OK,2017-07-26 00:00:00
movie,11413,97,\N,\N,\N,OK,2017-07-26 00:00:00
movie,11414,96,\N,\N,\N,OK,2017-07-26 00:00:00
movie,11415,93,\N,\N,\N,OK,2017-07-26 00:00:00
movie,11416,126,\N,\N,\N,OK,2017-07-26 00:00:00
movie,11418,95,\N,\N,\N,OK,2017-07-26 00:00:00
movie,11419,93,\N,\N,\N,OK,2017-07-26 00:00:00
movie,11420,145,\N,\N,\N,OK,2017-07-26 00:00:00
movie,11421,127,\N,\N,\N,OK,2017-07-26 00:00:00
movie,11422,132,\N,\N,\N,OK,2017-07-26 00:00:00
movie,11423,129,\N,\N,\N,OK,2017-07-26 00:00:00
movie,11424,111,\N,\N,\N,OK,2017-07-26 00:00:00
movie,11425,74,\N,\N,\N,OK,2017-07-26 00:00:00
movie,11426,118,\N,\N,\N,OK,2017-07-26 00:00:00
movie,11427,85,\N,\N,\N,OK,2017-07-26 00:00:00
movie,11428,91,\N,\N,\N,OK,2017-07-26 00:00:00
movie,11429,95,\N,\N,\N,OK,2017-07-26 00:00:00
movie,11430,77,\N,\N,\N,OK,2017-07-26 00:00:00
movie,11431,103,\N,\N,\N,OK,2017-07-26 00:00:00
movie,11439,128,\N,\N,\N,OK,2017-07-26 00:00:00
movie,11441,100,\N,\N,\N,OK,2017-07-26 00:00:00
movie,11442,94,\N,\N,\N,OK,2017-07-26 00:00:00
movie,11443,119,\N,\N,\N,OK,2017-07-26 00:00:00
movie,11444,84,\N,\N,\N,OK,2017-07-26 00:00:00
movie,11446,88,\N,\N,\N,OK,2017-07-26 00:00:00
movie,11447,99,\N,\N,\N,OK,2017-07-26 00:00:00
movie,11448,95,\N,\N,\N,OK,2017-07-26 00:00:00
movie,11449,117,\N,\N,\N,OK,2017-07-26 00:00:00
movie,11450,133,\N,\N,\N,OK,2017-07-26 00:00:00
movie,11451,101,\N,\N,\N,OK,2017-07-26 00:00:00
movie,11452,92,\N,\N,\N,OK,2017-07-26 00:00:00
movie,11453,83,\N,\N,\N,OK,2017-07-26 00:00:00
movie,11454,119,\N,\N,\N,OK,2017-07-26 00:00:00
movie,11455,86,\N,\N,\N,OK,2017-07-26 00:00:00
movie,11456,89,\N,\N,\N,OK,2017-07-26 00:00:00
movie,11457,125,\N,\N,\N,OK,2017-07-26 00:00:00
movie,11458,100,\N,\N,\N,OK,2017-07-26 00:00:00
movie,11459,100,\N,\N,\N,OK,2017-07-26 00:00:00
movie,11460,85,\N,\N,\N,OK,2017-07-26 00:00:00
movie,11462,99,\N,\N,\N,OK,2017-07-26 00:00:00
movie,11465,108,\N,\N,\N,OK,2017-07-26 00:00:00
movie,11467,102,\N,\N,\N,OK,2017-07-26 00:00:00
movie,11468,103,\N,\N,\N,OK,2017-07-26 00:00:00
movie,11469,95,\N,\N,\N,OK,2017-07-26 00:00:00
movie,11470,91,\N,\N,\N,OK,2017-07-26 00:00:00
movie,11471,95,\N,\N,\N,OK,2017-07-26 00:00:00
movie,11472,103,\N,\N,\N,OK,2017-07-26 00:00:00
movie,11474,93,\N,\N,\N,OK,2017-07-26 00:00:00
movie,11475,78,\N,\N,\N,OK,2017-07-26 00:00:00
movie,11478,106,\N,\N,\N,OK,2017-07-26 00:00:00
movie,11481,105,\N,\N,\N,OK,2017-07-26 00:00:00
movie,11482,125,\N,\N,\N,OK,2017-07-26 00:00:00
movie,11484,125,\N,\N,\N,OK,2017-07-26 00:00:00
movie,11485,85,\N,\N,\N,OK,2017-07-26 00:00:00
movie,11489,95,\N,\N,\N,OK,2017-07-26 00:00:00
movie,11490,95,\N,\N,\N,OK,2017-07-26 00:00:00
movie,11495,114,\N,\N,\N,OK,2017-07-26 00:00:00
movie,11497,89,\N,\N,\N,OK,2017-07-26 00:00:00
movie,11498,107,\N,\N,\N,OK,2017-07-26 00:00:00
movie,11499,122,\N,\N,\N,OK,2017-07-26 00:00:00
movie,11502,94,\N,\N,\N,OK,2017-07-26 00:00:00
movie,11503,98,\N,\N,\N,OK,2017-07-26 00:00:00
movie,11504,88,\N,\N,\N,OK,2017-07-26 00:00:00
movie,11506,91,\N,\N,\N,OK,2017-07-26 00:00:00
movie,11507,114,\N,\N,\N,OK,2017-07-26 00:00:00
movie,11508,91,\N,\N,\N,OK,2017-07-26 00:00:00
movie,11509,127,\N,\N,\N,OK,2017-07-26 00:00:00
movie,11510,80,\N,\N,\N,OK,2017-07-26 00:00:00
movie,11511,93,\N,\N,\N,OK,2017-07-26 00:00:00
movie,11516,98,\N,\N,\N,OK,2017-07-26 00:00:00
movie,11517,103,\N,\N,\N,OK,2017-07-26 00:00:00
movie,11519,113,\N,\N,\N,OK,2017-07-26 00:00:00
movie,11520,103,\N,\N,\N,OK,2017-07-26 00:00:00
movie,11521,99,\N,\N,\N,OK,2017-07-26 00:00:00
movie,11522,96,\N,\N,\N,OK,2017-07-26 00:00:00
movie,11523,87,\N,\N,\N,OK,2017-07-26 00:00:00
movie,11524,122,\N,\N,\N,OK,2017-07-26 00:00:00
movie,11525,92,\N,\N,\N,OK,2017-07-26 00:00:00
movie,11527,140,\N,\N,\N,OK,2017-07-26 00:00:00
movie,11528,101,\N,\N,\N,OK,2017-07-26 00:00:00
movie,11529,108,\N,\N,\N,OK,2017-07-26 00:00:00
movie,11531,90,\N,\N,\N,OK,2017-07-26 00:00:00
movie,11532,114,\N,\N,\N,OK,2017-07-26 00:00:00
movie,11533,104,\N,\N,\N,OK,2017-07-26 00:00:00
movie,11535,98,\N,\N,\N,OK,2017-07-26 00:00:00
movie,11536,124,\N,\N,\N,OK,2017-07-26 00:00:00
movie,11537,98,\N,\N,\N,OK,2017-07-26 00:00:00
movie,11541,115,\N,\N,\N,OK,2017-07-26 00:00:00
movie,11542,102,\N,\N,\N,OK,2017-07-26 00:00:00
movie,11543,113,\N,\N,\N,OK,2017-07-26 00:00:00
movie,11544,85,\N,\N,\N,OK,2017-07-26 00:00:00
movie,11545,93,\N,\N,\N,OK,2017-07-26 00:00:00
movie,11546,83,\N,\N,\N,OK,2017-07-26 00:00:00
movie,11547,93,\N,\N,\N,OK,2017-07-26 00:00:00
movie,11548,106,\N,\N,\N,OK,2017-07-26 00:00:00
movie,11549,80,\N,\N,\N,OK,2017-07-26 00:00:00
movie,11551,110,\N,\N,\N,OK,2017-07-26 00:00:00
movie,11556,93,\N,\N,\N,OK,2017-07-26 00:00:00
movie,11557,110,\N,\N,\N,OK,2017-07-26 00:00:00
movie,11558,114,\N,\N,\N,OK,2017-07-26 00:00:00
movie,11559,120,\N,\N,\N,OK,2017-07-26 00:00:00
movie,11560,115,\N,\N,\N,OK,2017-07-26 00:00:00
movie,11561,89,\N,\N,\N,OK,2017-07-26 00:00:00
movie,11562,104,\N,\N,\N,OK,2017-07-26 00:00:00
movie,11565,99,\N,\N,\N,OK,2017-07-26 00:00:00
movie,11566,110,\N,\N,\N,OK,2017-07-26 00:00:00
movie,11568,123,\N,\N,\N,OK,2017-07-26 00:00:00
movie,11569,93,\N,\N,\N,OK,2017-07-26 00:00:00
movie,11570,105,\N,\N,\N,OK,2017-07-26 00:00:00
movie,11571,132,\N,\N,\N,OK,2017-07-26 00:00:00
movie,11575,160,\N,\N,\N,OK,2017-07-26 00:00:00
movie,11576,163,\N,\N,\N,OK,2017-07-26 00:00:00
movie,11577,106,\N,\N,\N,OK,2017-07-26 00:00:00
movie,11578,115,\N,\N,\N,OK,2017-07-26 00:00:00
movie,11583,110,\N,\N,\N,OK,2017-07-26 00:00:00
movie,11584,107,\N,\N,\N,OK,2017-07-26 00:00:00
movie,11586,118,\N,\N,\N,OK,2017-07-26 00:00:00
movie,11587,110,\N,\N,\N,OK,2017-07-26 00:00:00
movie,11589,144,\N,\N,\N,OK,2017-07-26 00:00:00
movie,11590,123,\N,\N,\N,OK,2017-07-26 00:00:00
movie,11591,93,\N,\N,\N,OK,2017-07-26 00:00:00
movie,11592,95,\N,\N,\N,OK,2017-07-26 00:00:00
movie,11593,110,\N,\N,\N,OK,2017-07-26 00:00:00
movie,11595,95,\N,\N,\N,OK,2017-07-26 00:00:00
movie,11596,112,\N,\N,\N,OK,2017-07-26 00:00:00
movie,11597,118,\N,\N,\N,OK,2017-07-26 00:00:00
movie,11598,83,\N,\N,\N,OK,2017-07-26 00:00:00
movie,11601,99,\N,\N,\N,OK,2017-07-26 00:00:00
movie,11602,89,\N,\N,\N,OK,2017-07-26 00:00:00
movie,11606,112,\N,\N,\N,OK,2017-07-26 00:00:00
movie,11610,85,\N,\N,\N,OK,2017-07-26 00:00:00
movie,11615,130,\N,\N,\N,OK,2017-07-26 00:00:00
movie,11617,105,\N,\N,\N,OK,2017-07-26 00:00:00
movie,11618,113,\N,\N,\N,OK,2017-07-26 00:00:00
movie,11619,85,\N,\N,\N,OK,2017-07-26 00:00:00
movie,11620,171,\N,\N,\N,OK,2017-07-26 00:00:00
movie,11621,94,\N,\N,\N,OK,2017-07-26 00:00:00
movie,11622,112,\N,\N,\N,OK,2017-07-26 00:00:00
movie,11624,88,\N,\N,\N,OK,2017-07-26 00:00:00
movie,11630,104,\N,\N,\N,OK,2017-07-26 00:00:00
movie,11631,108,\N,\N,\N,OK,2017-07-26 00:00:00
movie,11632,141,\N,\N,\N,OK,2017-07-26 00:00:00
movie,11633,101,\N,\N,\N,OK,2017-07-26 00:00:00
movie,11634,89,\N,\N,\N,OK,2017-07-26 00:00:00
movie,11635,91,\N,\N,\N,OK,2017-07-26 00:00:00
movie,11636,123,\N,\N,\N,OK,2017-07-26 00:00:00
movie,11637,95,\N,\N,\N,OK,2017-07-26 00:00:00
movie,11638,105,\N,\N,\N,OK,2017-07-26 00:00:00
movie,11639,93,\N,\N,\N,OK,2017-07-26 00:00:00
movie,11644,108,\N,\N,\N,OK,2017-07-26 00:00:00
movie,11645,162,\N,\N,\N,OK,2017-07-26 00:00:00
movie,11646,112,\N,\N,\N,OK,2017-07-26 00:00:00
movie,11647,119,\N,\N,\N,OK,2017-07-26 00:00:00
movie,11648,98,\N,\N,\N,OK,2017-07-26 00:00:00
movie,11649,106,\N,\N,\N,OK,2017-07-26 00:00:00
movie,11652,105,\N,\N,\N,OK,2017-07-26 00:00:00
movie,11654,97,\N,\N,\N,OK,2017-07-26 00:00:00
movie,11656,89,\N,\N,\N,OK,2017-07-26 00:00:00
movie,11657,140,\N,\N,\N,OK,2017-07-26 00:00:00
movie,11658,140,\N,\N,\N,OK,2017-07-26 00:00:00
movie,11659,366,\N,\N,\N,OK,2017-07-26 00:00:00
movie,11660,69,\N,\N,\N,OK,2017-07-26 00:00:00
movie,11661,116,\N,\N,\N,OK,2017-07-26 00:00:00
movie,11662,141,\N,\N,\N,OK,2017-07-26 00:00:00
movie,11663,118,\N,\N,\N,OK,2017-07-26 00:00:00
movie,11665,110,\N,\N,\N,OK,2017-07-26 00:00:00
movie,11667,102,\N,\N,\N,OK,2017-07-26 00:00:00
movie,11673,137,\N,\N,\N,OK,2017-07-26 00:00:00
movie,11674,103,\N,\N,\N,OK,2017-07-26 00:00:00
movie,11675,86,\N,\N,\N,OK,2017-07-26 00:00:00
movie,11676,97,\N,\N,\N,OK,2017-07-26 00:00:00
movie,11678,124,\N,\N,\N,OK,2017-07-26 00:00:00
movie,11679,101,\N,\N,\N,OK,2017-07-26 00:00:00
movie,11683,93,\N,\N,\N,OK,2017-07-26 00:00:00
movie,11686,85,\N,\N,\N,OK,2017-07-26 00:00:00
movie,11687,107,\N,\N,\N,OK,2017-07-26 00:00:00
movie,11688,78,\N,\N,\N,OK,2017-07-26 00:00:00
movie,11689,110,\N,\N,\N,OK,2017-07-26 00:00:00
movie,11690,92,\N,\N,\N,OK,2017-07-26 00:00:00
movie,11692,95,\N,\N,\N,OK,2017-07-26 00:00:00
movie,11694,97,\N,\N,\N,OK,2017-07-26 00:00:00
movie,11697,123,\N,\N,\N,OK,2017-07-26 00:00:00
movie,11698,107,\N,\N,\N,OK,2017-07-26 00:00:00
movie,11699,122,\N,\N,\N,OK,2017-07-26 00:00:00
movie,11702,87,\N,\N,\N,OK,2017-07-26 00:00:00
movie,11703,120,\N,\N,\N,OK,2017-07-26 00:00:00
movie,11704,82,\N,\N,\N,OK,2017-07-26 00:00:00
movie,11706,208,\N,\N,\N,OK,2017-07-26 00:00:00
movie,11707,115,\N,\N,\N,OK,2017-07-26 00:00:00
movie,11708,144,\N,\N,\N,OK,2017-07-26 00:00:00
movie,11712,96,\N,\N,\N,OK,2017-07-26 00:00:00
movie,11713,108,\N,\N,\N,OK,2017-07-26 00:00:00
movie,11718,94,\N,\N,\N,OK,2017-07-26 00:00:00
movie,11761,90,\N,\N,\N,OK,2017-07-26 00:00:00
movie,11770,113,\N,\N,\N,OK,2017-07-26 00:00:00
movie,11772,112,\N,\N,\N,OK,2017-07-26 00:00:00
movie,11773,77,\N,\N,\N,OK,2017-07-26 00:00:00
movie,11774,108,\N,\N,\N,OK,2017-07-26 00:00:00
movie,11775,100,\N,\N,\N,OK,2017-07-26 00:00:00
movie,11777,100,\N,\N,\N,OK,2017-07-26 00:00:00
movie,11778,183,\N,\N,\N,OK,2017-07-26 00:00:00
movie,11779,105,\N,\N,\N,OK,2017-07-26 00:00:00
movie,11780,139,\N,\N,\N,OK,2017-07-26 00:00:00
movie,11782,126,\N,\N,\N,OK,2017-07-26 00:00:00
movie,11787,104,\N,\N,\N,OK,2017-07-26 00:00:00
movie,11790,101,\N,\N,\N,OK,2017-07-26 00:00:00
movie,11795,127,\N,\N,\N,OK,2017-07-26 00:00:00
movie,11796,82,\N,\N,\N,OK,2017-07-26 00:00:00
movie,11797,106,\N,\N,\N,OK,2017-07-26 00:00:00
movie,11798,101,\N,\N,\N,OK,2017-07-26 00:00:00
movie,11804,101,\N,\N,\N,OK,2017-07-26 00:00:00
movie,11806,87,\N,\N,\N,OK,2017-07-26 00:00:00
movie,11808,131,\N,\N,\N,OK,2017-07-26 00:00:00
movie,11811,92,\N,\N,\N,OK,2017-07-26 00:00:00
movie,11812,84,\N,\N,\N,OK,2017-07-26 00:00:00
movie,11814,94,\N,\N,\N,OK,2017-07-26 00:00:00
movie,11815,94,\N,\N,\N,OK,2017-07-26 00:00:00
movie,11816,109,\N,\N,\N,OK,2017-07-26 00:00:00
movie,11817,104,\N,\N,\N,OK,2017-07-26 00:00:00
movie,11820,117,\N,\N,\N,OK,2017-07-26 00:00:00
movie,11821,104,\N,\N,\N,OK,2017-07-26 00:00:00
movie,11823,98,\N,\N,\N,OK,2017-07-26 00:00:00
movie,11824,91,\N,\N,\N,OK,2017-07-26 00:00:00
movie,11825,90,\N,\N,\N,OK,2017-07-26 00:00:00
movie,11826,89,\N,\N,\N,OK,2017-07-26 00:00:00
movie,11827,90,\N,\N,\N,OK,2017-07-26 00:00:00
movie,11828,107,\N,\N,\N,OK,2017-07-26 00:00:00
movie,11830,114,\N,\N,\N,OK,2017-07-26 00:00:00
movie,11831,155,\N,\N,\N,OK,2017-07-26 00:00:00
movie,11832,102,\N,\N,\N,OK,2017-07-26 00:00:00
movie,11834,105,\N,\N,\N,OK,2017-07-26 00:00:00
movie,11835,105,\N,\N,\N,OK,2017-07-26 00:00:00
movie,11836,87,\N,\N,\N,OK,2017-07-26 00:00:00
movie,11837,88,\N,\N,\N,OK,2017-07-26 00:00:00
movie,11838,92,\N,\N,\N,OK,2017-07-26 00:00:00
movie,11839,101,\N,\N,\N,OK,2017-07-26 00:00:00
movie,11843,113,\N,\N,\N,OK,2017-07-26 00:00:00
movie,11846,105,\N,\N,\N,OK,2017-07-26 00:00:00
movie,11847,87,\N,\N,\N,OK,2017-07-26 00:00:00
movie,11848,72,\N,\N,\N,OK,2017-07-26 00:00:00
movie,11849,107,\N,\N,\N,OK,2017-07-26 00:00:00
movie,11850,115,\N,\N,\N,OK,2017-07-26 00:00:00
movie,11851,97,\N,\N,\N,OK,2017-07-26 00:00:00
movie,11852,104,\N,\N,\N,OK,2017-07-26 00:00:00
movie,11853,99,\N,\N,\N,OK,2017-07-26 00:00:00
movie,11855,87,\N,\N,\N,OK,2017-07-26 00:00:00
movie,11856,112,\N,\N,\N,OK,2017-07-26 00:00:00
movie,11857,82,\N,\N,\N,OK,2017-07-26 00:00:00
movie,11858,128,\N,\N,\N,OK,2017-07-26 00:00:00
movie,11859,91,\N,\N,\N,OK,2017-07-26 00:00:00
movie,11860,127,\N,\N,\N,OK,2017-07-26 00:00:00
movie,11861,116,\N,\N,\N,OK,2017-07-26 00:00:00
movie,11862,106,\N,\N,\N,OK,2017-07-26 00:00:00
movie,11863,95,\N,\N,\N,OK,2017-07-26 00:00:00
movie,11864,108,\N,\N,\N,OK,2017-07-26 00:00:00
movie,11866,113,\N,\N,\N,OK,2017-07-26 00:00:00
movie,11867,98,\N,\N,\N,OK,2017-07-26 00:00:00
movie,11868,82,\N,\N,\N,OK,2017-07-26 00:00:00
movie,11870,88,\N,\N,\N,OK,2017-07-26 00:00:00
movie,11873,119,\N,\N,\N,OK,2017-07-26 00:00:00
movie,11876,135,\N,\N,\N,OK,2017-07-26 00:00:00
movie,11878,110,\N,\N,\N,OK,2017-07-26 00:00:00
movie,11879,95,\N,\N,\N,OK,2017-07-26 00:00:00
movie,11880,105,\N,\N,\N,OK,2017-07-26 00:00:00
movie,11881,96,\N,\N,\N,OK,2017-07-26 00:00:00
movie,11884,101,\N,\N,\N,OK,2017-07-26 00:00:00
movie,11886,83,\N,\N,\N,OK,2017-07-26 00:00:00
movie,11888,99,\N,\N,\N,OK,2017-07-26 00:00:00
movie,11889,91,\N,\N,\N,OK,2017-07-26 00:00:00
movie,11890,109,\N,\N,\N,OK,2017-07-26 00:00:00
movie,11891,81,\N,\N,\N,OK,2017-07-26 00:00:00
movie,11892,120,\N,\N,\N,OK,2017-07-26 00:00:00
movie,11893,111,\N,\N,\N,OK,2017-07-26 00:00:00
movie,11894,101,\N,\N,\N,OK,2017-07-26 00:00:00
movie,11895,84,\N,\N,\N,OK,2017-07-26 00:00:00
movie,11896,88,\N,\N,\N,OK,2017-07-26 00:00:00
movie,11898,106,\N,\N,\N,OK,2017-07-26 00:00:00
movie,11899,94,\N,\N,\N,OK,2017-07-26 00:00:00
movie,11901,105,\N,\N,\N,OK,2017-07-26 00:00:00
movie,11902,170,\N,\N,\N,OK,2017-07-26 00:00:00
movie,11904,109,\N,\N,\N,OK,2017-07-26 00:00:00
movie,11905,95,\N,\N,\N,OK,2017-07-26 00:00:00
movie,11906,98,\N,\N,\N,OK,2017-07-26 00:00:00
movie,11907,104,\N,\N,\N,OK,2017-07-26 00:00:00
movie,11908,83,\N,\N,\N,OK,2017-07-26 00:00:00
movie,11909,130,\N,\N,\N,OK,2017-07-26 00:00:00
movie,11910,185,\N,\N,\N,OK,2017-07-26 00:00:00
movie,11911,144,\N,\N,\N,OK,2017-07-26 00:00:00
movie,11916,116,\N,\N,\N,OK,2017-07-26 00:00:00
movie,11917,92,\N,\N,\N,OK,2017-07-26 00:00:00
movie,11918,85,\N,\N,\N,OK,2017-07-26 00:00:00
movie,11928,127,\N,\N,\N,OK,2017-07-26 00:00:00
movie,11929,132,\N,\N,\N,OK,2017-07-26 00:00:00
movie,11931,130,\N,\N,\N,OK,2017-07-26 00:00:00
movie,11932,89,\N,\N,\N,OK,2017-07-26 00:00:00
movie,11933,94,\N,\N,\N,OK,2017-07-26 00:00:00
movie,11934,111,\N,\N,\N,OK,2017-07-26 00:00:00
movie,11936,149,\N,\N,\N,OK,2017-07-26 00:00:00
movie,11937,98,\N,\N,\N,OK,2017-07-26 00:00:00
movie,11938,96,\N,\N,\N,OK,2017-07-26 00:00:00
movie,11939,111,\N,\N,\N,OK,2017-07-26 00:00:00
movie,11940,113,\N,\N,\N,OK,2017-07-26 00:00:00
movie,11942,112,\N,\N,\N,OK,2017-07-26 00:00:00
movie,11943,108,\N,\N,\N,OK,2017-07-26 00:00:00
movie,11949,77,\N,\N,\N,OK,2017-07-26 00:00:00
movie,11950,108,\N,\N,\N,OK,2017-07-26 00:00:00
movie,11953,180,\N,\N,\N,OK,2017-07-26 00:00:00
movie,11954,116,\N,\N,\N,OK,2017-07-26 00:00:00
movie,11955,105,\N,\N,\N,OK,2017-07-26 00:00:00
movie,11956,91,\N,\N,\N,OK,2017-07-26 00:00:00
movie,11959,97,\N,\N,\N,OK,2017-07-26 00:00:00
movie,11962,78,\N,\N,\N,OK,2017-07-26 00:00:00
movie,11963,117,\N,\N,\N,OK,2017-07-26 00:00:00
movie,11966,110,\N,\N,\N,OK,2017-07-26 00:00:00
movie,11967,107,\N,\N,\N,OK,2017-07-26 00:00:00
movie,11968,110,\N,\N,\N,OK,2017-07-26 00:00:00
movie,11969,130,\N,\N,\N,OK,2017-07-26 00:00:00
movie,11970,93,\N,\N,\N,OK,2017-07-26 00:00:00
movie,11971,111,\N,\N,\N,OK,2017-07-26 00:00:00
movie,11972,107,\N,\N,\N,OK,2017-07-26 00:00:00
movie,11973,145,\N,\N,\N,OK,2017-07-26 00:00:00
movie,11974,101,\N,\N,\N,OK,2017-07-26 00:00:00
movie,11975,135,\N,\N,\N,OK,2017-07-26 00:00:00
movie,11976,94,\N,\N,\N,OK,2017-07-26 00:00:00
movie,11977,98,\N,\N,\N,OK,2017-07-26 00:00:00
movie,11978,129,\N,\N,\N,OK,2017-07-26 00:00:00
movie,11979,101,\N,\N,\N,OK,2017-07-26 00:00:00
movie,11980,98,\N,\N,\N,OK,2017-07-26 00:00:00
movie,11982,96,\N,\N,\N,OK,2017-07-26 00:00:00
movie,11983,135,\N,\N,\N,OK,2017-07-26 00:00:00
movie,12079,101,\N,\N,\N,OK,2017-07-26 00:00:00
movie,12088,95,\N,\N,\N,OK,2017-07-26 00:00:00
movie,12090,95,\N,\N,\N,OK,2017-07-26 00:00:00
movie,12092,75,\N,\N,\N,OK,2017-07-26 00:00:00
movie,12093,109,\N,\N,\N,OK,2017-07-26 00:00:00
movie,12094,95,\N,\N,\N,OK,2017-07-26 00:00:00
movie,12095,88,\N,\N,\N,OK,2017-07-26 00:00:00
movie,12096,93,\N,\N,\N,OK,2017-07-26 00:00:00
movie,12100,134,\N,\N,\N,OK,2017-07-26 00:00:00
movie,12101,97,\N,\N,\N,OK,2017-07-26 00:00:00
movie,12102,105,\N,\N,\N,OK,2017-07-26 00:00:00
movie,12103,113,\N,\N,\N,OK,2017-07-26 00:00:00
movie,12104,95,\N,\N,\N,OK,2017-07-26 00:00:00
movie,12105,90,\N,\N,\N,OK,2017-07-26 00:00:00
movie,12106,107,\N,\N,\N,OK,2017-07-26 00:00:00
movie,12107,106,\N,\N,\N,OK,2017-07-26 00:00:00
movie,12109,90,\N,\N,\N,OK,2017-07-26 00:00:00
movie,12110,88,\N,\N,\N,OK,2017-07-26 00:00:00
movie,12112,92,\N,\N,\N,OK,2017-07-26 00:00:00
movie,12113,128,\N,\N,\N,OK,2017-07-26 00:00:00
movie,12117,126,\N,\N,\N,OK,2017-07-26 00:00:00
movie,12118,83,\N,\N,\N,OK,2017-07-26 00:00:00
movie,12120,108,\N,\N,\N,OK,2017-07-26 00:00:00
movie,12121,111,\N,\N,\N,OK,2017-07-26 00:00:00
movie,12122,99,\N,\N,\N,OK,2017-07-26 00:00:00
movie,12123,107,\N,\N,\N,OK,2017-07-26 00:00:00
movie,12129,110,\N,\N,\N,OK,2017-07-26 00:00:00
movie,12133,98,\N,\N,\N,OK,2017-07-26 00:00:00
movie,12138,125,\N,\N,\N,OK,2017-07-26 00:00:00
movie,12139,94,\N,\N,\N,OK,2017-07-26 00:00:00
movie,12140,100,\N,\N,\N,OK,2017-07-26 00:00:00
movie,12142,96,\N,\N,\N,OK,2017-07-26 00:00:00
movie,12143,96,\N,\N,\N,OK,2017-07-26 00:00:00
movie,12144,69,\N,\N,\N,OK,2017-07-26 00:00:00
movie,12145,93,\N,\N,\N,OK,2017-07-26 00:00:00
movie,12146,135,\N,\N,\N,OK,2017-07-26 00:00:00
movie,12149,100,\N,\N,\N,OK,2017-07-26 00:00:00
movie,12150,113,\N,\N,\N,OK,2017-07-26 00:00:00
movie,12151,93,\N,\N,\N,OK,2017-07-26 00:00:00
movie,12153,109,\N,\N,\N,OK,2017-07-26 00:00:00
movie,12154,102,\N,\N,\N,OK,2017-07-26 00:00:00
movie,12155,108,\N,\N,\N,OK,2017-07-26 00:00:00
movie,12157,108,\N,\N,\N,OK,2017-07-26 00:00:00
movie,12158,100,\N,\N,\N,OK,2017-07-26 00:00:00
movie,12159,113,\N,\N,\N,OK,2017-07-26 00:00:00
movie,12160,191,\N,\N,\N,OK,2017-07-26 00:00:00
movie,12162,131,\N,\N,\N,OK,2017-07-26 00:00:00
movie,12163,109,\N,\N,\N,OK,2017-07-26 00:00:00
movie,12171,87,\N,\N,\N,OK,2017-07-26 00:00:00
movie,12172,99,\N,\N,\N,OK,2017-07-26 00:00:00
movie,12177,87,\N,\N,\N,OK,2017-07-26 00:00:00
movie,12180,98,\N,\N,\N,OK,2017-07-26 00:00:00
movie,12182,89,\N,\N,\N,OK,2017-07-26 00:00:00
movie,12184,115,\N,\N,\N,OK,2017-07-26 00:00:00
movie,12185,101,\N,\N,\N,OK,2017-07-26 00:00:00
movie,12186,112,\N,\N,\N,OK,2017-07-26 00:00:00
movie,12187,104,\N,\N,\N,OK,2017-07-26 00:00:00
movie,12192,95,\N,\N,\N,OK,2017-07-26 00:00:00
movie,12193,88,\N,\N,\N,OK,2017-07-26 00:00:00
movie,12201,117,\N,\N,\N,OK,2017-07-26 00:00:00
movie,12205,101,\N,\N,\N,OK,2017-07-26 00:00:00
movie,12206,122,\N,\N,\N,OK,2017-07-26 00:00:00
movie,12207,102,\N,\N,\N,OK,2017-07-26 00:00:00
movie,12208,131,\N,\N,\N,OK,2017-07-26 00:00:00
movie,12211,87,\N,\N,\N,OK,2017-07-26 00:00:00
movie,12212,97,\N,\N,\N,OK,2017-07-26 00:00:00
movie,12219,117,\N,\N,\N,OK,2017-07-26 00:00:00
movie,12220,95,\N,\N,\N,OK,2017-07-26 00:00:00
movie,12222,88,\N,\N,\N,OK,2017-07-26 00:00:00
movie,12223,117,\N,\N,\N,OK,2017-07-26 00:00:00
movie,12224,250,\N,\N,\N,OK,2017-07-26 00:00:00
movie,12225,102,\N,\N,\N,OK,2017-07-26 00:00:00
movie,12227,107,\N,\N,\N,OK,2017-07-26 00:00:00
movie,12229,106,\N,\N,\N,OK,2017-07-26 00:00:00
movie,12230,79,\N,\N,\N,OK,2017-07-26 00:00:00
movie,12232,106,\N,\N,\N,OK,2017-07-26 00:00:00
movie,12233,74,\N,\N,\N,OK,2017-07-26 00:00:00
movie,12235,108,\N,\N,\N,OK,2017-07-26 00:00:00
movie,12237,105,\N,\N,\N,OK,2017-07-26 00:00:00
movie,12238,93,\N,\N,\N,OK,2017-07-26 00:00:00
movie,12242,79,\N,\N,\N,OK,2017-07-26 00:00:00
movie,12244,79,\N,\N,\N,OK,2017-07-26 00:00:00
movie,12246,120,\N,\N,\N,OK,2017-07-26 00:00:00
movie,12247,92,\N,\N,\N,OK,2017-07-26 00:00:00
movie,12251,97,\N,\N,\N,OK,2017-07-26 00:00:00
movie,12253,110,\N,\N,\N,OK,2017-07-26 00:00:00
movie,12254,107,\N,\N,\N,OK,2017-07-26 00:00:00
movie,12257,93,\N,\N,\N,OK,2017-07-26 00:00:00
movie,12262,89,\N,\N,\N,OK,2017-07-26 00:00:00
movie,12268,103,\N,\N,\N,OK,2017-07-26 00:00:00
movie,12271,90,\N,\N,\N,OK,2017-07-26 00:00:00
movie,12276,89,\N,\N,\N,OK,2017-07-26 00:00:00
movie,12277,86,\N,\N,\N,OK,2017-07-26 00:00:00
movie,12278,104,\N,\N,\N,OK,2017-07-26 00:00:00
movie,12279,84,\N,\N,\N,OK,2017-07-26 00:00:00
movie,12280,112,\N,\N,\N,OK,2017-07-26 00:00:00
movie,12281,90,\N,\N,\N,OK,2017-07-26 00:00:00
movie,12289,150,\N,\N,\N,OK,2017-07-26 00:00:00
movie,12308,115,\N,\N,\N,OK,2017-07-26 00:00:00
movie,12309,105,\N,\N,\N,OK,2017-07-26 00:00:00
movie,12310,108,\N,\N,\N,OK,2017-07-26 00:00:00
movie,12311,132,\N,\N,\N,OK,2017-07-26 00:00:00
movie,12312,99,\N,\N,\N,OK,2017-07-26 00:00:00
movie,12335,117,\N,\N,\N,OK,2017-07-26 00:00:00
movie,12400,99,\N,\N,\N,OK,2017-07-26 00:00:00
movie,12403,98,\N,\N,\N,OK,2017-07-26 00:00:00
movie,12405,120,\N,\N,\N,OK,2017-07-26 00:00:00
movie,12411,120,\N,\N,\N,OK,2017-07-26 00:00:00
movie,12429,100,\N,\N,\N,OK,2017-07-26 00:00:00
movie,12435,106,\N,\N,\N,OK,2017-07-26 00:00:00
movie,12437,92,\N,\N,\N,OK,2017-07-26 00:00:00
movie,12444,146,\N,\N,\N,OK,2017-07-26 00:00:00
movie,12445,130,\N,\N,\N,OK,2017-07-26 00:00:00
movie,12454,128,\N,\N,\N,OK,2017-07-26 00:00:00
movie,12472,88,\N,\N,\N,OK,2017-07-26 00:00:00
movie,12473,104,\N,\N,\N,OK,2017-07-26 00:00:00
movie,12475,91,\N,\N,\N,OK,2017-07-26 00:00:00
movie,12476,96,\N,\N,\N,OK,2017-07-26 00:00:00
movie,12477,89,\N,\N,\N,OK,2017-07-26 00:00:00
movie,12478,97,\N,\N,\N,OK,2017-07-26 00:00:00
movie,12481,100,\N,\N,\N,OK,2017-07-26 00:00:00
movie,12485,93,\N,\N,\N,OK,2017-07-26 00:00:00
movie,12487,130,\N,\N,\N,OK,2017-07-26 00:00:00
movie,12488,114,\N,\N,\N,OK,2017-07-26 00:00:00
movie,12489,91,\N,\N,\N,OK,2017-07-26 00:00:00
movie,12490,93,\N,\N,\N,OK,2017-07-26 00:00:00
movie,12493,142,\N,\N,\N,OK,2017-07-26 00:00:00
movie,12496,129,\N,\N,\N,OK,2017-07-26 00:00:00
movie,12498,135,\N,\N,\N,OK,2017-07-26 00:00:00
movie,12499,89,\N,\N,\N,OK,2017-07-26 00:00:00
movie,12500,95,\N,\N,\N,OK,2017-07-26 00:00:00
movie,12501,165,\N,\N,\N,OK,2017-07-26 00:00:00
movie,12502,131,\N,\N,\N,OK,2017-07-26 00:00:00
movie,12505,98,\N,\N,\N,OK,2017-07-26 00:00:00
movie,12508,105,\N,\N,\N,OK,2017-07-26 00:00:00
movie,12509,122,\N,\N,\N,OK,2017-07-26 00:00:00
movie,12516,119,\N,\N,\N,OK,2017-07-26 00:00:00
movie,12518,96,\N,\N,\N,OK,2017-07-26 00:00:00
movie,12519,98,\N,\N,\N,OK,2017-07-26 00:00:00
movie,12520,92,\N,\N,\N,OK,2017-07-26 00:00:00
movie,12524,162,\N,\N,\N,OK,2017-07-26 00:00:00
movie,12526,102,\N,\N,\N,OK,2017-07-26 00:00:00
movie,12527,108,\N,\N,\N,OK,2017-07-26 00:00:00
movie,12530,140,\N,\N,\N,OK,2017-07-26 00:00:00
movie,12531,116,\N,\N,\N,OK,2017-07-26 00:00:00
movie,12535,94,\N,\N,\N,OK,2017-07-26 00:00:00
movie,12537,124,\N,\N,\N,OK,2017-07-26 00:00:00
movie,12538,93,\N,\N,\N,OK,2017-07-26 00:00:00
movie,12540,90,\N,\N,\N,OK,2017-07-26 00:00:00
movie,12544,95,\N,\N,\N,OK,2017-07-26 00:00:00
movie,12545,108,\N,\N,\N,OK,2017-07-26 00:00:00
movie,12548,107,\N,\N,\N,OK,2017-07-26 00:00:00
movie,12554,105,\N,\N,\N,OK,2017-07-26 00:00:00
movie,12555,120,\N,\N,\N,OK,2017-07-26 00:00:00
movie,12556,100,\N,\N,\N,OK,2017-07-26 00:00:00
movie,12559,101,\N,\N,\N,OK,2017-07-26 00:00:00
movie,12560,105,\N,\N,\N,OK,2017-07-26 00:00:00
movie,12569,92,\N,\N,\N,OK,2017-07-26 00:00:00
movie,12572,103,\N,\N,\N,OK,2017-07-26 00:00:00
movie,12573,105,\N,\N,\N,OK,2017-07-26 00:00:00
movie,12574,97,\N,\N,\N,OK,2017-07-26 00:00:00
movie,12579,106,\N,\N,\N,OK,2017-07-26 00:00:00
movie,12582,107,\N,\N,\N,OK,2017-07-26 00:00:00
movie,12583,94,\N,\N,\N,OK,2017-07-26 00:00:00
movie,12584,100,\N,\N,\N,OK,2017-07-26 00:00:00
movie,12586,91,\N,\N,\N,OK,2017-07-26 00:00:00
movie,12589,83,\N,\N,\N,OK,2017-07-26 00:00:00
movie,12590,105,\N,\N,\N,OK,2017-07-26 00:00:00
movie,12596,124,\N,\N,\N,OK,2017-07-26 00:00:00
movie,12599,84,\N,\N,\N,OK,2017-07-26 00:00:00
movie,12600,75,\N,\N,\N,OK,2017-07-26 00:00:00
movie,12606,90,\N,\N,\N,OK,2017-07-26 00:00:00
movie,12610,95,\N,\N,\N,OK,2017-07-26 00:00:00
movie,12611,118,\N,\N,\N,OK,2017-07-26 00:00:00
movie,12613,102,\N,\N,\N,OK,2017-07-26 00:00:00
movie,12614,132,\N,\N,\N,OK,2017-07-26 00:00:00
movie,12615,130,\N,\N,\N,OK,2017-07-26 00:00:00
movie,12618,133,\N,\N,\N,OK,2017-07-26 00:00:00
movie,12620,97,\N,\N,\N,OK,2017-07-26 00:00:00
movie,12621,92,\N,\N,\N,OK,2017-07-26 00:00:00
movie,12626,133,\N,\N,\N,OK,2017-07-26 00:00:00
movie,12628,94,\N,\N,\N,OK,2017-07-26 00:00:00
movie,12629,85,\N,\N,\N,OK,2017-07-26 00:00:00
movie,12632,139,\N,\N,\N,OK,2017-07-26 00:00:00
movie,12634,88,\N,\N,\N,OK,2017-07-26 00:00:00
movie,12635,100,\N,\N,\N,OK,2017-07-26 00:00:00
movie,12637,155,\N,\N,\N,OK,2017-07-26 00:00:00
movie,12645,100,\N,\N,\N,OK,2017-07-26 00:00:00
movie,12647,106,\N,\N,\N,OK,2017-07-26 00:00:00
movie,12649,83,\N,\N,\N,OK,2017-07-26 00:00:00
movie,12651,107,\N,\N,\N,OK,2017-07-26 00:00:00
movie,12652,106,\N,\N,\N,OK,2017-07-26 00:00:00
movie,12655,97,\N,\N,\N,OK,2017-07-26 00:00:00
movie,12656,99,\N,\N,\N,OK,2017-07-26 00:00:00
movie,12657,86,\N,\N,\N,OK,2017-07-26 00:00:00
movie,12658,97,\N,\N,\N,OK,2017-07-26 00:00:00
movie,12659,113,\N,\N,\N,OK,2017-07-26 00:00:00
movie,12660,121,\N,\N,\N,OK,2017-07-26 00:00:00
movie,12661,90,\N,\N,\N,OK,2017-07-26 00:00:00
movie,12662,93,\N,\N,\N,OK,2017-07-26 00:00:00
movie,12664,91,\N,\N,\N,OK,2017-07-26 00:00:00
movie,12665,111,\N,\N,\N,OK,2017-07-26 00:00:00
movie,12683,88,\N,\N,\N,OK,2017-07-26 00:00:00
movie,12684,76,\N,\N,\N,OK,2017-07-26 00:00:00
movie,12685,79,\N,\N,\N,OK,2017-07-26 00:00:00
movie,12689,100,\N,\N,\N,OK,2017-07-26 00:00:00
movie,12690,115,\N,\N,\N,OK,2017-07-26 00:00:00
movie,12698,95,\N,\N,\N,OK,2017-07-26 00:00:00
movie,12700,117,\N,\N,\N,OK,2017-07-26 00:00:00
movie,12701,126,\N,\N,\N,OK,2017-07-26 00:00:00
movie,12703,93,\N,\N,\N,OK,2017-07-26 00:00:00
movie,12704,107,\N,\N,\N,OK,2017-07-26 00:00:00
movie,12705,100,\N,\N,\N,OK,2017-07-26 00:00:00
movie,12706,94,\N,\N,\N,OK,2017-07-26 00:00:00
movie,12707,92,\N,\N,\N,OK,2017-07-26 00:00:00
movie,12708,99,\N,\N,\N,OK,2017-07-26 00:00:00
movie,12709,102,\N,\N,\N,OK,2017-07-26 00:00:00
movie,12710,97,\N,\N,\N,OK,2017-07-26 00:00:00
movie,12714,106,\N,\N,\N,OK,2017-07-26 00:00:00
movie,12715,104,\N,\N,\N,OK,2017-07-26 00:00:00
movie,12716,105,\N,\N,\N,OK,2017-07-26 00:00:00
movie,12717,99,\N,\N,\N,OK,2017-07-26 00:00:00
movie,12719,108,\N,\N,\N,OK,2017-07-26 00:00:00
movie,12720,99,\N,\N,\N,OK,2017-07-26 00:00:00
movie,12723,110,\N,\N,\N,OK,2017-07-26 00:00:00
movie,12761,90,\N,\N,\N,OK,2017-07-26 00:00:00
movie,12762,84,\N,\N,\N,OK,2017-07-26 00:00:00
movie,12763,108,\N,\N,\N,OK,2017-07-26 00:00:00
movie,12764,100,\N,\N,\N,OK,2017-07-26 00:00:00
movie,12767,118,\N,\N,\N,OK,2017-07-26 00:00:00
movie,12770,85,\N,\N,\N,OK,2017-07-26 00:00:00
movie,12771,100,\N,\N,\N,OK,2017-07-26 00:00:00
movie,12772,108,\N,\N,\N,OK,2017-07-26 00:00:00
movie,12774,102,\N,\N,\N,OK,2017-07-26 00:00:00
movie,12775,126,\N,\N,\N,OK,2017-07-26 00:00:00
movie,12776,102,\N,\N,\N,OK,2017-07-26 00:00:00
movie,12778,113,\N,\N,\N,OK,2017-07-26 00:00:00
movie,12779,89,\N,\N,\N,OK,2017-07-26 00:00:00
movie,12780,90,\N,\N,\N,OK,2017-07-26 00:00:00
movie,12783,110,\N,\N,\N,OK,2017-07-26 00:00:00
movie,12795,92,\N,\N,\N,OK,2017-07-26 00:00:00
movie,12797,102,\N,\N,\N,OK,2017-07-26 00:00:00
movie,12806,91,\N,\N,\N,OK,2017-07-26 00:00:00
movie,12808,94,\N,\N,\N,OK,2017-07-26 00:00:00
movie,12819,88,\N,\N,\N,OK,2017-07-26 00:00:00
movie,12834,104,\N,\N,\N,OK,2017-07-26 00:00:00
movie,12837,114,\N,\N,\N,OK,2017-07-26 00:00:00
movie,12877,90,\N,\N,\N,OK,2017-07-26 00:00:00
movie,12888,96,\N,\N,\N,OK,2017-07-26 00:00:00
movie,12889,90,\N,\N,\N,OK,2017-07-26 00:00:00
movie,12890,95,\N,\N,\N,OK,2017-07-26 00:00:00
movie,12901,102,\N,\N,\N,OK,2017-07-26 00:00:00
movie,12902,74,\N,\N,\N,OK,2017-07-26 00:00:00
movie,12912,87,\N,\N,\N,OK,2017-07-26 00:00:00
movie,12914,98,\N,\N,\N,OK,2017-07-26 00:00:00
movie,12919,94,\N,\N,\N,OK,2017-07-26 00:00:00
movie,12920,106,\N,\N,\N,OK,2017-07-26 00:00:00
movie,12921,90,\N,\N,\N,OK,2017-07-26 00:00:00
movie,12994,100,\N,\N,\N,OK,2017-07-26 00:00:00
movie,13003,120,\N,\N,\N,OK,2017-07-26 00:00:00
movie,13005,96,\N,\N,\N,OK,2017-07-26 00:00:00
movie,13007,101,\N,\N,\N,OK,2017-07-26 00:00:00
movie,13009,94,\N,\N,\N,OK,2017-07-26 00:00:00
movie,13012,103,\N,\N,\N,OK,2017-07-26 00:00:00
movie,13015,74,\N,\N,\N,OK,2017-07-26 00:00:00
movie,13016,118,\N,\N,\N,OK,2017-07-26 00:00:00
movie,13019,90,\N,\N,\N,OK,2017-07-26 00:00:00
movie,13020,110,\N,\N,\N,OK,2017-07-26 00:00:00
movie,13022,99,\N,\N,\N,OK,2017-07-26 00:00:00
movie,13025,95,\N,\N,\N,OK,2017-07-26 00:00:00
movie,13027,118,\N,\N,\N,OK,2017-07-26 00:00:00
movie,13041,125,\N,\N,\N,OK,2017-07-26 00:00:00
movie,13042,5,\N,\N,\N,OK,2017-07-26 00:00:00
movie,13051,100,\N,\N,\N,OK,2017-07-26 00:00:00
movie,13053,98,\N,\N,\N,OK,2017-07-26 00:00:00
movie,13054,119,\N,\N,\N,OK,2017-07-26 00:00:00
movie,13056,102,\N,\N,\N,OK,2017-07-26 00:00:00
movie,13059,103,\N,\N,\N,OK,2017-07-26 00:00:00
movie,13060,5,\N,\N,\N,OK,2017-07-26 00:00:00
movie,13064,91,\N,\N,\N,OK,2017-07-26 00:00:00
movie,13067,97,\N,\N,\N,OK,2017-07-26 00:00:00
movie,13068,101,\N,\N,\N,OK,2017-07-26 00:00:00
movie,13073,100,\N,\N,\N,OK,2017-07-26 00:00:00
movie,13075,96,\N,\N,\N,OK,2017-07-26 00:00:00
movie,13090,102,\N,\N,\N,OK,2017-07-26 00:00:00
movie,13092,110,\N,\N,\N,OK,2017-07-26 00:00:00
movie,13094,87,\N,\N,\N,OK,2017-07-26 00:00:00
movie,13098,93,\N,\N,\N,OK,2017-07-26 00:00:00
movie,13099,114,\N,\N,\N,OK,2017-07-26 00:00:00
movie,13105,91,\N,\N,\N,OK,2017-07-26 00:00:00
movie,13107,99,\N,\N,\N,OK,2017-07-26 00:00:00
movie,13121,94,\N,\N,\N,OK,2017-07-26 00:00:00
movie,13122,102,\N,\N,\N,OK,2017-07-26 00:00:00
movie,13132,108,\N,\N,\N,OK,2017-07-26 00:00:00
movie,13141,97,\N,\N,\N,OK,2017-07-26 00:00:00
movie,13150,130,\N,\N,\N,OK,2017-07-26 00:00:00
movie,13153,95,\N,\N,\N,OK,2017-07-26 00:00:00
movie,13155,109,\N,\N,\N,OK,2017-07-26 00:00:00
movie,13156,111,\N,\N,\N,OK,2017-07-26 00:00:00
movie,13158,86,\N,\N,\N,OK,2017-07-26 00:00:00
movie,13161,105,\N,\N,\N,OK,2017-07-26 00:00:00
movie,13166,87,\N,\N,\N,OK,2017-07-26 00:00:00
movie,13169,91,\N,\N,\N,OK,2017-07-26 00:00:00
movie,13171,90,\N,\N,\N,OK,2017-07-26 00:00:00
movie,13173,96,\N,\N,\N,OK,2017-07-26 00:00:00
movie,13177,99,\N,\N,\N,OK,2017-07-26 00:00:00
movie,13180,123,\N,\N,\N,OK,2017-07-26 00:00:00
movie,13183,163,\N,\N,\N,OK,2017-07-26 00:00:00
movie,13184,99,\N,\N,\N,OK,2017-07-26 00:00:00
movie,13186,96,\N,\N,\N,OK,2017-07-26 00:00:00
movie,13187,25,\N,\N,\N,OK,2017-07-26 00:00:00
movie,13188,86,\N,\N,\N,OK,2017-07-26 00:00:00
movie,13192,93,\N,\N,\N,OK,2017-07-26 00:00:00
movie,13193,92,\N,\N,\N,OK,2017-07-26 00:00:00
movie,13194,86,\N,\N,\N,OK,2017-07-26 00:00:00
movie,13197,107,\N,\N,\N,OK,2017-07-26 00:00:00
movie,13198,88,\N,\N,\N,OK,2017-07-26 00:00:00
movie,13199,125,\N,\N,\N,OK,2017-07-26 00:00:00
movie,13201,96,\N,\N,\N,OK,2017-07-26 00:00:00
movie,13203,95,\N,\N,\N,OK,2017-07-26 00:00:00
movie,13207,97,\N,\N,\N,OK,2017-07-26 00:00:00
movie,13210,124,\N,\N,\N,OK,2017-07-26 00:00:00
movie,13220,82,\N,\N,\N,OK,2017-07-26 00:00:00
movie,13222,110,\N,\N,\N,OK,2017-07-26 00:00:00
movie,13223,116,\N,\N,\N,OK,2017-07-26 00:00:00
movie,13225,76,\N,\N,\N,OK,2017-07-26 00:00:00
movie,13245,172,\N,\N,\N,OK,2017-07-26 00:00:00
movie,13251,108,\N,\N,\N,OK,2017-07-26 00:00:00
movie,13253,88,\N,\N,\N,OK,2017-07-26 00:00:00
movie,13256,111,\N,\N,\N,OK,2017-07-26 00:00:00
movie,13257,87,\N,\N,\N,OK,2017-07-26 00:00:00
movie,13258,96,\N,\N,\N,OK,2017-07-26 00:00:00
movie,13260,91,\N,\N,\N,OK,2017-07-26 00:00:00
movie,13275,108,\N,\N,\N,OK,2017-07-26 00:00:00
movie,13279,110,\N,\N,\N,OK,2017-07-26 00:00:00
movie,13280,108,\N,\N,\N,OK,2017-07-26 00:00:00
movie,13282,80,\N,\N,\N,OK,2017-07-26 00:00:00
movie,13291,114,\N,\N,\N,OK,2017-07-26 00:00:00
movie,13300,84,\N,\N,\N,OK,2017-07-26 00:00:00
movie,13310,115,\N,\N,\N,OK,2017-07-26 00:00:00
movie,13312,79,\N,\N,\N,OK,2017-07-26 00:00:00
movie,13313,72,\N,\N,\N,OK,2017-07-26 00:00:00
movie,13320,103,\N,\N,\N,OK,2017-07-26 00:00:00
movie,13321,96,\N,\N,\N,OK,2017-07-26 00:00:00
movie,13333,94,\N,\N,\N,OK,2017-07-26 00:00:00
movie,13335,107,\N,\N,\N,OK,2017-07-26 00:00:00
movie,13339,97,\N,\N,\N,OK,2017-07-26 00:00:00
movie,13341,113,\N,\N,\N,OK,2017-07-26 00:00:00
movie,13342,90,\N,\N,\N,OK,2017-07-26 00:00:00
movie,13346,108,\N,\N,\N,OK,2017-07-26 00:00:00
movie,13348,80,\N,\N,\N,OK,2017-07-26 00:00:00
movie,13352,100,\N,\N,\N,OK,2017-07-26 00:00:00
movie,13353,25,\N,\N,\N,OK,2017-07-26 00:00:00
movie,13358,83,\N,\N,\N,OK,2017-07-26 00:00:00
movie,13359,90,\N,\N,\N,OK,2017-07-26 00:00:00
movie,13362,106,\N,\N,\N,OK,2017-07-26 00:00:00
movie,13363,87,\N,\N,\N,OK,2017-07-26 00:00:00
movie,13364,101,\N,\N,\N,OK,2017-07-26 00:00:00
movie,13365,180,\N,\N,\N,OK,2017-07-26 00:00:00
movie,13368,120,\N,\N,\N,OK,2017-07-26 00:00:00
movie,13369,90,\N,\N,\N,OK,2017-07-26 00:00:00
movie,13370,91,\N,\N,\N,OK,2017-07-26 00:00:00
movie,13372,74,\N,\N,\N,OK,2017-07-26 00:00:00
movie,13373,98,\N,\N,\N,OK,2017-07-26 00:00:00
movie,13374,98,\N,\N,\N,OK,2017-07-26 00:00:00
movie,13376,76,\N,\N,\N,OK,2017-07-26 00:00:00
movie,13377,26,\N,\N,\N,OK,2017-07-26 00:00:00
movie,13382,52,\N,\N,\N,OK,2017-07-26 00:00:00
movie,13386,110,\N,\N,\N,OK,2017-07-26 00:00:00
movie,13387,104,\N,\N,\N,OK,2017-07-26 00:00:00
movie,13389,101,\N,\N,\N,OK,2017-07-26 00:00:00
movie,13393,108,\N,\N,\N,OK,2017-07-26 00:00:00
movie,13394,28,\N,\N,\N,OK,2017-07-26 00:00:00
movie,13396,26,\N,\N,\N,OK,2017-07-26 00:00:00
movie,13398,92,\N,\N,\N,OK,2017-07-26 00:00:00
movie,13403,95,\N,\N,\N,OK,2017-07-26 00:00:00
movie,13405,125,\N,\N,\N,OK,2017-07-26 00:00:00
movie,13409,94,\N,\N,\N,OK,2017-07-26 00:00:00
movie,13411,86,\N,\N,\N,OK,2017-07-26 00:00:00
movie,13413,8,\N,\N,\N,OK,2017-07-26 00:00:00
movie,13416,118,\N,\N,\N,OK,2017-07-26 00:00:00
movie,13417,72,\N,\N,\N,OK,2017-07-26 00:00:00
movie,13433,110,\N,\N,\N,OK,2017-07-26 00:00:00
movie,13435,120,\N,\N,\N,OK,2017-07-26 00:00:00
movie,13438,108,\N,\N,\N,OK,2017-07-26 00:00:00
movie,13440,104,\N,\N,\N,OK,2017-07-26 00:00:00
movie,13441,106,\N,\N,\N,OK,2017-07-26 00:00:00
movie,13446,107,\N,\N,\N,OK,2017-07-26 00:00:00
movie,13448,138,\N,\N,\N,OK,2017-07-26 00:00:00
movie,13455,111,\N,\N,\N,OK,2017-07-26 00:00:00
movie,13460,108,\N,\N,\N,OK,2017-07-26 00:00:00
movie,13465,68,\N,\N,\N,OK,2017-07-26 00:00:00
movie,13466,108,\N,\N,\N,OK,2017-07-26 00:00:00
movie,13475,127,\N,\N,\N,OK,2017-07-26 00:00:00
movie,13476,95,\N,\N,\N,OK,2017-07-26 00:00:00
movie,13477,91,\N,\N,\N,OK,2017-07-26 00:00:00
movie,13481,98,\N,\N,\N,OK,2017-07-26 00:00:00
movie,13482,117,\N,\N,\N,OK,2017-07-26 00:00:00
movie,13483,84,\N,\N,\N,OK,2017-07-26 00:00:00
movie,13485,100,\N,\N,\N,OK,2017-07-26 00:00:00
movie,13492,108,\N,\N,\N,OK,2017-07-26 00:00:00
movie,13493,83,\N,\N,\N,OK,2017-07-26 00:00:00
movie,13496,94,\N,\N,\N,OK,2017-07-26 00:00:00
movie,13497,118,\N,\N,\N,OK,2017-07-26 00:00:00
movie,13498,100,\N,\N,\N,OK,2017-07-26 00:00:00
movie,13499,90,\N,\N,\N,OK,2017-07-26 00:00:00
movie,13503,110,\N,\N,\N,OK,2017-07-26 00:00:00
movie,13505,93,\N,\N,\N,OK,2017-07-26 00:00:00
movie,13508,92,\N,\N,\N,OK,2017-07-26 00:00:00
movie,13509,82,\N,\N,\N,OK,2017-07-26 00:00:00
movie,13510,91,\N,\N,\N,OK,2017-07-26 00:00:00
movie,13511,89,\N,\N,\N,OK,2017-07-26 00:00:00
movie,13514,106,\N,\N,\N,OK,2017-07-26 00:00:00
movie,13515,110,\N,\N,\N,OK,2017-07-26 00:00:00
movie,13517,90,\N,\N,\N,OK,2017-07-26 00:00:00
movie,13519,366,\N,\N,\N,OK,2017-07-26 00:00:00
movie,13523,109,\N,\N,\N,OK,2017-07-26 00:00:00
movie,13528,114,\N,\N,\N,OK,2017-07-26 00:00:00
movie,13529,74,\N,\N,\N,OK,2017-07-26 00:00:00
movie,13531,90,\N,\N,\N,OK,2017-07-26 00:00:00
movie,13532,90,\N,\N,\N,OK,2017-07-26 00:00:00
movie,13533,113,\N,\N,\N,OK,2017-07-26 00:00:00
movie,13536,108,\N,\N,\N,OK,2017-07-26 00:00:00
movie,13537,94,\N,\N,\N,OK,2017-07-26 00:00:00
movie,13539,96,\N,\N,\N,OK,2017-07-26 00:00:00
movie,13549,116,\N,\N,\N,OK,2017-07-26 00:00:00
movie,13550,107,\N,\N,\N,OK,2017-07-26 00:00:00
movie,13552,80,\N,\N,\N,OK,2017-07-26 00:00:00
movie,13554,119,\N,\N,\N,OK,2017-07-26 00:00:00
movie,13555,96,\N,\N,\N,OK,2017-07-26 00:00:00
movie,13560,106,\N,\N,\N,OK,2017-07-26 00:00:00
movie,13562,94,\N,\N,\N,OK,2017-07-26 00:00:00
movie,13567,85,\N,\N,\N,OK,2017-07-26 00:00:00
movie,13572,97,\N,\N,\N,OK,2017-07-26 00:00:00
movie,13573,108,\N,\N,\N,OK,2017-07-26 00:00:00
movie,13580,112,\N,\N,\N,OK,2017-07-26 00:00:00
movie,13581,103,\N,\N,\N,OK,2017-07-26 00:00:00
movie,13589,114,\N,\N,\N,OK,2017-07-26 00:00:00
movie,13590,99,\N,\N,\N,OK,2017-07-26 00:00:00
movie,13595,92,\N,\N,\N,OK,2017-07-26 00:00:00
movie,13596,101,\N,\N,\N,OK,2017-07-26 00:00:00
movie,13597,101,\N,\N,\N,OK,2017-07-26 00:00:00
movie,13600,90,\N,\N,\N,OK,2017-07-26 00:00:00
movie,13632,93,\N,\N,\N,OK,2017-07-26 00:00:00
movie,13635,113,\N,\N,\N,OK,2017-07-26 00:00:00
movie,13636,105,\N,\N,\N,OK,2017-07-26 00:00:00
movie,13637,121,\N,\N,\N,OK,2017-07-26 00:00:00
movie,13640,75,\N,\N,\N,OK,2017-07-26 00:00:00
movie,13641,95,\N,\N,\N,OK,2017-07-26 00:00:00
movie,13643,70,\N,\N,\N,OK,2017-07-26 00:00:00
movie,13647,83,\N,\N,\N,OK,2017-07-26 00:00:00
movie,13649,104,\N,\N,\N,OK,2017-07-26 00:00:00
movie,13654,70,\N,\N,\N,OK,2017-07-26 00:00:00
movie,13655,94,\N,\N,\N,OK,2017-07-26 00:00:00
movie,13665,97,\N,\N,\N,OK,2017-07-26 00:00:00
movie,13666,70,\N,\N,\N,OK,2017-07-26 00:00:00
movie,13667,97,\N,\N,\N,OK,2017-07-26 00:00:00
movie,13668,111,\N,\N,\N,OK,2017-07-26 00:00:00
movie,13671,151,\N,\N,\N,OK,2017-07-26 00:00:00
movie,13672,96,\N,\N,\N,OK,2017-07-26 00:00:00
movie,13673,99,\N,\N,\N,OK,2017-07-26 00:00:00
movie,13675,25,\N,\N,\N,OK,2017-07-26 00:00:00
movie,13680,110,\N,\N,\N,OK,2017-07-26 00:00:00
movie,13681,111,\N,\N,\N,OK,2017-07-26 00:00:00
movie,13685,91,\N,\N,\N,OK,2017-07-26 00:00:00
movie,13689,120,\N,\N,\N,OK,2017-07-26 00:00:00
movie,13691,75,\N,\N,\N,OK,2017-07-26 00:00:00
movie,13696,97,\N,\N,\N,OK,2017-07-26 00:00:00
movie,13697,134,\N,\N,\N,OK,2017-07-26 00:00:00
movie,13698,111,\N,\N,\N,OK,2017-07-26 00:00:00
movie,13701,121,\N,\N,\N,OK,2017-07-26 00:00:00
movie,13703,98,\N,\N,\N,OK,2017-07-26 00:00:00
movie,13704,90,\N,\N,\N,OK,2017-07-26 00:00:00
movie,13715,111,\N,\N,\N,OK,2017-07-26 00:00:00
movie,13751,112,\N,\N,\N,OK,2017-07-26 00:00:00
movie,13752,118,\N,\N,\N,OK,2017-07-26 00:00:00
movie,13754,103,\N,\N,\N,OK,2017-07-26 00:00:00
movie,13761,72,\N,\N,\N,OK,2017-07-26 00:00:00
movie,13762,91,\N,\N,\N,OK,2017-07-26 00:00:00
movie,13763,111,\N,\N,\N,OK,2017-07-26 00:00:00
movie,13764,108,\N,\N,\N,OK,2017-07-26 00:00:00
movie,13765,113,\N,\N,\N,OK,2017-07-26 00:00:00
movie,13766,107,\N,\N,\N,OK,2017-07-26 00:00:00
movie,13767,98,\N,\N,\N,OK,2017-07-26 00:00:00
movie,13768,90,\N,\N,\N,OK,2017-07-26 00:00:00
movie,13771,95,\N,\N,\N,OK,2017-07-26 00:00:00
movie,13776,110,\N,\N,\N,OK,2017-07-26 00:00:00
movie,13778,98,\N,\N,\N,OK,2017-07-26 00:00:00
movie,13783,107,\N,\N,\N,OK,2017-07-26 00:00:00
movie,13785,90,\N,\N,\N,OK,2017-07-26 00:00:00
movie,13787,115,\N,\N,\N,OK,2017-07-26 00:00:00
movie,13791,107,\N,\N,\N,OK,2017-07-26 00:00:00
movie,13794,40,\N,\N,\N,OK,2017-07-26 00:00:00
movie,13795,40,\N,\N,\N,OK,2017-07-26 00:00:00
movie,13804,107,\N,\N,\N,OK,2017-07-26 00:00:00
movie,13805,87,\N,\N,\N,OK,2017-07-26 00:00:00
movie,13808,100,\N,\N,\N,OK,2017-07-26 00:00:00
movie,13809,114,\N,\N,\N,OK,2017-07-26 00:00:00
movie,13811,121,\N,\N,\N,OK,2017-07-26 00:00:00
movie,13813,137,\N,\N,\N,OK,2017-07-26 00:00:00
movie,13815,114,\N,\N,\N,OK,2017-07-26 00:00:00
movie,13816,121,\N,\N,\N,OK,2017-07-26 00:00:00
movie,13817,104,\N,\N,\N,OK,2017-07-26 00:00:00
movie,13818,108,\N,\N,\N,OK,2017-07-26 00:00:00
movie,13819,103,\N,\N,\N,OK,2017-07-26 00:00:00
movie,13820,92,\N,\N,\N,OK,2017-07-26 00:00:00
movie,13821,86,\N,\N,\N,OK,2017-07-26 00:00:00
movie,13823,127,\N,\N,\N,OK,2017-07-26 00:00:00
movie,13824,81,\N,\N,\N,OK,2017-07-26 00:00:00
movie,13836,98,\N,\N,\N,OK,2017-07-26 00:00:00
movie,13848,85,\N,\N,\N,OK,2017-07-26 00:00:00
movie,13849,92,\N,\N,\N,OK,2017-07-26 00:00:00
movie,13850,91,\N,\N,\N,OK,2017-07-26 00:00:00
movie,13851,75,\N,\N,\N,OK,2017-07-26 00:00:00
movie,13852,85,\N,\N,\N,OK,2017-07-26 00:00:00
movie,13853,98,\N,\N,\N,OK,2017-07-26 00:00:00
movie,13855,125,\N,\N,\N,OK,2017-07-26 00:00:00
movie,13856,81,\N,\N,\N,OK,2017-07-26 00:00:00
movie,13885,116,\N,\N,\N,OK,2017-07-26 00:00:00
movie,13888,98,\N,\N,\N,OK,2017-07-26 00:00:00
movie,13891,104,\N,\N,\N,OK,2017-07-26 00:00:00
movie,13894,89,\N,\N,\N,OK,2017-07-26 00:00:00
movie,13898,90,\N,\N,\N,OK,2017-07-26 00:00:00
movie,13899,97,\N,\N,\N,OK,2017-07-26 00:00:00
movie,13905,182,\N,\N,\N,OK,2017-07-26 00:00:00
movie,13907,95,\N,\N,\N,OK,2017-07-26 00:00:00
movie,13908,80,\N,\N,\N,OK,2017-07-26 00:00:00
movie,13909,103,\N,\N,\N,OK,2017-07-26 00:00:00
movie,13912,68,\N,\N,\N,OK,2017-07-26 00:00:00
movie,13913,97,\N,\N,\N,OK,2017-07-26 00:00:00
movie,13915,84,\N,\N,\N,OK,2017-07-26 00:00:00
movie,13919,108,\N,\N,\N,OK,2017-07-26 00:00:00
movie,13920,109,\N,\N,\N,OK,2017-07-26 00:00:00
movie,13922,132,\N,\N,\N,OK,2017-07-26 00:00:00
movie,13925,2,\N,\N,\N,OK,2017-07-26 00:00:00
movie,13929,4,\N,\N,\N,OK,2017-07-26 00:00:00
movie,13930,3,\N,\N,\N,OK,2017-07-26 00:00:00
movie,13931,4,\N,\N,\N,OK,2017-07-26 00:00:00
movie,13932,5,\N,\N,\N,OK,2017-07-26 00:00:00
movie,13933,4,\N,\N,\N,OK,2017-07-26 00:00:00
movie,13936,145,\N,\N,\N,OK,2017-07-26 00:00:00
movie,13937,91,\N,\N,\N,OK,2017-07-26 00:00:00
movie,13938,108,\N,\N,\N,OK,2017-07-26 00:00:00
movie,13939,93,\N,\N,\N,OK,2017-07-26 00:00:00
movie,13948,83,\N,\N,\N,OK,2017-07-26 00:00:00
movie,13949,93,\N,\N,\N,OK,2017-07-26 00:00:00
movie,13950,95,\N,\N,\N,OK,2017-07-26 00:00:00
movie,13958,79,\N,\N,\N,OK,2017-07-26 00:00:00
movie,13962,93,\N,\N,\N,OK,2017-07-26 00:00:00
movie,13963,117,\N,\N,\N,OK,2017-07-26 00:00:00
movie,13964,96,\N,\N,\N,OK,2017-07-26 00:00:00
movie,13965,110,\N,\N,\N,OK,2017-07-26 00:00:00
movie,13966,104,\N,\N,\N,OK,2017-07-26 00:00:00
movie,13967,92,\N,\N,\N,OK,2017-07-26 00:00:00
movie,13968,85,\N,\N,\N,OK,2017-07-26 00:00:00
movie,13969,105,\N,\N,\N,OK,2017-07-26 00:00:00
movie,13971,98,\N,\N,\N,OK,2017-07-26 00:00:00
movie,13973,92,\N,\N,\N,OK,2017-07-26 00:00:00
movie,13975,117,\N,\N,\N,OK,2017-07-26 00:00:00
movie,13976,85,\N,\N,\N,OK,2017-07-26 00:00:00
movie,13980,103,\N,\N,\N,OK,2017-07-26 00:00:00
movie,13982,95,\N,\N,\N,OK,2017-07-26 00:00:00
movie,13984,76,\N,\N,\N,OK,2017-07-26 00:00:00
movie,13986,179,\N,\N,\N,OK,2017-07-26 00:00:00
movie,13990,99,\N,\N,\N,OK,2017-07-26 00:00:00
movie,13995,97,\N,\N,\N,OK,2017-07-26 00:00:00
movie,13997,87,\N,\N,\N,OK,2017-07-26 00:00:00
movie,13998,91,\N,\N,\N,OK,2017-07-26 00:00:00
movie,14001,89,\N,\N,\N,OK,2017-07-26 00:00:00
movie,14002,96,\N,\N,\N,OK,2017-07-26 00:00:00
movie,14003,105,\N,\N,\N,OK,2017-07-26 00:00:00
movie,14011,75,\N,\N,\N,OK,2017-07-26 00:00:00
movie,14013,103,\N,\N,\N,OK,2017-07-26 00:00:00
movie,14019,90,\N,\N,\N,OK,2017-07-26 00:00:00
movie,14022,97,\N,\N,\N,OK,2017-07-26 00:00:00
movie,14024,103,\N,\N,\N,OK,2017-07-26 00:00:00
movie,14030,146,\N,\N,\N,OK,2017-07-26 00:00:00
movie,14035,92,\N,\N,\N,OK,2017-07-26 00:00:00
movie,14040,113,\N,\N,\N,OK,2017-07-26 00:00:00
movie,14043,99,\N,\N,\N,OK,2017-07-26 00:00:00
movie,14044,124,\N,\N,\N,OK,2017-07-26 00:00:00
movie,14048,94,\N,\N,\N,OK,2017-07-26 00:00:00
movie,14050,116,\N,\N,\N,OK,2017-07-26 00:00:00
movie,14052,90,\N,\N,\N,OK,2017-07-26 00:00:00
movie,14054,106,\N,\N,\N,OK,2017-07-26 00:00:00
movie,14055,92,\N,\N,\N,OK,2017-07-26 00:00:00
movie,14061,110,\N,\N,\N,OK,2017-07-26 00:00:00
movie,14069,98,\N,\N,\N,OK,2017-07-26 00:00:00
movie,14092,85,\N,\N,\N,OK,2017-07-26 00:00:00
movie,14108,92,\N,\N,\N,OK,2017-07-26 00:00:00
movie,14111,97,\N,\N,\N,OK,2017-07-26 00:00:00
movie,14112,104,\N,\N,\N,OK,2017-07-26 00:00:00
movie,14113,83,\N,\N,\N,OK,2017-07-26 00:00:00
movie,14114,95,\N,\N,\N,OK,2017-07-26 00:00:00
movie,14117,101,\N,\N,\N,OK,2017-07-26 00:00:00
movie,14118,95,\N,\N,\N,OK,2017-07-26 00:00:00
movie,14135,114,\N,\N,\N,OK,2017-07-26 00:00:00
movie,14136,107,\N,\N,\N,OK,2017-07-26 00:00:00
movie,14137,86,\N,\N,\N,OK,2017-07-26 00:00:00
movie,14139,92,\N,\N,\N,OK,2017-07-26 00:00:00
movie,14140,105,\N,\N,\N,OK,2017-07-26 00:00:00
movie,14141,87,\N,\N,\N,OK,2017-07-26 00:00:00
movie,14144,89,\N,\N,\N,OK,2017-07-26 00:00:00
movie,14158,64,\N,\N,\N,OK,2017-07-26 00:00:00
movie,14160,96,\N,\N,\N,OK,2017-07-26 00:00:00
movie,14161,158,\N,\N,\N,OK,2017-07-26 00:00:00
movie,14166,105,\N,\N,\N,OK,2017-07-26 00:00:00
movie,14168,92,\N,\N,\N,OK,2017-07-26 00:00:00
movie,14170,101,\N,\N,\N,OK,2017-07-26 00:00:00
movie,14175,76,\N,\N,\N,OK,2017-07-26 00:00:00
movie,14177,105,\N,\N,\N,OK,2017-07-26 00:00:00
movie,14181,118,\N,\N,\N,OK,2017-07-26 00:00:00
movie,14191,104,\N,\N,\N,OK,2017-07-26 00:00:00
movie,14195,87,\N,\N,\N,OK,2017-07-26 00:00:00
movie,14199,92,\N,\N,\N,OK,2017-07-26 00:00:00
movie,14201,99,\N,\N,\N,OK,2017-07-26 00:00:00
movie,14202,125,\N,\N,\N,OK,2017-07-26 00:00:00
movie,14207,106,\N,\N,\N,OK,2017-07-26 00:00:00
movie,14208,92,\N,\N,\N,OK,2017-07-26 00:00:00
movie,14220,87,\N,\N,\N,OK,2017-07-26 00:00:00
movie,14236,89,\N,\N,\N,OK,2017-07-26 00:00:00
movie,14239,102,\N,\N,\N,OK,2017-07-26 00:00:00
movie,14240,85,\N,\N,\N,OK,2017-07-26 00:00:00
movie,14241,100,\N,\N,\N,OK,2017-07-26 00:00:00
movie,14242,107,\N,\N,\N,OK,2017-07-26 00:00:00
movie,14248,87,\N,\N,\N,OK,2017-07-26 00:00:00
movie,14249,123,\N,\N,\N,OK,2017-07-26 00:00:00
movie,14251,90,\N,\N,\N,OK,2017-07-26 00:00:00
movie,14254,87,\N,\N,\N,OK,2017-07-26 00:00:00
movie,14256,98,\N,\N,\N,OK,2017-07-26 00:00:00
movie,14262,90,\N,\N,\N,OK,2017-07-26 00:00:00
movie,14267,97,\N,\N,\N,OK,2017-07-26 00:00:00
movie,14268,107,\N,\N,\N,OK,2017-07-26 00:00:00
movie,14269,86,\N,\N,\N,OK,2017-07-26 00:00:00
movie,14271,102,\N,\N,\N,OK,2017-07-26 00:00:00
movie,14273,82,\N,\N,\N,OK,2017-07-26 00:00:00
movie,14275,171,\N,\N,\N,OK,2017-07-26 00:00:00
movie,14278,88,\N,\N,\N,OK,2017-07-26 00:00:00
movie,14279,82,\N,\N,\N,OK,2017-07-26 00:00:00
movie,14280,105,\N,\N,\N,OK,2017-07-26 00:00:00
movie,14282,94,\N,\N,\N,OK,2017-07-26 00:00:00
movie,14283,131,\N,\N,\N,OK,2017-07-26 00:00:00
movie,14285,103,\N,\N,\N,OK,2017-07-26 00:00:00
movie,14286,98,\N,\N,\N,OK,2017-07-26 00:00:00
movie,14289,105,\N,\N,\N,OK,2017-07-26 00:00:00
movie,14290,101,\N,\N,\N,OK,2017-07-26 00:00:00
movie,14291,110,\N,\N,\N,OK,2017-07-26 00:00:00
movie,14292,135,\N,\N,\N,OK,2017-07-26 00:00:00
movie,14293,99,\N,\N,\N,OK,2017-07-26 00:00:00
movie,14295,111,\N,\N,\N,OK,2017-07-26 00:00:00
movie,14298,71,\N,\N,\N,OK,2017-07-26 00:00:00
movie,14301,42,\N,\N,\N,OK,2017-07-26 00:00:00
movie,14306,115,\N,\N,\N,OK,2017-07-26 00:00:00
movie,14308,92,\N,\N,\N,OK,2017-07-26 00:00:00
movie,14320,118,\N,\N,\N,OK,2017-07-26 00:00:00
movie,14325,130,\N,\N,\N,OK,2017-07-26 00:00:00
movie,14328,113,\N,\N,\N,OK,2017-07-26 00:00:00
movie,14334,97,\N,\N,\N,OK,2017-07-26 00:00:00
movie,14337,77,\N,\N,\N,OK,2017-07-26 00:00:00
movie,14342,90,\N,\N,\N,OK,2017-07-26 00:00:00
movie,14347,100,\N,\N,\N,OK,2017-07-26 00:00:00
movie,14358,105,\N,\N,\N,OK,2017-07-26 00:00:00
movie,14359,104,\N,\N,\N,OK,2017-07-26 00:00:00
movie,14361,100,\N,\N,\N,OK,2017-07-26 00:00:00
movie,14365,100,\N,\N,\N,OK,2017-07-26 00:00:00
movie,14367,102,\N,\N,\N,OK,2017-07-26 00:00:00
movie,14369,89,\N,\N,\N,OK,2017-07-26 00:00:00
movie,14370,106,\N,\N,\N,OK,2017-07-26 00:00:00
movie,14373,88,\N,\N,\N,OK,2017-07-26 00:00:00
movie,14389,100,\N,\N,\N,OK,2017-07-26 00:00:00
movie,14398,102,\N,\N,\N,OK,2017-07-26 00:00:00
movie,14405,91,\N,\N,\N,OK,2017-07-26 00:00:00
movie,14407,101,\N,\N,\N,OK,2017-07-26 00:00:00
movie,14410,122,\N,\N,\N,OK,2017-07-26 00:00:00
movie,14411,86,\N,\N,\N,OK,2017-07-26 00:00:00
movie,14412,113,\N,\N,\N,OK,2017-07-26 00:00:00
movie,14423,96,\N,\N,\N,OK,2017-07-26 00:00:00
movie,14425,79,\N,\N,\N,OK,2017-07-26 00:00:00
movie,14429,91,\N,\N,\N,OK,2017-07-26 00:00:00
movie,14430,120,\N,\N,\N,OK,2017-07-26 00:00:00
movie,14433,138,\N,\N,\N,OK,2017-07-26 00:00:00
movie,14434,90,\N,\N,\N,OK,2017-07-26 00:00:00
movie,14435,101,\N,\N,\N,OK,2017-07-26 00:00:00
movie,14438,122,\N,\N,\N,OK,2017-07-26 00:00:00
movie,14442,96,\N,\N,\N,OK,2017-07-26 00:00:00
movie,14444,79,\N,\N,\N,OK,2017-07-26 00:00:00
movie,14447,30,\N,\N,\N,OK,2017-07-26 00:00:00
movie,14451,91,\N,\N,\N,OK,2017-07-26 00:00:00
movie,14456,84,\N,\N,\N,OK,2017-07-26 00:00:00
movie,14458,88,\N,\N,\N,OK,2017-07-26 00:00:00
movie,14460,104,\N,\N,\N,OK,2017-07-26 00:00:00
movie,14462,129,\N,\N,\N,OK,2017-07-26 00:00:00
movie,14474,88,\N,\N,\N,OK,2017-07-26 00:00:00
movie,14484,106,\N,\N,\N,OK,2017-07-26 00:00:00
movie,14506,126,\N,\N,\N,OK,2017-07-26 00:00:00
movie,14510,86,\N,\N,\N,OK,2017-07-26 00:00:00
movie,14517,101,\N,\N,\N,OK,2017-07-26 00:00:00
movie,14521,93,\N,\N,\N,OK,2017-07-26 00:00:00
movie,14522,88,\N,\N,\N,OK,2017-07-26 00:00:00
movie,14533,120,\N,\N,\N,OK,2017-07-26 00:00:00
movie,14534,114,\N,\N,\N,OK,2017-07-26 00:00:00
movie,14537,135,\N,\N,\N,OK,2017-07-26 00:00:00
movie,14544,112,\N,\N,\N,OK,2017-07-26 00:00:00
movie,14550,113,\N,\N,\N,OK,2017-07-26 00:00:00
movie,14551,92,\N,\N,\N,OK,2017-07-26 00:00:00
movie,14553,116,\N,\N,\N,OK,2017-07-26 00:00:00
movie,14554,81,\N,\N,\N,OK,2017-07-26 00:00:00
movie,14556,96,\N,\N,\N,OK,2017-07-26 00:00:00
movie,14557,96,\N,\N,\N,OK,2017-07-26 00:00:00
movie,14560,91,\N,\N,\N,OK,2017-07-26 00:00:00
movie,14564,102,\N,\N,\N,OK,2017-07-26 00:00:00
movie,14571,100,\N,\N,\N,OK,2017-07-26 00:00:00
movie,14572,107,\N,\N,\N,OK,2017-07-26 00:00:00
movie,14574,94,\N,\N,\N,OK,2017-07-26 00:00:00
movie,14577,82,\N,\N,\N,OK,2017-07-26 00:00:00
movie,14578,96,\N,\N,\N,OK,2017-07-26 00:00:00
movie,14583,106,\N,\N,\N,OK,2017-07-26 00:00:00
movie,14584,92,\N,\N,\N,OK,2017-07-26 00:00:00
movie,14585,97,\N,\N,\N,OK,2017-07-26 00:00:00
movie,14587,100,\N,\N,\N,OK,2017-07-26 00:00:00
movie,14588,112,\N,\N,\N,OK,2017-07-26 00:00:00
movie,14589,103,\N,\N,\N,OK,2017-07-26 00:00:00
movie,14590,97,\N,\N,\N,OK,2017-07-26 00:00:00
movie,14594,100,\N,\N,\N,OK,2017-07-26 00:00:00
movie,14595,86,\N,\N,\N,OK,2017-07-26 00:00:00
movie,14603,102,\N,\N,\N,OK,2017-07-26 00:00:00
movie,14609,72,\N,\N,\N,OK,2017-07-26 00:00:00
movie,14611,73,\N,\N,\N,OK,2017-07-26 00:00:00
movie,14612,101,\N,\N,\N,OK,2017-07-26 00:00:00
movie,14615,90,\N,\N,\N,OK,2017-07-26 00:00:00
movie,14621,108,\N,\N,\N,OK,2017-07-26 00:00:00
movie,14623,95,\N,\N,\N,OK,2017-07-26 00:00:00
movie,14628,95,\N,\N,\N,OK,2017-07-26 00:00:00
movie,14629,92,\N,\N,\N,OK,2017-07-26 00:00:00
movie,14635,127,\N,\N,\N,OK,2017-07-26 00:00:00
movie,14638,103,\N,\N,\N,OK,2017-07-26 00:00:00
movie,14645,88,\N,\N,\N,OK,2017-07-26 00:00:00
movie,14651,95,\N,\N,\N,OK,2017-07-26 00:00:00
movie,14662,91,\N,\N,\N,OK,2017-07-26 00:00:00
movie,14667,94,\N,\N,\N,OK,2017-07-26 00:00:00
movie,14670,133,\N,\N,\N,OK,2017-07-26 00:00:00
movie,14671,97,\N,\N,\N,OK,2017-07-26 00:00:00
movie,14675,91,\N,\N,\N,OK,2017-07-26 00:00:00
movie,14684,106,\N,\N,\N,OK,2017-07-26 00:00:00
movie,14687,100,\N,\N,\N,OK,2017-07-26 00:00:00
movie,14694,103,\N,\N,\N,OK,2017-07-26 00:00:00
movie,14695,85,\N,\N,\N,OK,2017-07-26 00:00:00
movie,14696,94,\N,\N,\N,OK,2017-07-26 00:00:00
movie,14698,114,\N,\N,\N,OK,2017-07-26 00:00:00
movie,14703,125,\N,\N,\N,OK,2017-07-26 00:00:00
movie,14709,106,\N,\N,\N,OK,2017-07-26 00:00:00
movie,14711,91,\N,\N,\N,OK,2017-07-26 00:00:00
movie,14728,95,\N,\N,\N,OK,2017-07-26 00:00:00
movie,14736,124,\N,\N,\N,OK,2017-07-26 00:00:00
movie,14741,111,\N,\N,\N,OK,2017-07-26 00:00:00
movie,14742,106,\N,\N,\N,OK,2017-07-26 00:00:00
movie,14748,100,\N,\N,\N,OK,2017-07-26 00:00:00
movie,14749,84,\N,\N,\N,OK,2017-07-26 00:00:00
movie,14750,93,\N,\N,\N,OK,2017-07-26 00:00:00
movie,14756,108,\N,\N,\N,OK,2017-07-26 00:00:00
movie,14757,83,\N,\N,\N,OK,2017-07-26 00:00:00
movie,14761,118,\N,\N,\N,OK,2017-07-26 00:00:00
movie,14771,80,\N,\N,\N,OK,2017-07-26 00:00:00
movie,14774,82,\N,\N,\N,OK,2017-07-26 00:00:00
movie,14776,94,\N,\N,\N,OK,2017-07-26 00:00:00
movie,14778,109,\N,\N,\N,OK,2017-07-26 00:00:00
movie,14784,117,\N,\N,\N,OK,2017-07-26 00:00:00
movie,14786,116,\N,\N,\N,OK,2017-07-26 00:00:00
movie,14793,97,\N,\N,\N,OK,2017-07-26 00:00:00
movie,14797,114,\N,\N,\N,OK,2017-07-26 00:00:00
movie,14799,86,\N,\N,\N,OK,2017-07-26 00:00:00
movie,14805,119,\N,\N,\N,OK,2017-07-26 00:00:00
movie,14807,114,\N,\N,\N,OK,2017-07-26 00:00:00
movie,14811,181,\N,\N,\N,OK,2017-07-26 00:00:00
movie,14815,119,\N,\N,\N,OK,2017-07-26 00:00:00
movie,14817,103,\N,\N,\N,OK,2017-07-26 00:00:00
movie,14819,100,\N,\N,\N,OK,2017-07-26 00:00:00
movie,14821,97,\N,\N,\N,OK,2017-07-26 00:00:00
movie,14822,95,\N,\N,\N,OK,2017-07-26 00:00:00
movie,14831,92,\N,\N,\N,OK,2017-07-26 00:00:00
movie,14832,105,\N,\N,\N,OK,2017-07-26 00:00:00
movie,14836,100,\N,\N,\N,OK,2017-07-26 00:00:00
movie,14844,111,\N,\N,\N,OK,2017-07-26 00:00:00
movie,14846,111,\N,\N,\N,OK,2017-07-26 00:00:00
movie,14849,87,\N,\N,\N,OK,2017-07-26 00:00:00
movie,14862,93,\N,\N,\N,OK,2017-07-26 00:00:00
movie,14863,91,\N,\N,\N,OK,2017-07-26 00:00:00
movie,14864,130,\N,\N,\N,OK,2017-07-26 00:00:00
movie,14869,118,\N,\N,\N,OK,2017-07-26 00:00:00
movie,14873,72,\N,\N,\N,OK,2017-07-26 00:00:00
movie,14886,103,\N,\N,\N,OK,2017-07-26 00:00:00
movie,14892,94,\N,\N,\N,OK,2017-07-26 00:00:00
movie,14900,95,\N,\N,\N,OK,2017-07-26 00:00:00
movie,14902,142,\N,\N,\N,OK,2017-07-26 00:00:00
movie,14904,86,\N,\N,\N,OK,2017-07-26 00:00:00
movie,14905,103,\N,\N,\N,OK,2017-07-26 00:00:00
movie,14908,108,\N,\N,\N,OK,2017-07-26 00:00:00
movie,14911,105,\N,\N,\N,OK,2017-07-26 00:00:00
movie,14919,76,\N,\N,\N,OK,2017-07-26 00:00:00
movie,14922,128,\N,\N,\N,OK,2017-07-26 00:00:00
movie,14924,111,\N,\N,\N,OK,2017-07-26 00:00:00
movie,14926,92,\N,\N,\N,OK,2017-07-26 00:00:00
movie,14931,97,\N,\N,\N,OK,2017-07-26 00:00:00
movie,14943,130,\N,\N,\N,OK,2017-07-26 00:00:00
movie,14968,133,\N,\N,\N,OK,2017-07-26 00:00:00
movie,14976,113,\N,\N,\N,OK,2017-07-26 00:00:00
movie,14980,254,\N,\N,\N,OK,2017-07-26 00:00:00
movie,15004,90,\N,\N,\N,OK,2017-07-26 00:00:00
movie,15028,94,\N,\N,\N,OK,2017-07-26 00:00:00
movie,15035,81,\N,\N,\N,OK,2017-07-26 00:00:00
movie,15037,100,\N,\N,\N,OK,2017-07-26 00:00:00
movie,15044,90,\N,\N,\N,OK,2017-07-26 00:00:00
movie,15045,93,\N,\N,\N,OK,2017-07-26 00:00:00
movie,15050,106,\N,\N,\N,OK,2017-07-26 00:00:00
movie,15059,106,\N,\N,\N,OK,2017-07-26 00:00:00
movie,15060,90,\N,\N,\N,OK,2017-07-26 00:00:00
movie,15067,130,\N,\N,\N,OK,2017-07-26 00:00:00
movie,15070,96,\N,\N,\N,OK,2017-07-26 00:00:00
movie,15074,93,\N,\N,\N,OK,2017-07-26 00:00:00
movie,15080,118,\N,\N,\N,OK,2017-07-26 00:00:00
movie,15092,96,\N,\N,\N,OK,2017-07-26 00:00:00
movie,15096,82,\N,\N,\N,OK,2017-07-26 00:00:00
movie,15097,93,\N,\N,\N,OK,2017-07-26 00:00:00
movie,15098,100,\N,\N,\N,OK,2017-07-26 00:00:00
movie,15102,109,\N,\N,\N,OK,2017-07-26 00:00:00
movie,15104,103,\N,\N,\N,OK,2017-07-26 00:00:00
movie,15119,85,\N,\N,\N,OK,2017-07-26 00:00:00
movie,15120,85,\N,\N,\N,OK,2017-07-26 00:00:00
movie,15121,174,\N,\N,\N,OK,2017-07-26 00:00:00
movie,15128,99,\N,\N,\N,OK,2017-07-26 00:00:00
movie,15137,97,\N,\N,\N,OK,2017-07-26 00:00:00
movie,15138,102,\N,\N,\N,OK,2017-07-26 00:00:00
movie,15139,80,\N,\N,\N,OK,2017-07-26 00:00:00
movie,15142,114,\N,\N,\N,OK,2017-07-26 00:00:00
movie,15143,95,\N,\N,\N,OK,2017-07-26 00:00:00
movie,15144,93,\N,\N,\N,OK,2017-07-26 00:00:00
movie,15157,90,\N,\N,\N,OK,2017-07-26 00:00:00
movie,15158,97,\N,\N,\N,OK,2017-07-26 00:00:00
movie,15159,92,\N,\N,\N,OK,2017-07-26 00:00:00
movie,15163,117,\N,\N,\N,OK,2017-07-26 00:00:00
movie,15170,84,\N,\N,\N,OK,2017-07-26 00:00:00
movie,15171,94,\N,\N,\N,OK,2017-07-26 00:00:00
movie,15173,82,\N,\N,\N,OK,2017-07-26 00:00:00
movie,15179,103,\N,\N,\N,OK,2017-07-26 00:00:00
movie,15192,108,\N,\N,\N,OK,2017-07-26 00:00:00
movie,15196,94,\N,\N,\N,OK,2017-07-26 00:00:00
movie,15198,119,\N,\N,\N,OK,2017-07-26 00:00:00
movie,15237,125,\N,\N,\N,OK,2017-07-26 00:00:00
movie,15239,82,\N,\N,\N,OK,2017-07-26 00:00:00
movie,15244,99,\N,\N,\N,OK,2017-07-26 00:00:00
movie,15247,109,\N,\N,\N,OK,2017-07-26 00:00:00
movie,15251,69,\N,\N,\N,OK,2017-07-26 00:00:00
movie,15255,93,\N,\N,\N,OK,2017-07-26 00:00:00
movie,15256,101,\N,\N,\N,OK,2017-07-26 00:00:00
movie,15257,38,\N,\N,\N,OK,2017-07-26 00:00:00
movie,15258,89,\N,\N,\N,OK,2017-07-26 00:00:00
movie,15259,90,\N,\N,\N,OK,2017-07-26 00:00:00
movie,15261,90,\N,\N,\N,OK,2017-07-26 00:00:00
movie,15265,34,\N,\N,\N,OK,2017-07-26 00:00:00
movie,15267,111,\N,\N,\N,OK,2017-07-26 00:00:00
movie,15278,89,\N,\N,\N,OK,2017-07-26 00:00:00
movie,15283,119,\N,\N,\N,OK,2017-07-26 00:00:00
movie,15289,75,\N,\N,\N,OK,2017-07-26 00:00:00
movie,15292,87,\N,\N,\N,OK,2017-07-26 00:00:00
movie,15300,121,\N,\N,\N,OK,2017-07-26 00:00:00
movie,15301,101,\N,\N,\N,OK,2017-07-26 00:00:00
movie,15314,91,\N,\N,\N,OK,2017-07-26 00:00:00
movie,15320,85,\N,\N,\N,OK,2017-07-26 00:00:00
movie,15347,95,\N,\N,\N,OK,2017-07-26 00:00:00
movie,15356,91,\N,\N,\N,OK,2017-07-26 00:00:00
movie,15357,101,\N,\N,\N,OK,2017-07-26 00:00:00
movie,15359,74,\N,\N,\N,OK,2017-07-26 00:00:00
movie,15361,106,\N,\N,\N,OK,2017-07-26 00:00:00
movie,15362,133,\N,\N,\N,OK,2017-07-26 00:00:00
movie,15363,99,\N,\N,\N,OK,2017-07-26 00:00:00
movie,15370,75,\N,\N,\N,OK,2017-07-26 00:00:00
movie,15371,110,\N,\N,\N,OK,2017-07-26 00:00:00
movie,15373,99,\N,\N,\N,OK,2017-07-26 00:00:00
movie,15379,101,\N,\N,\N,OK,2017-07-26 00:00:00
movie,15383,145,\N,\N,\N,OK,2017-07-26 00:00:00
movie,15384,136,\N,\N,\N,OK,2017-07-26 00:00:00
movie,15389,98,\N,\N,\N,OK,2017-07-26 00:00:00
movie,15392,99,\N,\N,\N,OK,2017-07-26 00:00:00
movie,15393,102,\N,\N,\N,OK,2017-07-26 00:00:00
movie,15394,104,\N,\N,\N,OK,2017-07-26 00:00:00
movie,15395,90,\N,\N,\N,OK,2017-07-26 00:00:00
movie,15397,90,\N,\N,\N,OK,2017-07-26 00:00:00
movie,15400,66,\N,\N,\N,OK,2017-07-26 00:00:00
movie,15402,91,\N,\N,\N,OK,2017-07-26 00:00:00
movie,15413,105,\N,\N,\N,OK,2017-07-26 00:00:00
movie,15417,110,\N,\N,\N,OK,2017-07-26 00:00:00
movie,15423,84,\N,\N,\N,OK,2017-07-26 00:00:00
movie,15462,97,\N,\N,\N,OK,2017-07-26 00:00:00
movie,15472,152,\N,\N,\N,OK,2017-07-26 00:00:00
movie,15477,101,\N,\N,\N,OK,2017-07-26 00:00:00
movie,15487,120,\N,\N,\N,OK,2017-07-26 00:00:00
movie,15489,89,\N,\N,\N,OK,2017-07-26 00:00:00
movie,15497,132,\N,\N,\N,OK,2017-07-26 00:00:00
movie,15512,94,\N,\N,\N,OK,2017-07-26 00:00:00
movie,15515,88,\N,\N,\N,OK,2017-07-26 00:00:00
movie,15516,84,\N,\N,\N,OK,2017-07-26 00:00:00
movie,15556,128,\N,\N,\N,OK,2017-07-26 00:00:00
movie,15566,91,\N,\N,\N,OK,2017-07-26 00:00:00
movie,15567,60,\N,\N,\N,OK,2017-07-26 00:00:00
movie,15577,113,\N,\N,\N,OK,2017-07-26 00:00:00
movie,15584,95,\N,\N,\N,OK,2017-07-26 00:00:00
movie,15592,123,\N,\N,\N,OK,2017-07-26 00:00:00
movie,15596,96,\N,\N,\N,OK,2017-07-26 00:00:00
movie,15598,114,\N,\N,\N,OK,2017-07-26 00:00:00
movie,15600,122,\N,\N,\N,OK,2017-07-26 00:00:00
movie,15602,101,\N,\N,\N,OK,2017-07-26 00:00:00
movie,15613,109,\N,\N,\N,OK,2017-07-26 00:00:00
movie,15618,85,\N,\N,\N,OK,2017-07-26 00:00:00
movie,15624,84,\N,\N,\N,OK,2017-07-26 00:00:00
movie,15644,84,\N,\N,\N,OK,2017-07-26 00:00:00
movie,15647,97,\N,\N,\N,OK,2017-07-26 00:00:00
movie,15648,100,\N,\N,\N,OK,2017-07-26 00:00:00
movie,15651,98,\N,\N,\N,OK,2017-07-26 00:00:00
movie,15655,77,\N,\N,\N,OK,2017-07-26 00:00:00
movie,15658,93,\N,\N,\N,OK,2017-07-26 00:00:00
movie,15659,116,\N,\N,\N,OK,2017-07-26 00:00:00
movie,15660,129,\N,\N,\N,OK,2017-07-26 00:00:00
movie,15665,79,\N,\N,\N,OK,2017-07-26 00:00:00
movie,15667,101,\N,\N,\N,OK,2017-07-26 00:00:00
movie,15677,100,\N,\N,\N,OK,2017-07-26 00:00:00
movie,15689,80,\N,\N,\N,OK,2017-07-26 00:00:00
movie,15698,107,\N,\N,\N,OK,2017-07-26 00:00:00
movie,15708,107,\N,\N,\N,OK,2017-07-26 00:00:00
movie,15720,106,\N,\N,\N,OK,2017-07-26 00:00:00
movie,15723,90,\N,\N,\N,OK,2017-07-26 00:00:00
movie,15730,100,\N,\N,\N,OK,2017-07-26 00:00:00
movie,15734,106,\N,\N,\N,OK,2017-07-26 00:00:00
movie,15739,127,\N,\N,\N,OK,2017-07-26 00:00:00
movie,15745,94,\N,\N,\N,OK,2017-07-26 00:00:00
movie,15762,88,\N,\N,\N,OK,2017-07-26 00:00:00
movie,15764,151,\N,\N,\N,OK,2017-07-26 00:00:00
movie,15765,118,\N,\N,\N,OK,2017-07-26 00:00:00
movie,15767,125,\N,\N,\N,OK,2017-07-26 00:00:00
movie,15771,105,\N,\N,\N,OK,2017-07-26 00:00:00
movie,15785,99,\N,\N,\N,OK,2017-07-26 00:00:00
movie,15789,78,\N,\N,\N,OK,2017-07-26 00:00:00
movie,15794,114,\N,\N,\N,OK,2017-07-26 00:00:00
movie,15797,99,\N,\N,\N,OK,2017-07-26 00:00:00
movie,15800,86,\N,\N,\N,OK,2017-07-26 00:00:00
movie,15802,135,\N,\N,\N,OK,2017-07-26 00:00:00
movie,15813,112,\N,\N,\N,OK,2017-07-26 00:00:00
movie,15846,96,\N,\N,\N,OK,2017-07-26 00:00:00
movie,15849,73,\N,\N,\N,OK,2017-07-26 00:00:00
movie,15850,95,\N,\N,\N,OK,2017-07-26 00:00:00
movie,15854,25,\N,\N,\N,OK,2017-07-26 00:00:00
movie,15865,97,\N,\N,\N,OK,2017-07-26 00:00:00
movie,15867,93,\N,\N,\N,OK,2017-07-26 00:00:00
movie,15873,117,\N,\N,\N,OK,2017-07-26 00:00:00
movie,15877,121,\N,\N,\N,OK,2017-07-26 00:00:00
movie,15901,86,\N,\N,\N,OK,2017-07-26 00:00:00
movie,15907,100,\N,\N,\N,OK,2017-07-26 00:00:00
movie,15916,71,\N,\N,\N,OK,2017-07-26 00:00:00
movie,15919,90,\N,\N,\N,OK,2017-07-26 00:00:00
movie,15920,95,\N,\N,\N,OK,2017-07-26 00:00:00
movie,15927,163,\N,\N,\N,OK,2017-07-26 00:00:00
movie,15940,85,\N,\N,\N,OK,2017-07-26 00:00:00
movie,15943,91,\N,\N,\N,OK,2017-07-26 00:00:00
movie,15944,104,\N,\N,\N,OK,2017-07-26 00:00:00
movie,15947,71,\N,\N,\N,OK,2017-07-26 00:00:00
movie,15969,69,\N,\N,\N,OK,2017-07-26 00:00:00
movie,15999,103,\N,\N,\N,OK,2017-07-26 00:00:00
movie,16018,100,\N,\N,\N,OK,2017-07-26 00:00:00
movie,16023,67,\N,\N,\N,OK,2017-07-26 00:00:00
movie,16028,89,\N,\N,\N,OK,2017-07-26 00:00:00
movie,16052,127,\N,\N,\N,OK,2017-07-26 00:00:00
movie,16068,90,\N,\N,\N,OK,2017-07-26 00:00:00
movie,16070,98,\N,\N,\N,OK,2017-07-26 00:00:00
movie,16072,214,\N,\N,\N,OK,2017-07-26 00:00:00
movie,16081,152,\N,\N,\N,OK,2017-07-26 00:00:00
movie,16082,136,\N,\N,\N,OK,2017-07-26 00:00:00
movie,16083,101,\N,\N,\N,OK,2017-07-26 00:00:00
movie,16084,95,\N,\N,\N,OK,2017-07-26 00:00:00
movie,16085,149,\N,\N,\N,OK,2017-07-26 00:00:00
movie,16093,78,\N,\N,\N,OK,2017-07-26 00:00:00
movie,16094,100,\N,\N,\N,OK,2017-07-26 00:00:00
movie,16096,94,\N,\N,\N,OK,2017-07-26 00:00:00
movie,16097,100,\N,\N,\N,OK,2017-07-26 00:00:00
movie,16112,73,\N,\N,\N,OK,2017-07-26 00:00:00
movie,16113,125,\N,\N,\N,OK,2017-07-26 00:00:00
movie,16121,113,\N,\N,\N,OK,2017-07-26 00:00:00
movie,16129,95,\N,\N,\N,OK,2017-07-26 00:00:00
movie,16131,108,\N,\N,\N,OK,2017-07-26 00:00:00
movie,16133,120,\N,\N,\N,OK,2017-07-26 00:00:00
movie,16136,96,\N,\N,\N,OK,2017-07-26 00:00:00
movie,16139,91,\N,\N,\N,OK,2017-07-26 00:00:00
movie,16146,90,\N,\N,\N,OK,2017-07-26 00:00:00
movie,16148,116,\N,\N,\N,OK,2017-07-26 00:00:00
movie,16150,93,\N,\N,\N,OK,2017-07-26 00:00:00
movie,16153,112,\N,\N,\N,OK,2017-07-26 00:00:00
movie,16156,70,\N,\N,\N,OK,2017-07-26 00:00:00
movie,16161,130,\N,\N,\N,OK,2017-07-26 00:00:00
movie,16162,120,\N,\N,\N,OK,2017-07-26 00:00:00
movie,16164,95,\N,\N,\N,OK,2017-07-26 00:00:00
movie,16171,87,\N,\N,\N,OK,2017-07-26 00:00:00
movie,16172,95,\N,\N,\N,OK,2017-07-26 00:00:00
movie,16180,95,\N,\N,\N,OK,2017-07-26 00:00:00
movie,16184,113,\N,\N,\N,OK,2017-07-26 00:00:00
movie,16186,116,\N,\N,\N,OK,2017-07-26 00:00:00
movie,16209,85,\N,\N,\N,OK,2017-07-26 00:00:00
movie,16219,101,\N,\N,\N,OK,2017-07-26 00:00:00
movie,16220,80,\N,\N,\N,OK,2017-07-26 00:00:00
movie,16222,94,\N,\N,\N,OK,2017-07-26 00:00:00
movie,16225,88,\N,\N,\N,OK,2017-07-26 00:00:00
movie,16227,106,\N,\N,\N,OK,2017-07-26 00:00:00
movie,16229,95,\N,\N,\N,OK,2017-07-26 00:00:00
movie,16232,104,\N,\N,\N,OK,2017-07-26 00:00:00
movie,16234,74,\N,\N,\N,OK,2017-07-26 00:00:00
movie,16235,104,\N,\N,\N,OK,2017-07-26 00:00:00
movie,16240,95,\N,\N,\N,OK,2017-07-26 00:00:00
movie,16241,125,\N,\N,\N,OK,2017-07-26 00:00:00
movie,16246,105,\N,\N,\N,OK,2017-07-26 00:00:00
movie,16248,100,\N,\N,\N,OK,2017-07-26 00:00:00
movie,16249,106,\N,\N,\N,OK,2017-07-26 00:00:00
movie,16258,90,\N,\N,\N,OK,2017-07-26 00:00:00
movie,16263,87,\N,\N,\N,OK,2017-07-26 00:00:00
movie,16270,83,\N,\N,\N,OK,2017-07-26 00:00:00
movie,16274,97,\N,\N,\N,OK,2017-07-26 00:00:00
movie,16279,87,\N,\N,\N,OK,2017-07-26 00:00:00
movie,16281,120,\N,\N,\N,OK,2017-07-26 00:00:00
movie,16288,92,\N,\N,\N,OK,2017-07-26 00:00:00
movie,16290,94,\N,\N,\N,OK,2017-07-26 00:00:00
movie,16295,127,\N,\N,\N,OK,2017-07-26 00:00:00
movie,16296,88,\N,\N,\N,OK,2017-07-26 00:00:00
movie,16297,103,\N,\N,\N,OK,2017-07-26 00:00:00
movie,16299,94,\N,\N,\N,OK,2017-07-26 00:00:00
movie,16300,87,\N,\N,\N,OK,2017-07-26 00:00:00
movie,16305,90,\N,\N,\N,OK,2017-07-26 00:00:00
movie,16306,72,\N,\N,\N,OK,2017-07-26 00:00:00
movie,16307,99,\N,\N,\N,OK,2017-07-26 00:00:00
movie,16314,84,\N,\N,\N,OK,2017-07-26 00:00:00
movie,16315,88,\N,\N,\N,OK,2017-07-26 00:00:00
movie,16320,119,\N,\N,\N,OK,2017-07-26 00:00:00
movie,16325,105,\N,\N,\N,OK,2017-07-26 00:00:00
movie,16335,92,\N,\N,\N,OK,2017-07-26 00:00:00
movie,16337,101,\N,\N,\N,OK,2017-07-26 00:00:00
movie,16340,78,\N,\N,\N,OK,2017-07-26 00:00:00
movie,16342,84,\N,\N,\N,OK,2017-07-26 00:00:00
movie,16344,155,\N,\N,\N,OK,2017-07-26 00:00:00
movie,16347,143,\N,\N,\N,OK,2017-07-26 00:00:00
movie,16351,115,\N,\N,\N,OK,2017-07-26 00:00:00
movie,16358,91,\N,\N,\N,OK,2017-07-26 00:00:00
movie,16363,114,\N,\N,\N,OK,2017-07-26 00:00:00
movie,16367,107,\N,\N,\N,OK,2017-07-26 00:00:00
movie,16370,113,\N,\N,\N,OK,2017-07-26 00:00:00
movie,16372,100,\N,\N,\N,OK,2017-07-26 00:00:00
movie,16375,96,\N,\N,\N,OK,2017-07-26 00:00:00
movie,16379,92,\N,\N,\N,OK,2017-07-26 00:00:00
movie,16380,83,\N,\N,\N,OK,2017-07-26 00:00:00
movie,16384,97,\N,\N,\N,OK,2017-07-26 00:00:00
movie,16385,104,\N,\N,\N,OK,2017-07-26 00:00:00
movie,16388,98,\N,\N,\N,OK,2017-07-26 00:00:00
movie,16390,74,\N,\N,\N,OK,2017-07-26 00:00:00
movie,16391,100,\N,\N,\N,OK,2017-07-26 00:00:00
movie,16395,107,\N,\N,\N,OK,2017-07-26 00:00:00
movie,16403,86,\N,\N,\N,OK,2017-07-26 00:00:00
movie,16405,127,\N,\N,\N,OK,2017-07-26 00:00:00
movie,16406,94,\N,\N,\N,OK,2017-07-26 00:00:00
movie,16407,86,\N,\N,\N,OK,2017-07-26 00:00:00
movie,16420,123,\N,\N,\N,OK,2017-07-26 00:00:00
movie,16425,114,\N,\N,\N,OK,2017-07-26 00:00:00
movie,16428,85,\N,\N,\N,OK,2017-07-26 00:00:00
movie,16433,88,\N,\N,\N,OK,2017-07-26 00:00:00
movie,16440,26,\N,\N,\N,OK,2017-07-26 00:00:00
movie,16441,118,\N,\N,\N,OK,2017-07-26 00:00:00
movie,16442,134,\N,\N,\N,OK,2017-07-26 00:00:00
movie,16448,84,\N,\N,\N,OK,2017-07-26 00:00:00
movie,16456,99,\N,\N,\N,OK,2017-07-26 00:00:00
movie,16471,89,\N,\N,\N,OK,2017-07-26 00:00:00
movie,16487,5,\N,\N,\N,OK,2017-07-26 00:00:00
movie,16508,77,\N,\N,\N,OK,2017-07-26 00:00:00
movie,16515,115,\N,\N,\N,OK,2017-07-26 00:00:00
movie,16520,133,\N,\N,\N,OK,2017-07-26 00:00:00
movie,16523,101,\N,\N,\N,OK,2017-07-26 00:00:00
movie,16535,98,\N,\N,\N,OK,2017-07-26 00:00:00
movie,16538,105,\N,\N,\N,OK,2017-07-26 00:00:00
movie,16550,87,\N,\N,\N,OK,2017-07-26 00:00:00
movie,16555,100,\N,\N,\N,OK,2017-07-26 00:00:00
movie,16558,125,\N,\N,\N,OK,2017-07-26 00:00:00
movie,16559,110,\N,\N,\N,OK,2017-07-26 00:00:00
movie,16562,101,\N,\N,\N,OK,2017-07-26 00:00:00
movie,16563,102,\N,\N,\N,OK,2017-07-26 00:00:00
movie,16608,104,\N,\N,\N,OK,2017-07-26 00:00:00
movie,16614,107,\N,\N,\N,OK,2017-07-26 00:00:00
movie,16617,106,\N,\N,\N,OK,2017-07-26 00:00:00
movie,16619,124,\N,\N,\N,OK,2017-07-26 00:00:00
movie,16620,108,\N,\N,\N,OK,2017-07-26 00:00:00
movie,16633,103,\N,\N,\N,OK,2017-07-26 00:00:00
movie,16636,97,\N,\N,\N,OK,2017-07-26 00:00:00
movie,16638,182,\N,\N,\N,OK,2017-07-26 00:00:00
movie,16642,94,\N,\N,\N,OK,2017-07-26 00:00:00
movie,16643,103,\N,\N,\N,OK,2017-07-26 00:00:00
movie,16664,146,\N,\N,\N,OK,2017-07-26 00:00:00
movie,16666,105,\N,\N,\N,OK,2017-07-26 00:00:00
movie,16672,147,\N,\N,\N,OK,2017-07-26 00:00:00
movie,16690,72,\N,\N,\N,OK,2017-07-26 00:00:00
movie,16703,81,\N,\N,\N,OK,2017-07-26 00:00:00
movie,16716,95,\N,\N,\N,OK,2017-07-26 00:00:00
movie,16723,81,\N,\N,\N,OK,2017-07-26 00:00:00
movie,16725,77,\N,\N,\N,OK,2017-07-26 00:00:00
movie,16727,122,\N,\N,\N,OK,2017-07-26 00:00:00
movie,16729,125,\N,\N,\N,OK,2017-07-26 00:00:00
movie,16767,90,\N,\N,\N,OK,2017-07-26 00:00:00
movie,16768,239,\N,\N,\N,OK,2017-07-26 00:00:00
movie,16769,125,\N,\N,\N,OK,2017-07-26 00:00:00
movie,16771,100,\N,\N,\N,OK,2017-07-26 00:00:00
movie,16780,95,\N,\N,\N,OK,2017-07-26 00:00:00
movie,16784,110,\N,\N,\N,OK,2017-07-26 00:00:00
movie,16804,130,\N,\N,\N,OK,2017-07-26 00:00:00
movie,16806,90,\N,\N,\N,OK,2017-07-26 00:00:00
movie,16820,108,\N,\N,\N,OK,2017-07-26 00:00:00
movie,16857,104,\N,\N,\N,OK,2017-07-26 00:00:00
movie,16858,123,\N,\N,\N,OK,2017-07-26 00:00:00
movie,16859,103,\N,\N,\N,OK,2017-07-26 00:00:00
movie,16866,91,\N,\N,\N,OK,2017-07-26 00:00:00
movie,16869,153,\N,\N,\N,OK,2017-07-26 00:00:00
movie,16871,99,\N,\N,\N,OK,2017-07-26 00:00:00
movie,16876,87,\N,\N,\N,OK,2017-07-26 00:00:00
movie,16885,124,\N,\N,\N,OK,2017-07-26 00:00:00
movie,16888,84,\N,\N,\N,OK,2017-07-26 00:00:00
movie,16889,98,\N,\N,\N,OK,2017-07-26 00:00:00
movie,16905,119,\N,\N,\N,OK,2017-07-26 00:00:00
movie,16909,97,\N,\N,\N,OK,2017-07-26 00:00:00
movie,16933,95,\N,\N,\N,OK,2017-07-26 00:00:00
movie,16934,99,\N,\N,\N,OK,2017-07-26 00:00:00
movie,16938,98,\N,\N,\N,OK,2017-07-26 00:00:00
movie,16939,88,\N,\N,\N,OK,2017-07-26 00:00:00
movie,16941,105,\N,\N,\N,OK,2017-07-26 00:00:00
movie,16958,112,\N,\N,\N,OK,2017-07-26 00:00:00
movie,16969,93,\N,\N,\N,OK,2017-07-26 00:00:00
movie,16972,114,\N,\N,\N,OK,2017-07-26 00:00:00
movie,16980,113,\N,\N,\N,OK,2017-07-26 00:00:00
movie,16991,86,\N,\N,\N,OK,2017-07-26 00:00:00
movie,16992,114,\N,\N,\N,OK,2017-07-26 00:00:00
movie,16993,100,\N,\N,\N,OK,2017-07-26 00:00:00
movie,16995,127,\N,\N,\N,OK,2017-07-26 00:00:00
movie,16996,102,\N,\N,\N,OK,2017-07-26 00:00:00
movie,16998,87,\N,\N,\N,OK,2017-07-26 00:00:00
movie,16999,84,\N,\N,\N,OK,2017-07-26 00:00:00
movie,17006,88,\N,\N,\N,OK,2017-07-26 00:00:00
movie,17009,82,\N,\N,\N,OK,2017-07-26 00:00:00
movie,17015,104,\N,\N,\N,OK,2017-07-26 00:00:00
movie,17037,86,\N,\N,\N,OK,2017-07-26 00:00:00
movie,17043,90,\N,\N,\N,OK,2017-07-26 00:00:00
movie,17047,100,\N,\N,\N,OK,2017-07-26 00:00:00
movie,17057,94,\N,\N,\N,OK,2017-07-26 00:00:00
movie,17074,64,\N,\N,\N,OK,2017-07-26 00:00:00
movie,17078,90,\N,\N,\N,OK,2017-07-26 00:00:00
movie,17113,111,\N,\N,\N,OK,2017-07-26 00:00:00
movie,17127,111,\N,\N,\N,OK,2017-07-26 00:00:00
movie,17130,93,\N,\N,\N,OK,2017-07-26 00:00:00
movie,17132,105,\N,\N,\N,OK,2017-07-26 00:00:00
movie,17133,102,\N,\N,\N,OK,2017-07-26 00:00:00
movie,17134,108,\N,\N,\N,OK,2017-07-26 00:00:00
movie,17135,84,\N,\N,\N,OK,2017-07-26 00:00:00
movie,17139,122,\N,\N,\N,OK,2017-07-26 00:00:00
movie,17159,90,\N,\N,\N,OK,2017-07-26 00:00:00
movie,17169,115,\N,\N,\N,OK,2017-07-26 00:00:00
movie,17170,107,\N,\N,\N,OK,2017-07-26 00:00:00
movie,17180,95,\N,\N,\N,OK,2017-07-26 00:00:00
movie,17182,101,\N,\N,\N,OK,2017-07-26 00:00:00
movie,17185,139,\N,\N,\N,OK,2017-07-26 00:00:00
movie,17187,108,\N,\N,\N,OK,2017-07-26 00:00:00
movie,17190,109,\N,\N,\N,OK,2017-07-26 00:00:00
movie,17204,150,\N,\N,\N,OK,2017-07-26 00:00:00
movie,17207,113,\N,\N,\N,OK,2017-07-26 00:00:00
movie,17208,130,\N,\N,\N,OK,2017-07-26 00:00:00
movie,17264,118,\N,\N,\N,OK,2017-07-26 00:00:00
movie,17266,176,\N,\N,\N,OK,2017-07-26 00:00:00
movie,17281,116,\N,\N,\N,OK,2017-07-26 00:00:00
movie,17282,92,\N,\N,\N,OK,2017-07-26 00:00:00
movie,17295,121,\N,\N,\N,OK,2017-07-26 00:00:00
movie,17320,87,\N,\N,\N,OK,2017-07-26 00:00:00
movie,17332,109,\N,\N,\N,OK,2017-07-26 00:00:00
movie,17335,108,\N,\N,\N,OK,2017-07-26 00:00:00
movie,17339,118,\N,\N,\N,OK,2017-07-26 00:00:00
movie,17346,100,\N,\N,\N,OK,2017-07-26 00:00:00
movie,17350,98,\N,\N,\N,OK,2017-07-26 00:00:00
movie,17352,157,\N,\N,\N,OK,2017-07-26 00:00:00
movie,17360,116,\N,\N,\N,OK,2017-07-26 00:00:00
movie,17362,98,\N,\N,\N,OK,2017-07-26 00:00:00
movie,17365,102,\N,\N,\N,OK,2017-07-26 00:00:00
movie,17379,112,\N,\N,\N,OK,2017-07-26 00:00:00
movie,17381,88,\N,\N,\N,OK,2017-07-26 00:00:00
movie,17402,95,\N,\N,\N,OK,2017-07-26 00:00:00
movie,17403,99,\N,\N,\N,OK,2017-07-26 00:00:00
movie,17414,88,\N,\N,\N,OK,2017-07-26 00:00:00
movie,17421,93,\N,\N,\N,OK,2017-07-26 00:00:00
movie,17431,97,\N,\N,\N,OK,2017-07-26 00:00:00
movie,17435,141,\N,\N,\N,OK,2017-07-26 00:00:00
movie,17443,119,\N,\N,\N,OK,2017-07-26 00:00:00
movie,17445,75,\N,\N,\N,OK,2017-07-26 00:00:00
movie,17447,92,\N,\N,\N,OK,2017-07-26 00:00:00
movie,17464,94,\N,\N,\N,OK,2017-07-26 00:00:00
movie,17465,110,\N,\N,\N,OK,2017-07-26 00:00:00
movie,17467,90,\N,\N,\N,OK,2017-07-26 00:00:00
movie,17473,99,\N,\N,\N,OK,2017-07-26 00:00:00
movie,17474,99,\N,\N,\N,OK,2017-07-26 00:00:00
movie,17483,97,\N,\N,\N,OK,2017-07-26 00:00:00
movie,17494,117,\N,\N,\N,OK,2017-07-26 00:00:00
movie,17496,132,\N,\N,\N,OK,2017-07-26 00:00:00
movie,17529,128,\N,\N,\N,OK,2017-07-26 00:00:00
movie,17578,107,\N,\N,\N,OK,2017-07-26 00:00:00
movie,17585,96,\N,\N,\N,OK,2017-07-26 00:00:00
movie,17589,105,\N,\N,\N,OK,2017-07-26 00:00:00
movie,17590,116,\N,\N,\N,OK,2017-07-26 00:00:00
movie,17592,83,\N,\N,\N,OK,2017-07-26 00:00:00
movie,17600,106,\N,\N,\N,OK,2017-07-26 00:00:00
movie,17609,108,\N,\N,\N,OK,2017-07-26 00:00:00
movie,17610,97,\N,\N,\N,OK,2017-07-26 00:00:00
movie,17612,103,\N,\N,\N,OK,2017-07-26 00:00:00
movie,17628,98,\N,\N,\N,OK,2017-07-26 00:00:00
movie,17632,38,\N,\N,\N,OK,2017-07-26 00:00:00
movie,17641,123,\N,\N,\N,OK,2017-07-26 00:00:00
movie,17644,76,\N,\N,\N,OK,2017-07-26 00:00:00
movie,17653,106,\N,\N,\N,OK,2017-07-26 00:00:00
movie,17654,112,\N,\N,\N,OK,2017-07-26 00:00:00
movie,17661,130,\N,\N,\N,OK,2017-07-26 00:00:00
movie,17663,199,\N,\N,\N,OK,2017-07-26 00:00:00
movie,17664,115,\N,\N,\N,OK,2017-07-26 00:00:00
movie,17667,105,\N,\N,\N,OK,2017-07-26 00:00:00
movie,17684,105,\N,\N,\N,OK,2017-07-26 00:00:00
movie,17685,102,\N,\N,\N,OK,2017-07-26 00:00:00
movie,17687,83,\N,\N,\N,OK,2017-07-26 00:00:00
movie,17689,109,\N,\N,\N,OK,2017-07-26 00:00:00
movie,17692,99,\N,\N,\N,OK,2017-07-26 00:00:00
movie,17707,100,\N,\N,\N,OK,2017-07-26 00:00:00
movie,17708,86,\N,\N,\N,OK,2017-07-26 00:00:00
movie,17709,77,\N,\N,\N,OK,2017-07-26 00:00:00
movie,17710,76,\N,\N,\N,OK,2017-07-26 00:00:00
movie,17711,88,\N,\N,\N,OK,2017-07-26 00:00:00
movie,17729,115,\N,\N,\N,OK,2017-07-26 00:00:00
movie,17734,104,\N,\N,\N,OK,2017-07-26 00:00:00
movie,17736,105,\N,\N,\N,OK,2017-07-26 00:00:00
movie,17740,108,\N,\N,\N,OK,2017-07-26 00:00:00
movie,17741,102,\N,\N,\N,OK,2017-07-26 00:00:00
movie,17745,96,\N,\N,\N,OK,2017-07-26 00:00:00
movie,17768,99,\N,\N,\N,OK,2017-07-26 00:00:00
movie,17770,98,\N,\N,\N,OK,2017-07-26 00:00:00
movie,17771,181,\N,\N,\N,OK,2017-07-26 00:00:00
movie,17774,89,\N,\N,\N,OK,2017-07-26 00:00:00
movie,17795,101,\N,\N,\N,OK,2017-07-26 00:00:00
movie,17796,86,\N,\N,\N,OK,2017-07-26 00:00:00
movie,17801,95,\N,\N,\N,OK,2017-07-26 00:00:00
movie,17808,103,\N,\N,\N,OK,2017-07-26 00:00:00
movie,17809,103,\N,\N,\N,OK,2017-07-26 00:00:00
movie,17813,96,\N,\N,\N,OK,2017-07-26 00:00:00
movie,17814,91,\N,\N,\N,OK,2017-07-26 00:00:00
movie,17819,94,\N,\N,\N,OK,2017-07-26 00:00:00
movie,17820,107,\N,\N,\N,OK,2017-07-26 00:00:00
movie,17824,82,\N,\N,\N,OK,2017-07-26 00:00:00
movie,17831,128,\N,\N,\N,OK,2017-07-26 00:00:00
movie,17832,95,\N,\N,\N,OK,2017-07-26 00:00:00
movie,17834,86,\N,\N,\N,OK,2017-07-26 00:00:00
movie,17870,65,\N,\N,\N,OK,2017-07-26 00:00:00
movie,17880,106,\N,\N,\N,OK,2017-07-26 00:00:00
movie,17887,106,\N,\N,\N,OK,2017-07-26 00:00:00
movie,17889,143,\N,\N,\N,OK,2017-07-26 00:00:00
movie,17894,105,\N,\N,\N,OK,2017-07-26 00:00:00
movie,17897,105,\N,\N,\N,OK,2017-07-26 00:00:00
movie,17898,95,\N,\N,\N,OK,2017-07-26 00:00:00
movie,17905,91,\N,\N,\N,OK,2017-07-26 00:00:00
movie,17906,91,\N,\N,\N,OK,2017-07-26 00:00:00
movie,17908,95,\N,\N,\N,OK,2017-07-26 00:00:00
movie,17917,153,\N,\N,\N,OK,2017-07-26 00:00:00
movie,17918,91,\N,\N,\N,OK,2017-07-26 00:00:00
movie,17920,113,\N,\N,\N,OK,2017-07-26 00:00:00
movie,17922,91,\N,\N,\N,OK,2017-07-26 00:00:00
movie,17927,90,\N,\N,\N,OK,2017-07-26 00:00:00
movie,17941,95,\N,\N,\N,OK,2017-07-26 00:00:00
movie,17949,82,\N,\N,\N,OK,2017-07-26 00:00:00
movie,17956,115,\N,\N,\N,OK,2017-07-26 00:00:00
movie,17962,118,\N,\N,\N,OK,2017-07-26 00:00:00
movie,17965,94,\N,\N,\N,OK,2017-07-26 00:00:00
movie,17979,96,\N,\N,\N,OK,2017-07-26 00:00:00
movie,17984,96,\N,\N,\N,OK,2017-07-26 00:00:00
movie,17985,98,\N,\N,\N,OK,2017-07-26 00:00:00
movie,17990,107,\N,\N,\N,OK,2017-07-26 00:00:00
movie,17993,136,\N,\N,\N,OK,2017-07-26 00:00:00
movie,18009,85,\N,\N,\N,OK,2017-07-26 00:00:00
movie,18030,106,\N,\N,\N,OK,2017-07-26 00:00:00
movie,18041,90,\N,\N,\N,OK,2017-07-26 00:00:00
movie,18069,105,\N,\N,\N,OK,2017-07-26 00:00:00
movie,18074,112,\N,\N,\N,OK,2017-07-26 00:00:00
movie,18079,114,\N,\N,\N,OK,2017-07-26 00:00:00
movie,18080,106,\N,\N,\N,OK,2017-07-26 00:00:00
movie,18086,104,\N,\N,\N,OK,2017-07-26 00:00:00
movie,18088,91,\N,\N,\N,OK,2017-07-26 00:00:00
movie,18093,93,\N,\N,\N,OK,2017-07-26 00:00:00
movie,18094,90,\N,\N,\N,OK,2017-07-26 00:00:00
movie,18095,45,\N,\N,\N,OK,2017-07-26 00:00:00
movie,18111,96,\N,\N,\N,OK,2017-07-26 00:00:00
movie,18118,128,\N,\N,\N,OK,2017-07-26 00:00:00
movie,18126,102,\N,\N,\N,OK,2017-07-26 00:00:00
movie,18129,110,\N,\N,\N,OK,2017-07-26 00:00:00
movie,18133,112,\N,\N,\N,OK,2017-07-26 00:00:00
movie,18148,136,\N,\N,\N,OK,2017-07-26 00:00:00
movie,18158,83,\N,\N,\N,OK,2017-07-26 00:00:00
movie,18161,98,\N,\N,\N,OK,2017-07-26 00:00:00
movie,18162,102,\N,\N,\N,OK,2017-07-26 00:00:00
movie,18168,105,\N,\N,\N,OK,2017-07-26 00:00:00
movie,18169,113,\N,\N,\N,OK,2017-07-26 00:00:00
movie,18172,91,\N,\N,\N,OK,2017-07-26 00:00:00
movie,18176,93,\N,\N,\N,OK,2017-07-26 00:00:00
movie,18183,105,\N,\N,\N,OK,2017-07-26 00:00:00
movie,18191,82,\N,\N,\N,OK,2017-07-26 00:00:00
movie,18192,106,\N,\N,\N,OK,2017-07-26 00:00:00
movie,18197,116,\N,\N,\N,OK,2017-07-26 00:00:00
movie,18203,107,\N,\N,\N,OK,2017-07-26 00:00:00
movie,18209,103,\N,\N,\N,OK,2017-07-26 00:00:00
movie,18212,101,\N,\N,\N,OK,2017-07-26 00:00:00
movie,18215,107,\N,\N,\N,OK,2017-07-26 00:00:00
movie,18220,106,\N,\N,\N,OK,2017-07-26 00:00:00
movie,18222,93,\N,\N,\N,OK,2017-07-26 00:00:00
movie,18239,130,\N,\N,\N,OK,2017-07-26 00:00:00
movie,18240,108,\N,\N,\N,OK,2017-07-26 00:00:00
movie,18250,89,\N,\N,\N,OK,2017-07-26 00:00:00
movie,18252,94,\N,\N,\N,OK,2017-07-26 00:00:00
movie,18254,195,\N,\N,\N,OK,2017-07-26 00:00:00
movie,18256,95,\N,\N,\N,OK,2017-07-26 00:00:00
movie,18282,89,\N,\N,\N,OK,2017-07-26 00:00:00
movie,18283,108,\N,\N,\N,OK,2017-07-26 00:00:00
movie,18292,89,\N,\N,\N,OK,2017-07-26 00:00:00
movie,18299,130,\N,\N,\N,OK,2017-07-26 00:00:00
movie,18303,105,\N,\N,\N,OK,2017-07-26 00:00:00
movie,18305,105,\N,\N,\N,OK,2017-07-26 00:00:00
movie,18311,91,\N,\N,\N,OK,2017-07-26 00:00:00
movie,18317,106,\N,\N,\N,OK,2017-07-26 00:00:00
movie,18320,105,\N,\N,\N,OK,2017-07-26 00:00:00
movie,18329,96,\N,\N,\N,OK,2017-07-26 00:00:00
movie,18331,107,\N,\N,\N,OK,2017-07-26 00:00:00
movie,18333,90,\N,\N,\N,OK,2017-07-26 00:00:00
movie,18355,119,\N,\N,\N,OK,2017-07-26 00:00:00
movie,18360,105,\N,\N,\N,OK,2017-07-26 00:00:00
movie,18385,116,\N,\N,\N,OK,2017-07-26 00:00:00
movie,18387,120,\N,\N,\N,OK,2017-07-26 00:00:00
movie,18391,95,\N,\N,\N,OK,2017-07-26 00:00:00
movie,18395,113,\N,\N,\N,OK,2017-07-26 00:00:00
movie,18398,75,\N,\N,\N,OK,2017-07-26 00:00:00
movie,18402,106,\N,\N,\N,OK,2017-07-26 00:00:00
movie,18408,99,\N,\N,\N,OK,2017-07-26 00:00:00
movie,18410,108,\N,\N,\N,OK,2017-07-26 00:00:00
movie,18414,89,\N,\N,\N,OK,2017-07-26 00:00:00
movie,18415,89,\N,\N,\N,OK,2017-07-26 00:00:00
movie,18417,130,\N,\N,\N,OK,2017-07-26 00:00:00
movie,18423,90,\N,\N,\N,OK,2017-07-26 00:00:00
movie,18435,112,\N,\N,\N,OK,2017-07-26 00:00:00
movie,18438,119,\N,\N,\N,OK,2017-07-26 00:00:00
movie,18444,126,\N,\N,\N,OK,2017-07-26 00:00:00
movie,18451,106,\N,\N,\N,OK,2017-07-26 00:00:00
movie,18462,95,\N,\N,\N,OK,2017-07-26 00:00:00
movie,18467,90,\N,\N,\N,OK,2017-07-26 00:00:00
movie,18480,83,\N,\N,\N,OK,2017-07-26 00:00:00
movie,18487,106,\N,\N,\N,OK,2017-07-26 00:00:00
movie,18489,87,\N,\N,\N,OK,2017-07-26 00:00:00
movie,18491,87,\N,\N,\N,OK,2017-07-26 00:00:00
movie,18499,101,\N,\N,\N,OK,2017-07-26 00:00:00
movie,18501,95,\N,\N,\N,OK,2017-07-26 00:00:00
movie,18509,98,\N,\N,\N,OK,2017-07-26 00:00:00
movie,18533,92,\N,\N,\N,OK,2017-07-26 00:00:00
movie,18543,93,\N,\N,\N,OK,2017-07-26 00:00:00
movie,18550,98,\N,\N,\N,OK,2017-07-26 00:00:00
movie,18551,126,\N,\N,\N,OK,2017-07-26 00:00:00
movie,18555,102,\N,\N,\N,OK,2017-07-26 00:00:00
movie,18561,92,\N,\N,\N,OK,2017-07-26 00:00:00
movie,18570,94,\N,\N,\N,OK,2017-07-26 00:00:00
movie,18573,90,\N,\N,\N,OK,2017-07-26 00:00:00
movie,18588,110,\N,\N,\N,OK,2017-07-26 00:00:00
movie,18595,85,\N,\N,\N,OK,2017-07-26 00:00:00
movie,18602,97,\N,\N,\N,OK,2017-07-26 00:00:00
movie,18603,98,\N,\N,\N,OK,2017-07-26 00:00:00
movie,18615,122,\N,\N,\N,OK,2017-07-26 00:00:00
movie,18620,83,\N,\N,\N,OK,2017-07-26 00:00:00
movie,18646,93,\N,\N,\N,OK,2017-07-26 00:00:00
movie,18647,141,\N,\N,\N,OK,2017-07-26 00:00:00
movie,18658,107,\N,\N,\N,OK,2017-07-26 00:00:00
movie,18660,100,\N,\N,\N,OK,2017-07-26 00:00:00
movie,18681,109,\N,\N,\N,OK,2017-07-26 00:00:00
movie,18691,87,\N,\N,\N,OK,2017-07-26 00:00:00
movie,18701,104,\N,\N,\N,OK,2017-07-26 00:00:00
movie,18706,68,\N,\N,\N,OK,2017-07-26 00:00:00
movie,18712,100,\N,\N,\N,OK,2017-07-26 00:00:00
movie,18713,82,\N,\N,\N,OK,2017-07-26 00:00:00
movie,18722,108,\N,\N,\N,OK,2017-07-26 00:00:00
movie,18724,65,\N,\N,\N,OK,2017-07-26 00:00:00
movie,18734,97,\N,\N,\N,OK,2017-07-26 00:00:00
movie,18736,94,\N,\N,\N,OK,2017-07-26 00:00:00
movie,18762,90,\N,\N,\N,OK,2017-07-26 00:00:00
movie,18764,89,\N,\N,\N,OK,2017-07-26 00:00:00
movie,18781,102,\N,\N,\N,OK,2017-07-26 00:00:00
movie,18784,93,\N,\N,\N,OK,2017-07-26 00:00:00
movie,18785,100,\N,\N,\N,OK,2017-07-26 00:00:00
movie,18823,106,\N,\N,\N,OK,2017-07-26 00:00:00
movie,18828,88,\N,\N,\N,OK,2017-07-26 00:00:00
movie,18835,89,\N,\N,\N,OK,2017-07-26 00:00:00
movie,18839,160,\N,\N,\N,OK,2017-07-26 00:00:00
movie,18841,90,\N,\N,\N,OK,2017-07-26 00:00:00
movie,18846,25,\N,\N,\N,OK,2017-07-26 00:00:00
movie,18857,103,\N,\N,\N,OK,2017-07-26 00:00:00
movie,18862,108,\N,\N,\N,OK,2017-07-26 00:00:00
movie,18867,97,\N,\N,\N,OK,2017-07-26 00:00:00
movie,18874,105,\N,\N,\N,OK,2017-07-26 00:00:00
movie,18884,180,\N,\N,\N,OK,2017-07-26 00:00:00
movie,18885,93,\N,\N,\N,OK,2017-07-26 00:00:00
movie,18887,93,\N,\N,\N,OK,2017-07-26 00:00:00
movie,18889,84,\N,\N,\N,OK,2017-07-26 00:00:00
movie,18890,72,\N,\N,\N,OK,2017-07-26 00:00:00
movie,18892,87,\N,\N,\N,OK,2017-07-26 00:00:00
movie,18900,134,\N,\N,\N,OK,2017-07-26 00:00:00
movie,18904,130,\N,\N,\N,OK,2017-07-26 00:00:00
movie,18905,91,\N,\N,\N,OK,2017-07-26 00:00:00
movie,18912,75,\N,\N,\N,OK,2017-07-26 00:00:00
movie,18913,94,\N,\N,\N,OK,2017-07-26 00:00:00
movie,18917,86,\N,\N,\N,OK,2017-07-26 00:00:00
movie,18919,97,\N,\N,\N,OK,2017-07-26 00:00:00
movie,18923,96,\N,\N,\N,OK,2017-07-26 00:00:00
movie,18927,116,\N,\N,\N,OK,2017-07-26 00:00:00
movie,18935,92,\N,\N,\N,OK,2017-07-26 00:00:00
movie,18937,86,\N,\N,\N,OK,2017-07-26 00:00:00
movie,18943,81,\N,\N,\N,OK,2017-07-26 00:00:00
movie,18947,116,\N,\N,\N,OK,2017-07-26 00:00:00
movie,18966,96,\N,\N,\N,OK,2017-07-26 00:00:00
movie,18971,117,\N,\N,\N,OK,2017-07-26 00:00:00
movie,18975,90,\N,\N,\N,OK,2017-07-26 00:00:00
movie,18978,179,\N,\N,\N,OK,2017-07-26 00:00:00
movie,18983,80,\N,\N,\N,OK,2017-07-26 00:00:00
movie,18984,92,\N,\N,\N,OK,2017-07-26 00:00:00
movie,18987,113,\N,\N,\N,OK,2017-07-26 00:00:00
movie,18988,134,\N,\N,\N,OK,2017-07-26 00:00:00
movie,18989,123,\N,\N,\N,OK,2017-07-26 00:00:00
movie,18990,86,\N,\N,\N,OK,2017-07-26 00:00:00
movie,18995,83,\N,\N,\N,OK,2017-07-26 00:00:00
movie,18998,93,\N,\N,\N,OK,2017-07-26 00:00:00
movie,19004,71,\N,\N,\N,OK,2017-07-26 00:00:00
movie,19042,82,\N,\N,\N,OK,2017-07-26 00:00:00
movie,19049,128,\N,\N,\N,OK,2017-07-26 00:00:00
movie,19051,100,\N,\N,\N,OK,2017-07-26 00:00:00
movie,19053,99,\N,\N,\N,OK,2017-07-26 00:00:00
movie,19064,94,\N,\N,\N,OK,2017-07-26 00:00:00
movie,19067,100,\N,\N,\N,OK,2017-07-26 00:00:00
movie,19075,143,\N,\N,\N,OK,2017-07-26 00:00:00
movie,19076,118,\N,\N,\N,OK,2017-07-26 00:00:00
movie,19082,208,\N,\N,\N,OK,2017-07-26 00:00:00
movie,19086,111,\N,\N,\N,OK,2017-07-26 00:00:00
movie,19087,90,\N,\N,\N,OK,2017-07-26 00:00:00
movie,19092,96,\N,\N,\N,OK,2017-07-26 00:00:00
movie,19100,103,\N,\N,\N,OK,2017-07-26 00:00:00
movie,19101,97,\N,\N,\N,OK,2017-07-26 00:00:00
movie,19103,127,\N,\N,\N,OK,2017-07-26 00:00:00
movie,19118,90,\N,\N,\N,OK,2017-07-26 00:00:00
movie,19120,137,\N,\N,\N,OK,2017-07-26 00:00:00
movie,19124,86,\N,\N,\N,OK,2017-07-26 00:00:00
movie,19133,88,\N,\N,\N,OK,2017-07-26 00:00:00
movie,19137,108,\N,\N,\N,OK,2017-07-26 00:00:00
movie,19140,128,\N,\N,\N,OK,2017-07-26 00:00:00
movie,19150,88,\N,\N,\N,OK,2017-07-26 00:00:00
movie,19155,113,\N,\N,\N,OK,2017-07-26 00:00:00
movie,19176,102,\N,\N,\N,OK,2017-07-26 00:00:00
movie,19184,90,\N,\N,\N,OK,2017-07-26 00:00:00
movie,19185,88,\N,\N,\N,OK,2017-07-26 00:00:00
movie,19186,129,\N,\N,\N,OK,2017-07-26 00:00:00
movie,19200,85,\N,\N,\N,OK,2017-07-26 00:00:00
movie,19209,90,\N,\N,\N,OK,2017-07-26 00:00:00
movie,19223,108,\N,\N,\N,OK,2017-07-26 00:00:00
movie,19236,123,\N,\N,\N,OK,2017-07-26 00:00:00
movie,19254,91,\N,\N,\N,OK,2017-07-26 00:00:00
movie,19255,98,\N,\N,\N,OK,2017-07-26 00:00:00
movie,19259,107,\N,\N,\N,OK,2017-07-26 00:00:00
movie,19265,92,\N,\N,\N,OK,2017-07-26 00:00:00
movie,19267,95,\N,\N,\N,OK,2017-07-26 00:00:00
movie,19274,92,\N,\N,\N,OK,2017-07-26 00:00:00
movie,19277,96,\N,\N,\N,OK,2017-07-26 00:00:00
movie,19286,90,\N,\N,\N,OK,2017-07-26 00:00:00
movie,19287,95,\N,\N,\N,OK,2017-07-26 00:00:00
movie,19316,91,\N,\N,\N,OK,2017-07-26 00:00:00
movie,19324,85,\N,\N,\N,OK,2017-07-26 00:00:00
movie,19326,88,\N,\N,\N,OK,2017-07-26 00:00:00
movie,19345,102,\N,\N,\N,OK,2017-07-26 00:00:00
movie,19348,110,\N,\N,\N,OK,2017-07-26 00:00:00
movie,19357,87,\N,\N,\N,OK,2017-07-26 00:00:00
movie,19366,98,\N,\N,\N,OK,2017-07-26 00:00:00
movie,19371,84,\N,\N,\N,OK,2017-07-26 00:00:00
movie,19375,95,\N,\N,\N,OK,2017-07-26 00:00:00
movie,19378,104,\N,\N,\N,OK,2017-07-26 00:00:00
movie,19379,90,\N,\N,\N,OK,2017-07-26 00:00:00
movie,19380,101,\N,\N,\N,OK,2017-07-26 00:00:00
movie,19381,97,\N,\N,\N,OK,2017-07-26 00:00:00
movie,19382,106,\N,\N,\N,OK,2017-07-26 00:00:00
movie,19405,83,\N,\N,\N,OK,2017-07-26 00:00:00
movie,19414,112,\N,\N,\N,OK,2017-07-26 00:00:00
movie,19419,81,\N,\N,\N,OK,2017-07-26 00:00:00
movie,19422,184,\N,\N,\N,OK,2017-07-26 00:00:00
movie,19426,110,\N,\N,\N,OK,2017-07-26 00:00:00
movie,19429,116,\N,\N,\N,OK,2017-07-26 00:00:00
movie,19433,85,\N,\N,\N,OK,2017-07-26 00:00:00
movie,19457,115,\N,\N,\N,OK,2017-07-26 00:00:00
movie,19460,123,\N,\N,\N,OK,2017-07-26 00:00:00
movie,19483,81,\N,\N,\N,OK,2017-07-26 00:00:00
movie,19490,109,\N,\N,\N,OK,2017-07-26 00:00:00
movie,19494,110,\N,\N,\N,OK,2017-07-26 00:00:00
movie,19507,94,\N,\N,\N,OK,2017-07-26 00:00:00
movie,19508,78,\N,\N,\N,OK,2017-07-26 00:00:00
movie,19513,86,\N,\N,\N,OK,2017-07-26 00:00:00
movie,19542,133,\N,\N,\N,OK,2017-07-26 00:00:00
movie,19552,104,\N,\N,\N,OK,2017-07-26 00:00:00
movie,19556,89,\N,\N,\N,OK,2017-07-26 00:00:00
movie,19585,88,\N,\N,\N,OK,2017-07-26 00:00:00
movie,19600,95,\N,\N,\N,OK,2017-07-26 00:00:00
movie,19601,105,\N,\N,\N,OK,2017-07-26 00:00:00
movie,19625,135,\N,\N,\N,OK,2017-07-26 00:00:00
movie,19636,142,\N,\N,\N,OK,2017-07-26 00:00:00
movie,19662,106,\N,\N,\N,OK,2017-07-26 00:00:00
movie,19666,224,\N,\N,\N,OK,2017-07-26 00:00:00
movie,19670,140,\N,\N,\N,OK,2017-07-26 00:00:00
movie,19698,98,\N,\N,\N,OK,2017-07-26 00:00:00
movie,19724,107,\N,\N,\N,OK,2017-07-26 00:00:00
movie,19736,95,\N,\N,\N,OK,2017-07-26 00:00:00
movie,19753,90,\N,\N,\N,OK,2017-07-26 00:00:00
movie,19760,96,\N,\N,\N,OK,2017-07-26 00:00:00
movie,19761,95,\N,\N,\N,OK,2017-07-26 00:00:00
movie,19762,100,\N,\N,\N,OK,2017-07-26 00:00:00
movie,19765,150,\N,\N,\N,OK,2017-07-26 00:00:00
movie,19819,108,\N,\N,\N,OK,2017-07-26 00:00:00
movie,19833,106,\N,\N,\N,OK,2017-07-26 00:00:00
movie,19840,102,\N,\N,\N,OK,2017-07-26 00:00:00
movie,19848,104,\N,\N,\N,OK,2017-07-26 00:00:00
movie,19855,126,\N,\N,\N,OK,2017-07-26 00:00:00
movie,19884,120,\N,\N,\N,OK,2017-07-26 00:00:00
movie,19898,108,\N,\N,\N,OK,2017-07-26 00:00:00
movie,19899,113,\N,\N,\N,OK,2017-07-26 00:00:00
movie,19901,98,\N,\N,\N,OK,2017-07-26 00:00:00
movie,19905,90,\N,\N,\N,OK,2017-07-26 00:00:00
movie,19908,88,\N,\N,\N,OK,2017-07-26 00:00:00
movie,19912,82,\N,\N,\N,OK,2017-07-26 00:00:00
movie,19913,95,\N,\N,\N,OK,2017-07-26 00:00:00
movie,19918,97,\N,\N,\N,OK,2017-07-26 00:00:00
movie,19929,113,\N,\N,\N,OK,2017-07-26 00:00:00
movie,19931,139,\N,\N,\N,OK,2017-07-26 00:00:00
movie,19933,90,\N,\N,\N,OK,2017-07-26 00:00:00
movie,19946,96,\N,\N,\N,OK,2017-07-26 00:00:00
movie,19952,90,\N,\N,\N,OK,2017-07-26 00:00:00
movie,19953,99,\N,\N,\N,OK,2017-07-26 00:00:00
movie,19955,90,\N,\N,\N,OK,2017-07-26 00:00:00
movie,19958,105,\N,\N,\N,OK,2017-07-26 00:00:00
movie,19959,89,\N,\N,\N,OK,2017-07-26 00:00:00
movie,19962,89,\N,\N,\N,OK,2017-07-26 00:00:00
movie,19963,87,\N,\N,\N,OK,2017-07-26 00:00:00
movie,19971,91,\N,\N,\N,OK,2017-07-26 00:00:00
movie,19973,82,\N,\N,\N,OK,2017-07-26 00:00:00
movie,19975,76,\N,\N,\N,OK,2017-07-26 00:00:00
movie,19994,100,\N,\N,\N,OK,2017-07-26 00:00:00
movie,19995,162,\N,\N,\N,OK,2017-07-26 00:00:00
movie,19997,92,\N,\N,\N,OK,2017-07-26 00:00:00
movie,20006,122,\N,\N,\N,OK,2017-07-26 00:00:00
movie,20009,86,\N,\N,\N,OK,2017-07-26 00:00:00
movie,20024,102,\N,\N,\N,OK,2017-07-26 00:00:00
movie,20043,121,\N,\N,\N,OK,2017-07-26 00:00:00
movie,20048,104,\N,\N,\N,OK,2017-07-26 00:00:00
movie,20051,95,\N,\N,\N,OK,2017-07-26 00:00:00
movie,20067,109,\N,\N,\N,OK,2017-07-26 00:00:00
movie,20096,107,\N,\N,\N,OK,2017-07-26 00:00:00
movie,20107,80,\N,\N,\N,OK,2017-07-26 00:00:00
movie,20108,95,\N,\N,\N,OK,2017-07-26 00:00:00
movie,20115,107,\N,\N,\N,OK,2017-07-26 00:00:00
movie,20120,103,\N,\N,\N,OK,2017-07-26 00:00:00
movie,20123,142,\N,\N,\N,OK,2017-07-26 00:00:00
movie,20126,126,\N,\N,\N,OK,2017-07-26 00:00:00
movie,20139,107,\N,\N,\N,OK,2017-07-26 00:00:00
movie,20147,58,\N,\N,\N,OK,2017-07-26 00:00:00
movie,20156,103,\N,\N,\N,OK,2017-07-26 00:00:00
movie,20173,96,\N,\N,\N,OK,2017-07-26 00:00:00
movie,20178,99,\N,\N,\N,OK,2017-07-26 00:00:00
movie,20210,105,\N,\N,\N,OK,2017-07-26 00:00:00
movie,20211,99,\N,\N,\N,OK,2017-07-26 00:00:00
movie,20239,88,\N,\N,\N,OK,2017-07-26 00:00:00
movie,20242,100,\N,\N,\N,OK,2017-07-26 00:00:00
movie,20246,96,\N,\N,\N,OK,2017-07-26 00:00:00
movie,20271,105,\N,\N,\N,OK,2017-07-26 00:00:00
movie,20283,100,\N,\N,\N,OK,2017-07-26 00:00:00
movie,20289,120,\N,\N,\N,OK,2017-07-26 00:00:00
movie,20303,80,\N,\N,\N,OK,2017-07-26 00:00:00
movie,20304,88,\N,\N,\N,OK,2017-07-26 00:00:00
movie,20306,101,\N,\N,\N,OK,2017-07-26 00:00:00
movie,20309,95,\N,\N,\N,OK,2017-07-26 00:00:00
movie,20312,116,\N,\N,\N,OK,2017-07-26 00:00:00
movie,20318,114,\N,\N,\N,OK,2017-07-26 00:00:00
movie,20324,95,\N,\N,\N,OK,2017-07-26 00:00:00
movie,20325,103,\N,\N,\N,OK,2017-07-26 00:00:00
movie,20334,99,\N,\N,\N,OK,2017-07-26 00:00:00
movie,20337,113,\N,\N,\N,OK,2017-07-26 00:00:00
movie,20345,98,\N,\N,\N,OK,2017-07-26 00:00:00
movie,20348,91,\N,\N,\N,OK,2017-07-26 00:00:00
movie,20352,95,\N,\N,\N,OK,2017-07-26 00:00:00
movie,20359,155,\N,\N,\N,OK,2017-07-26 00:00:00
movie,20367,67,\N,\N,\N,OK,2017-07-26 00:00:00
movie,20391,158,\N,\N,\N,OK,2017-07-26 00:00:00
movie,20408,60,\N,\N,\N,OK,2017-07-26 00:00:00
movie,20417,72,\N,\N,\N,OK,2017-07-26 00:00:00
movie,20421,77,\N,\N,\N,OK,2017-07-26 00:00:00
movie,20423,80,\N,\N,\N,OK,2017-07-26 00:00:00
movie,20438,87,\N,\N,\N,OK,2017-07-26 00:00:00
movie,20439,101,\N,\N,\N,OK,2017-07-26 00:00:00
movie,20443,91,\N,\N,\N,OK,2017-07-26 00:00:00
movie,20453,170,\N,\N,\N,OK,2017-07-26 00:00:00
movie,20455,82,\N,\N,\N,OK,2017-07-26 00:00:00
movie,20457,97,\N,\N,\N,OK,2017-07-26 00:00:00
movie,20468,87,\N,\N,\N,OK,2017-07-26 00:00:00
movie,20481,102,\N,\N,\N,OK,2017-07-26 00:00:00
movie,20483,92,\N,\N,\N,OK,2017-07-26 00:00:00
movie,20504,118,\N,\N,\N,OK,2017-07-26 00:00:00
movie,20521,109,\N,\N,\N,OK,2017-07-26 00:00:00
movie,20526,125,\N,\N,\N,OK,2017-07-26 00:00:00
movie,20532,124,\N,\N,\N,OK,2017-07-26 00:00:00
movie,20533,80,\N,\N,\N,OK,2017-07-26 00:00:00
movie,20536,129,\N,\N,\N,OK,2017-07-26 00:00:00
movie,20539,124,\N,\N,\N,OK,2017-07-26 00:00:00
movie,20540,116,\N,\N,\N,OK,2017-07-26 00:00:00
movie,20553,100,\N,\N,\N,OK,2017-07-26 00:00:00
movie,20561,136,\N,\N,\N,OK,2017-07-26 00:00:00
movie,20562,123,\N,\N,\N,OK,2017-07-26 00:00:00
movie,20565,139,\N,\N,\N,OK,2017-07-26 00:00:00
movie,20595,87,\N,\N,\N,OK,2017-07-26 00:00:00
movie,20604,91,\N,\N,\N,OK,2017-07-26 00:00:00
movie,20616,84,\N,\N,\N,OK,2017-07-26 00:00:00
movie,20620,100,\N,\N,\N,OK,2017-07-26 00:00:00
movie,20625,96,\N,\N,\N,OK,2017-07-26 00:00:00
movie,20637,88,\N,\N,\N,OK,2017-07-26 00:00:00
movie,20640,114,\N,\N,\N,OK,2017-07-26 00:00:00
movie,20643,99,\N,\N,\N,OK,2017-07-26 00:00:00
movie,20644,99,\N,\N,\N,OK,2017-07-26 00:00:00
movie,20649,128,\N,\N,\N,OK,2017-07-26 00:00:00
movie,20662,140,\N,\N,\N,OK,2017-07-26 00:00:00
movie,20678,96,\N,\N,\N,OK,2017-07-26 00:00:00
movie,20682,96,\N,\N,\N,OK,2017-07-26 00:00:00
movie,20689,132,\N,\N,\N,OK,2017-07-26 00:00:00
movie,20697,107,\N,\N,\N,OK,2017-07-26 00:00:00
movie,20701,93,\N,\N,\N,OK,2017-07-26 00:00:00
movie,20704,108,\N,\N,\N,OK,2017-07-26 00:00:00
movie,20713,117,\N,\N,\N,OK,2017-07-26 00:00:00
movie,20720,60,\N,\N,\N,OK,2017-07-26 00:00:00
movie,20723,112,\N,\N,\N,OK,2017-07-26 00:00:00
movie,20726,107,\N,\N,\N,OK,2017-07-26 00:00:00
movie,20735,89,\N,\N,\N,OK,2017-07-26 00:00:00
movie,20737,98,\N,\N,\N,OK,2017-07-26 00:00:00
movie,20758,92,\N,\N,\N,OK,2017-07-26 00:00:00
movie,20759,91,\N,\N,\N,OK,2017-07-26 00:00:00
movie,20762,114,\N,\N,\N,OK,2017-07-26 00:00:00
movie,20763,114,\N,\N,\N,OK,2017-07-26 00:00:00
movie,20766,111,\N,\N,\N,OK,2017-07-26 00:00:00
movie,20770,85,\N,\N,\N,OK,2017-07-26 00:00:00
movie,20794,95,\N,\N,\N,OK,2017-07-26 00:00:00
movie,20803,93,\N,\N,\N,OK,2017-07-26 00:00:00
movie,20815,108,\N,\N,\N,OK,2017-07-26 00:00:00
movie,20829,146,\N,\N,\N,OK,2017-07-26 00:00:00
movie,20848,83,\N,\N,\N,OK,2017-07-26 00:00:00
movie,20850,96,\N,\N,\N,OK,2017-07-26 00:00:00
movie,20857,106,\N,\N,\N,OK,2017-07-26 00:00:00
movie,20861,102,\N,\N,\N,OK,2017-07-26 00:00:00
movie,20862,89,\N,\N,\N,OK,2017-07-26 00:00:00
movie,20870,92,\N,\N,\N,OK,2017-07-26 00:00:00
movie,20871,88,\N,\N,\N,OK,2017-07-26 00:00:00
movie,20873,100,\N,\N,\N,OK,2017-07-26 00:00:00
movie,20874,135,\N,\N,\N,OK,2017-07-26 00:00:00
movie,20875,95,\N,\N,\N,OK,2017-07-26 00:00:00
movie,20878,82,\N,\N,\N,OK,2017-07-26 00:00:00
movie,20880,100,\N,\N,\N,OK,2017-07-26 00:00:00
movie,20894,334,\N,\N,\N,OK,2017-07-26 00:00:00
movie,20927,87,\N,\N,\N,OK,2017-07-26 00:00:00
movie,20943,96,\N,\N,\N,OK,2017-07-26 00:00:00
movie,20963,122,\N,\N,\N,OK,2017-07-26 00:00:00
movie,20967,93,\N,\N,\N,OK,2017-07-26 00:00:00
movie,20975,93,\N,\N,\N,OK,2017-07-26 00:00:00
movie,20978,105,\N,\N,\N,OK,2017-07-26 00:00:00
movie,20992,96,\N,\N,\N,OK,2017-07-26 00:00:00
movie,20993,122,\N,\N,\N,OK,2017-07-26 00:00:00
movie,21027,105,\N,\N,\N,OK,2017-07-26 00:00:00
movie,21028,142,\N,\N,\N,OK,2017-07-26 00:00:00
movie,21029,92,\N,\N,\N,OK,2017-07-26 00:00:00
movie,21032,78,\N,\N,\N,OK,2017-07-26 00:00:00
movie,21035,112,\N,\N,\N,OK,2017-07-26 00:00:00
movie,21052,100,\N,\N,\N,OK,2017-07-26 00:00:00
movie,21055,95,\N,\N,\N,OK,2017-07-26 00:00:00
movie,21056,117,\N,\N,\N,OK,2017-07-26 00:00:00
movie,21128,105,\N,\N,\N,OK,2017-07-26 00:00:00
movie,21132,93,\N,\N,\N,OK,2017-07-26 00:00:00
movie,21137,100,\N,\N,\N,OK,2017-07-26 00:00:00
movie,21142,114,\N,\N,\N,OK,2017-07-26 00:00:00
movie,21159,86,\N,\N,\N,OK,2017-07-26 00:00:00
movie,21173,97,\N,\N,\N,OK,2017-07-26 00:00:00
movie,21183,96,\N,\N,\N,OK,2017-07-26 00:00:00
movie,21185,99,\N,\N,\N,OK,2017-07-26 00:00:00
movie,21189,93,\N,\N,\N,OK,2017-07-26 00:00:00
movie,21191,96,\N,\N,\N,OK,2017-07-26 00:00:00
movie,21200,104,\N,\N,\N,OK,2017-07-26 00:00:00
movie,21208,123,\N,\N,\N,OK,2017-07-26 00:00:00
movie,21219,104,\N,\N,\N,OK,2017-07-26 00:00:00
movie,21245,117,\N,\N,\N,OK,2017-07-26 00:00:00
movie,21253,110,\N,\N,\N,OK,2017-07-26 00:00:00
movie,21266,92,\N,\N,\N,OK,2017-07-26 00:00:00
movie,21291,117,\N,\N,\N,OK,2017-07-26 00:00:00
movie,21299,88,\N,\N,\N,OK,2017-07-26 00:00:00
movie,21301,106,\N,\N,\N,OK,2017-07-26 00:00:00
movie,21309,99,\N,\N,\N,OK,2017-07-26 00:00:00
movie,21332,105,\N,\N,\N,OK,2017-07-26 00:00:00
movie,21334,89,\N,\N,\N,OK,2017-07-26 00:00:00
movie,21344,119,\N,\N,\N,OK,2017-07-26 00:00:00
movie,21348,70,\N,\N,\N,OK,2017-07-26 00:00:00
movie,21349,114,\N,\N,\N,OK,2017-07-26 00:00:00
movie,21352,94,\N,\N,\N,OK,2017-07-26 00:00:00
movie,21355,117,\N,\N,\N,OK,2017-07-26 00:00:00
movie,21362,99,\N,\N,\N,OK,2017-07-26 00:00:00
movie,21373,110,\N,\N,\N,OK,2017-07-26 00:00:00
movie,21386,24,\N,\N,\N,OK,2017-07-26 00:00:00
movie,21407,88,\N,\N,\N,OK,2017-07-26 00:00:00
movie,21413,79,\N,\N,\N,OK,2017-07-26 00:00:00
movie,21427,85,\N,\N,\N,OK,2017-07-26 00:00:00
movie,21430,93,\N,\N,\N,OK,2017-07-26 00:00:00
movie,21449,80,\N,\N,\N,OK,2017-07-26 00:00:00
movie,21450,131,\N,\N,\N,OK,2017-07-26 00:00:00
movie,21453,82,\N,\N,\N,OK,2017-07-26 00:00:00
movie,21467,117,\N,\N,\N,OK,2017-07-26 00:00:00
movie,21469,93,\N,\N,\N,OK,2017-07-26 00:00:00
movie,21474,102,\N,\N,\N,OK,2017-07-26 00:00:00
movie,21489,130,\N,\N,\N,OK,2017-07-26 00:00:00
movie,21500,98,\N,\N,\N,OK,2017-07-26 00:00:00
movie,21512,100,\N,\N,\N,OK,2017-07-26 00:00:00
movie,21519,106,\N,\N,\N,OK,2017-07-26 00:00:00
movie,21521,101,\N,\N,\N,OK,2017-07-26 00:00:00
movie,21525,112,\N,\N,\N,OK,2017-07-26 00:00:00
movie,21531,106,\N,\N,\N,OK,2017-07-26 00:00:00
movie,21538,91,\N,\N,\N,OK,2017-07-26 00:00:00
movie,21539,124,\N,\N,\N,OK,2017-07-26 00:00:00
movie,21544,90,\N,\N,\N,OK,2017-07-26 00:00:00
movie,21575,155,\N,\N,\N,OK,2017-07-26 00:00:00
movie,21588,105,\N,\N,\N,OK,2017-07-26 00:00:00
movie,21589,92,\N,\N,\N,OK,2017-07-26 00:00:00
movie,21610,99,\N,\N,\N,OK,2017-07-26 00:00:00
movie,21612,99,\N,\N,\N,OK,2017-07-26 00:00:00
movie,21620,87,\N,\N,\N,OK,2017-07-26 00:00:00
movie,21626,78,\N,\N,\N,OK,2017-07-26 00:00:00
movie,21627,83,\N,\N,\N,OK,2017-07-26 00:00:00
movie,21629,111,\N,\N,\N,OK,2017-07-26 00:00:00
movie,21631,95,\N,\N,\N,OK,2017-07-26 00:00:00
movie,21634,88,\N,\N,\N,OK,2017-07-26 00:00:00
movie,21635,89,\N,\N,\N,OK,2017-07-26 00:00:00
movie,21641,97,\N,\N,\N,OK,2017-07-26 00:00:00
movie,21661,90,\N,\N,\N,OK,2017-07-26 00:00:00
movie,21683,74,\N,\N,\N,OK,2017-07-26 00:00:00
movie,21710,93,\N,\N,\N,OK,2017-07-26 00:00:00
movie,21711,110,\N,\N,\N,OK,2017-07-26 00:00:00
movie,21712,103,\N,\N,\N,OK,2017-07-26 00:00:00
movie,21719,111,\N,\N,\N,OK,2017-07-26 00:00:00
movie,21721,95,\N,\N,\N,OK,2017-07-26 00:00:00
movie,21734,108,\N,\N,\N,OK,2017-07-26 00:00:00
movie,21736,44,\N,\N,\N,OK,2017-07-26 00:00:00
movie,21755,114,\N,\N,\N,OK,2017-07-26 00:00:00
movie,21764,91,\N,\N,\N,OK,2017-07-26 00:00:00
movie,21784,108,\N,\N,\N,OK,2017-07-26 00:00:00
movie,21811,95,\N,\N,\N,OK,2017-07-26 00:00:00
movie,21828,99,\N,\N,\N,OK,2017-07-26 00:00:00
movie,21832,101,\N,\N,\N,OK,2017-07-26 00:00:00
movie,21845,103,\N,\N,\N,OK,2017-07-26 00:00:00
movie,21849,125,\N,\N,\N,OK,2017-07-26 00:00:00
movie,21866,116,\N,\N,\N,OK,2017-07-26 00:00:00
movie,21867,142,\N,\N,\N,OK,2017-07-26 00:00:00
movie,21868,92,\N,\N,\N,OK,2017-07-26 00:00:00
movie,21873,96,\N,\N,\N,OK,2017-07-26 00:00:00
movie,21874,94,\N,\N,\N,OK,2017-07-26 00:00:00
movie,21876,117,\N,\N,\N,OK,2017-07-26 00:00:00
movie,21879,91,\N,\N,\N,OK,2017-07-26 00:00:00
movie,21887,115,\N,\N,\N,OK,2017-07-26 00:00:00
movie,21910,85,\N,\N,\N,OK,2017-07-26 00:00:00
movie,21915,79,\N,\N,\N,OK,2017-07-26 00:00:00
movie,21923,82,\N,\N,\N,OK,2017-07-26 00:00:00
movie,21925,89,\N,\N,\N,OK,2017-07-26 00:00:00
movie,21970,83,\N,\N,\N,OK,2017-07-26 00:00:00
movie,21972,99,\N,\N,\N,OK,2017-07-26 00:00:00
movie,21989,96,\N,\N,\N,OK,2017-07-26 00:00:00
movie,21991,102,\N,\N,\N,OK,2017-07-26 00:00:00
movie,22010,80,\N,\N,\N,OK,2017-07-26 00:00:00
movie,22013,146,\N,\N,\N,OK,2017-07-26 00:00:00
movie,22016,90,\N,\N,\N,OK,2017-07-26 00:00:00
movie,22021,91,\N,\N,\N,OK,2017-07-26 00:00:00
movie,22048,94,\N,\N,\N,OK,2017-07-26 00:00:00
movie,22049,94,\N,\N,\N,OK,2017-07-26 00:00:00
movie,22067,119,\N,\N,\N,OK,2017-07-26 00:00:00
movie,22073,130,\N,\N,\N,OK,2017-07-26 00:00:00
movie,22100,90,\N,\N,\N,OK,2017-07-26 00:00:00
movie,22102,105,\N,\N,\N,OK,2017-07-26 00:00:00
movie,22160,128,\N,\N,\N,OK,2017-07-26 00:00:00
movie,22200,104,\N,\N,\N,OK,2017-07-26 00:00:00
movie,22213,92,\N,\N,\N,OK,2017-07-26 00:00:00
movie,22230,110,\N,\N,\N,OK,2017-07-26 00:00:00
movie,22233,108,\N,\N,\N,OK,2017-07-26 00:00:00
movie,22257,104,\N,\N,\N,OK,2017-07-26 00:00:00
movie,22267,138,\N,\N,\N,OK,2017-07-26 00:00:00
movie,22279,113,\N,\N,\N,OK,2017-07-26 00:00:00
movie,22285,59,\N,\N,\N,OK,2017-07-26 00:00:00
movie,22289,83,\N,\N,\N,OK,2017-07-26 00:00:00
movie,22292,104,\N,\N,\N,OK,2017-07-26 00:00:00
movie,22302,77,\N,\N,\N,OK,2017-07-26 00:00:00
movie,22307,93,\N,\N,\N,OK,2017-07-26 00:00:00
movie,22309,122,\N,\N,\N,OK,2017-07-26 00:00:00
movie,22311,99,\N,\N,\N,OK,2017-07-26 00:00:00
movie,22314,97,\N,\N,\N,OK,2017-07-26 00:00:00
movie,22317,98,\N,\N,\N,OK,2017-07-26 00:00:00
movie,22318,88,\N,\N,\N,OK,2017-07-26 00:00:00
movie,22327,87,\N,\N,\N,OK,2017-07-26 00:00:00
movie,22328,88,\N,\N,\N,OK,2017-07-26 00:00:00
movie,22345,97,\N,\N,\N,OK,2017-07-26 00:00:00
movie,22358,112,\N,\N,\N,OK,2017-07-26 00:00:00
movie,22387,126,\N,\N,\N,OK,2017-07-26 00:00:00
movie,22434,88,\N,\N,\N,OK,2017-07-26 00:00:00
movie,22477,82,\N,\N,\N,OK,2017-07-26 00:00:00
movie,22478,84,\N,\N,\N,OK,2017-07-26 00:00:00
movie,22479,116,\N,\N,\N,OK,2017-07-26 00:00:00
movie,22490,133,\N,\N,\N,OK,2017-07-26 00:00:00
movie,22492,97,\N,\N,\N,OK,2017-07-26 00:00:00
movie,22494,83,\N,\N,\N,OK,2017-07-26 00:00:00
movie,22500,83,\N,\N,\N,OK,2017-07-26 00:00:00
movie,22501,75,\N,\N,\N,OK,2017-07-26 00:00:00
movie,22522,145,\N,\N,\N,OK,2017-07-26 00:00:00
movie,22527,105,\N,\N,\N,OK,2017-07-26 00:00:00
movie,22536,133,\N,\N,\N,OK,2017-07-26 00:00:00
movie,22538,112,\N,\N,\N,OK,2017-07-26 00:00:00
movie,22553,87,\N,\N,\N,OK,2017-07-26 00:00:00
movie,22561,85,\N,\N,\N,OK,2017-07-26 00:00:00
movie,22572,88,\N,\N,\N,OK,2017-07-26 00:00:00
movie,22575,80,\N,\N,\N,OK,2017-07-26 00:00:00
movie,22584,100,\N,\N,\N,OK,2017-07-26 00:00:00
movie,22586,89,\N,\N,\N,OK,2017-07-26 00:00:00
movie,22588,108,\N,\N,\N,OK,2017-07-26 00:00:00
movie,22590,101,\N,\N,\N,OK,2017-07-26 00:00:00
movie,22596,70,\N,\N,\N,OK,2017-07-26 00:00:00
movie,22597,94,\N,\N,\N,OK,2017-07-26 00:00:00
movie,22611,85,\N,\N,\N,OK,2017-07-26 00:00:00
movie,22617,99,\N,\N,\N,OK,2017-07-26 00:00:00
movie,22621,105,\N,\N,\N,OK,2017-07-26 00:00:00
movie,22625,103,\N,\N,\N,OK,2017-07-26 00:00:00
movie,22640,104,\N,\N,\N,OK,2017-07-26 00:00:00
movie,22642,66,\N,\N,\N,OK,2017-07-26 00:00:00
movie,22649,89,\N,\N,\N,OK,2017-07-26 00:00:00
movie,22660,83,\N,\N,\N,OK,2017-07-26 00:00:00
movie,22682,121,\N,\N,\N,OK,2017-07-26 00:00:00
movie,22692,111,\N,\N,\N,OK,2017-07-26 00:00:00
movie,22711,117,\N,\N,\N,OK,2017-07-26 00:00:00
movie,22718,62,\N,\N,\N,OK,2017-07-26 00:00:00
movie,22733,89,\N,\N,\N,OK,2017-07-26 00:00:00
movie,22744,97,\N,\N,\N,OK,2017-07-26 00:00:00
movie,22784,92,\N,\N,\N,OK,2017-07-26 00:00:00
movie,22794,90,\N,\N,\N,OK,2017-07-26 00:00:00
movie,22796,114,\N,\N,\N,OK,2017-07-26 00:00:00
movie,22797,110,\N,\N,\N,OK,2017-07-26 00:00:00
movie,22798,111,\N,\N,\N,OK,2017-07-26 00:00:00
movie,22803,109,\N,\N,\N,OK,2017-07-26 00:00:00
movie,22804,90,\N,\N,\N,OK,2017-07-26 00:00:00
movie,22805,90,\N,\N,\N,OK,2017-07-26 00:00:00
movie,22820,89,\N,\N,\N,OK,2017-07-26 00:00:00
movie,22821,118,\N,\N,\N,OK,2017-07-26 00:00:00
movie,22826,112,\N,\N,\N,OK,2017-07-26 00:00:00
movie,22832,99,\N,\N,\N,OK,2017-07-26 00:00:00
movie,22843,108,\N,\N,\N,OK,2017-07-26 00:00:00
movie,22855,67,\N,\N,\N,OK,2017-07-26 00:00:00
movie,22874,100,\N,\N,\N,OK,2017-07-26 00:00:00
movie,22881,129,\N,\N,\N,OK,2017-07-26 00:00:00
movie,22894,100,\N,\N,\N,OK,2017-07-26 00:00:00
movie,22897,121,\N,\N,\N,OK,2017-07-26 00:00:00
movie,22907,107,\N,\N,\N,OK,2017-07-26 00:00:00
movie,22908,90,\N,\N,\N,OK,2017-07-26 00:00:00
movie,22910,96,\N,\N,\N,OK,2017-07-26 00:00:00
movie,22947,109,\N,\N,\N,OK,2017-07-26 00:00:00
movie,22949,88,\N,\N,\N,OK,2017-07-26 00:00:00
movie,22954,134,\N,\N,\N,OK,2017-07-26 00:00:00
movie,22958,96,\N,\N,\N,OK,2017-07-26 00:00:00
movie,22970,95,\N,\N,\N,OK,2017-07-26 00:00:00
movie,22971,115,\N,\N,\N,OK,2017-07-26 00:00:00
movie,22972,115,\N,\N,\N,OK,2017-07-26 00:00:00
movie,22976,108,\N,\N,\N,OK,2017-07-26 00:00:00
movie,22994,100,\N,\N,\N,OK,2017-07-26 00:00:00
movie,23023,101,\N,\N,\N,OK,2017-07-26 00:00:00
movie,23047,95,\N,\N,\N,OK,2017-07-26 00:00:00
movie,23048,101,\N,\N,\N,OK,2017-07-26 00:00:00
movie,23049,95,\N,\N,\N,OK,2017-07-26 00:00:00
movie,23069,86,\N,\N,\N,OK,2017-07-26 00:00:00
movie,23082,100,\N,\N,\N,OK,2017-07-26 00:00:00
movie,23111,115,\N,\N,\N,OK,2017-07-26 00:00:00
movie,23114,102,\N,\N,\N,OK,2017-07-26 00:00:00
movie,23127,77,\N,\N,\N,OK,2017-07-26 00:00:00
movie,23128,92,\N,\N,\N,OK,2017-07-26 00:00:00
movie,23152,110,\N,\N,\N,OK,2017-07-26 00:00:00
movie,23159,118,\N,\N,\N,OK,2017-07-26 00:00:00
movie,23168,125,\N,\N,\N,OK,2017-07-26 00:00:00
movie,23169,113,\N,\N,\N,OK,2017-07-26 00:00:00
movie,23172,94,\N,\N,\N,OK,2017-07-26 00:00:00
movie,23202,82,\N,\N,\N,OK,2017-07-26 00:00:00
movie,23210,112,\N,\N,\N,OK,2017-07-26 00:00:00
movie,23223,101,\N,\N,\N,OK,2017-07-26 00:00:00
movie,23282,25,\N,\N,\N,OK,2017-07-26 00:00:00
movie,23283,90,\N,\N,\N,OK,2017-07-26 00:00:00
movie,23305,86,\N,\N,\N,OK,2017-07-26 00:00:00
movie,23333,125,\N,\N,\N,OK,2017-07-26 00:00:00
movie,23356,94,\N,\N,\N,OK,2017-07-26 00:00:00
movie,23378,153,\N,\N,\N,OK,2017-07-26 00:00:00
movie,23383,155,\N,\N,\N,OK,2017-07-26 00:00:00
movie,23398,88,\N,\N,\N,OK,2017-07-26 00:00:00
movie,23437,95,\N,\N,\N,OK,2017-07-26 00:00:00
movie,23439,79,\N,\N,\N,OK,2017-07-26 00:00:00
movie,23449,91,\N,\N,\N,OK,2017-07-26 00:00:00
movie,23478,92,\N,\N,\N,OK,2017-07-26 00:00:00
movie,23479,102,\N,\N,\N,OK,2017-07-26 00:00:00
movie,23483,117,\N,\N,\N,OK,2017-07-26 00:00:00
movie,23488,112,\N,\N,\N,OK,2017-07-26 00:00:00
movie,23514,120,\N,\N,\N,OK,2017-07-26 00:00:00
movie,23518,118,\N,\N,\N,OK,2017-07-26 00:00:00
movie,23521,72,\N,\N,\N,OK,2017-07-26 00:00:00
movie,23531,82,\N,\N,\N,OK,2017-07-26 00:00:00
movie,23550,106,\N,\N,\N,OK,2017-07-26 00:00:00
movie,23567,105,\N,\N,\N,OK,2017-07-26 00:00:00
movie,23570,97,\N,\N,\N,OK,2017-07-26 00:00:00
movie,23601,101,\N,\N,\N,OK,2017-07-26 00:00:00
movie,23618,115,\N,\N,\N,OK,2017-07-26 00:00:00
movie,23626,105,\N,\N,\N,OK,2017-07-26 00:00:00
movie,23629,110,\N,\N,\N,OK,2017-07-26 00:00:00
movie,23631,105,\N,\N,\N,OK,2017-07-26 00:00:00
movie,23637,100,\N,\N,\N,OK,2017-07-26 00:00:00
movie,23655,86,\N,\N,\N,OK,2017-07-26 00:00:00
movie,23685,93,\N,\N,\N,OK,2017-07-26 00:00:00
movie,23719,111,\N,\N,\N,OK,2017-07-26 00:00:00
movie,23720,94,\N,\N,\N,OK,2017-07-26 00:00:00
movie,23724,109,\N,\N,\N,OK,2017-07-26 00:00:00
movie,23728,108,\N,\N,\N,OK,2017-07-26 00:00:00
movie,23742,107,\N,\N,\N,OK,2017-07-26 00:00:00
movie,23752,97,\N,\N,\N,OK,2017-07-26 00:00:00
movie,23759,97,\N,\N,\N,OK,2017-07-26 00:00:00
movie,23805,102,\N,\N,\N,OK,2017-07-26 00:00:00
movie,23825,93,\N,\N,\N,OK,2017-07-26 00:00:00
movie,23827,86,\N,\N,\N,OK,2017-07-26 00:00:00
movie,23830,90,\N,\N,\N,OK,2017-07-26 00:00:00
movie,23834,120,\N,\N,\N,OK,2017-07-26 00:00:00
movie,23908,108,\N,\N,\N,OK,2017-07-26 00:00:00
movie,23919,92,\N,\N,\N,OK,2017-07-26 00:00:00
movie,23928,117,\N,\N,\N,OK,2017-07-26 00:00:00
movie,23939,87,\N,\N,\N,OK,2017-07-26 00:00:00
movie,23942,100,\N,\N,\N,OK,2017-07-26 00:00:00
movie,23943,98,\N,\N,\N,OK,2017-07-26 00:00:00
movie,23945,89,\N,\N,\N,OK,2017-07-26 00:00:00
movie,23949,86,\N,\N,\N,OK,2017-07-26 00:00:00
movie,23954,104,\N,\N,\N,OK,2017-07-26 00:00:00
movie,23963,93,\N,\N,\N,OK,2017-07-26 00:00:00
movie,23988,90,\N,\N,\N,OK,2017-07-26 00:00:00
movie,23995,88,\N,\N,\N,OK,2017-07-26 00:00:00
movie,24008,97,\N,\N,\N,OK,2017-07-26 00:00:00
movie,24016,138,\N,\N,\N,OK,2017-07-26 00:00:00
movie,24018,71,\N,\N,\N,OK,2017-07-26 00:00:00
movie,24021,124,\N,\N,\N,OK,2017-07-26 00:00:00
movie,24032,98,\N,\N,\N,OK,2017-07-26 00:00:00
movie,24055,85,\N,\N,\N,OK,2017-07-26 00:00:00
movie,24056,95,\N,\N,\N,OK,2017-07-26 00:00:00
movie,24066,98,\N,\N,\N,OK,2017-07-26 00:00:00
movie,24070,97,\N,\N,\N,OK,2017-07-26 00:00:00
movie,24071,112,\N,\N,\N,OK,2017-07-26 00:00:00
movie,24077,92,\N,\N,\N,OK,2017-07-26 00:00:00
movie,24081,111,\N,\N,\N,OK,2017-07-26 00:00:00
movie,24086,114,\N,\N,\N,OK,2017-07-26 00:00:00
movie,24099,99,\N,\N,\N,OK,2017-07-26 00:00:00
movie,24100,95,\N,\N,\N,OK,2017-07-26 00:00:00
movie,24103,82,\N,\N,\N,OK,2017-07-26 00:00:00
movie,24113,104,\N,\N,\N,OK,2017-07-26 00:00:00
movie,24122,95,\N,\N,\N,OK,2017-07-26 00:00:00
movie,24128,88,\N,\N,\N,OK,2017-07-26 00:00:00
movie,24130,114,\N,\N,\N,OK,2017-07-26 00:00:00
movie,24137,97,\N,\N,\N,OK,2017-07-26 00:00:00
movie,24150,105,\N,\N,\N,OK,2017-07-26 00:00:00
movie,24153,113,\N,\N,\N,OK,2017-07-26 00:00:00
movie,24166,116,\N,\N,\N,OK,2017-07-26 00:00:00
movie,24167,100,\N,\N,\N,OK,2017-07-26 00:00:00
movie,24186,121,\N,\N,\N,OK,2017-07-26 00:00:00
movie,24192,137,\N,\N,\N,OK,2017-07-26 00:00:00
movie,24197,95,\N,\N,\N,OK,2017-07-26 00:00:00
movie,24200,118,\N,\N,\N,OK,2017-07-26 00:00:00
movie,24203,103,\N,\N,\N,OK,2017-07-26 00:00:00
movie,24226,129,\N,\N,\N,OK,2017-07-26 00:00:00
movie,24232,90,\N,\N,\N,OK,2017-07-26 00:00:00
movie,24238,92,\N,\N,\N,OK,2017-07-26 00:00:00
movie,24241,112,\N,\N,\N,OK,2017-07-26 00:00:00
movie,24253,129,\N,\N,\N,OK,2017-07-26 00:00:00
movie,24264,117,\N,\N,\N,OK,2017-07-26 00:00:00
movie,24266,104,\N,\N,\N,OK,2017-07-26 00:00:00
movie,24271,91,\N,\N,\N,OK,2017-07-26 00:00:00
movie,24276,132,\N,\N,\N,OK,2017-07-26 00:00:00
movie,24341,77,\N,\N,\N,OK,2017-07-26 00:00:00
movie,24348,99,\N,\N,\N,OK,2017-07-26 00:00:00
movie,24349,115,\N,\N,\N,OK,2017-07-26 00:00:00
movie,24356,112,\N,\N,\N,OK,2017-07-26 00:00:00
movie,24357,9,\N,\N,\N,OK,2017-07-26 00:00:00
movie,24382,106,\N,\N,\N,OK,2017-07-26 00:00:00
movie,24388,94,\N,\N,\N,OK,2017-07-26 00:00:00
movie,24402,89,\N,\N,\N,OK,2017-07-26 00:00:00
movie,24405,102,\N,\N,\N,OK,2017-07-26 00:00:00
movie,24411,95,\N,\N,\N,OK,2017-07-26 00:00:00
movie,24418,109,\N,\N,\N,OK,2017-07-26 00:00:00
movie,24420,107,\N,\N,\N,OK,2017-07-26 00:00:00
movie,24428,143,\N,\N,\N,OK,2017-07-26 00:00:00
movie,24438,103,\N,\N,\N,OK,2017-07-26 00:00:00
movie,24439,58,\N,\N,\N,OK,2017-07-26 00:00:00
movie,24447,57,\N,\N,\N,OK,2017-07-26 00:00:00
movie,24452,70,\N,\N,\N,OK,2017-07-26 00:00:00
movie,24453,129,\N,\N,\N,OK,2017-07-26 00:00:00
movie,24480,5,\N,\N,\N,OK,2017-07-26 00:00:00
movie,24481,103,\N,\N,\N,OK,2017-07-26 00:00:00
movie,24525,122,\N,\N,\N,OK,2017-07-26 00:00:00
movie,24548,100,\N,\N,\N,OK,2017-07-26 00:00:00
movie,24558,94,\N,\N,\N,OK,2017-07-26 00:00:00
movie,24559,104,\N,\N,\N,OK,2017-07-26 00:00:00
movie,24575,115,\N,\N,\N,OK,2017-07-26 00:00:00
movie,24582,90,\N,\N,\N,OK,2017-07-26 00:00:00
movie,24584,108,\N,\N,\N,OK,2017-07-26 00:00:00
movie,24585,94,\N,\N,\N,OK,2017-07-26 00:00:00
movie,24621,80,\N,\N,\N,OK,2017-07-26 00:00:00
movie,24634,110,\N,\N,\N,OK,2017-07-26 00:00:00
movie,24650,114,\N,\N,\N,OK,2017-07-26 00:00:00
movie,24657,149,\N,\N,\N,OK,2017-07-26 00:00:00
movie,24660,10,\N,\N,\N,OK,2017-07-26 00:00:00
movie,24662,75,\N,\N,\N,OK,2017-07-26 00:00:00
movie,24664,135,\N,\N,\N,OK,2017-07-26 00:00:00
movie,24684,100,\N,\N,\N,OK,2017-07-26 00:00:00
movie,24696,46,\N,\N,\N,OK,2017-07-26 00:00:00
movie,24732,99,\N,\N,\N,OK,2017-07-26 00:00:00
movie,24735,98,\N,\N,\N,OK,2017-07-26 00:00:00
movie,24739,87,\N,\N,\N,OK,2017-07-26 00:00:00
movie,24742,90,\N,\N,\N,OK,2017-07-26 00:00:00
movie,24746,91,\N,\N,\N,OK,2017-07-26 00:00:00
movie,24747,120,\N,\N,\N,OK,2017-07-26 00:00:00
movie,24748,112,\N,\N,\N,OK,2017-07-26 00:00:00
movie,24750,112,\N,\N,\N,OK,2017-07-26 00:00:00
movie,24752,48,\N,\N,\N,OK,2017-07-26 00:00:00
movie,24767,108,\N,\N,\N,OK,2017-07-26 00:00:00
movie,24784,90,\N,\N,\N,OK,2017-07-26 00:00:00
movie,24792,56,\N,\N,\N,OK,2017-07-26 00:00:00
movie,24795,102,\N,\N,\N,OK,2017-07-26 00:00:00
movie,24798,90,\N,\N,\N,OK,2017-07-26 00:00:00
movie,24803,123,\N,\N,\N,OK,2017-07-26 00:00:00
movie,24804,90,\N,\N,\N,OK,2017-07-26 00:00:00
movie,24807,115,\N,\N,\N,OK,2017-07-26 00:00:00
movie,24808,95,\N,\N,\N,OK,2017-07-26 00:00:00
movie,24825,104,\N,\N,\N,OK,2017-07-26 00:00:00
movie,24828,85,\N,\N,\N,OK,2017-07-26 00:00:00
movie,24830,85,\N,\N,\N,OK,2017-07-26 00:00:00
movie,24831,94,\N,\N,\N,OK,2017-07-26 00:00:00
movie,24869,106,\N,\N,\N,OK,2017-07-26 00:00:00
movie,24873,92,\N,\N,\N,OK,2017-07-26 00:00:00
movie,24883,103,\N,\N,\N,OK,2017-07-26 00:00:00
movie,24908,90,\N,\N,\N,OK,2017-07-26 00:00:00
movie,24913,89,\N,\N,\N,OK,2017-07-26 00:00:00
movie,24914,15,\N,\N,\N,OK,2017-07-26 00:00:00
movie,24918,94,\N,\N,\N,OK,2017-07-26 00:00:00
movie,24920,93,\N,\N,\N,OK,2017-07-26 00:00:00
movie,24936,101,\N,\N,\N,OK,2017-07-26 00:00:00
movie,24940,86,\N,\N,\N,OK,2017-07-26 00:00:00
movie,24951,99,\N,\N,\N,OK,2017-07-26 00:00:00
movie,24961,134,\N,\N,\N,OK,2017-07-26 00:00:00
movie,24965,117,\N,\N,\N,OK,2017-07-26 00:00:00
movie,24977,46,\N,\N,\N,OK,2017-07-26 00:00:00
movie,24982,92,\N,\N,\N,OK,2017-07-26 00:00:00
movie,24993,89,\N,\N,\N,OK,2017-07-26 00:00:00
movie,25009,115,\N,\N,\N,OK,2017-07-26 00:00:00
movie,25010,100,\N,\N,\N,OK,2017-07-26 00:00:00
movie,25014,130,\N,\N,\N,OK,2017-07-26 00:00:00
movie,25016,96,\N,\N,\N,OK,2017-07-26 00:00:00
movie,25050,114,\N,\N,\N,OK,2017-07-26 00:00:00
movie,25059,89,\N,\N,\N,OK,2017-07-26 00:00:00
movie,25066,98,\N,\N,\N,OK,2017-07-26 00:00:00
movie,25074,127,\N,\N,\N,OK,2017-07-26 00:00:00
movie,25078,34,\N,\N,\N,OK,2017-07-26 00:00:00
movie,25087,90,\N,\N,\N,OK,2017-07-26 00:00:00
movie,25095,105,\N,\N,\N,OK,2017-07-26 00:00:00
movie,25099,83,\N,\N,\N,OK,2017-07-26 00:00:00
movie,25113,107,\N,\N,\N,OK,2017-07-26 00:00:00
movie,25117,60,\N,\N,\N,OK,2017-07-26 00:00:00
movie,25119,79,\N,\N,\N,OK,2017-07-26 00:00:00
movie,25147,123,\N,\N,\N,OK,2017-07-26 00:00:00
movie,25155,89,\N,\N,\N,OK,2017-07-26 00:00:00
movie,25161,59,\N,\N,\N,OK,2017-07-26 00:00:00
movie,25166,96,\N,\N,\N,OK,2017-07-26 00:00:00
movie,25183,88,\N,\N,\N,OK,2017-07-26 00:00:00
movie,25188,118,\N,\N,\N,OK,2017-07-26 00:00:00
movie,25189,126,\N,\N,\N,OK,2017-07-26 00:00:00
movie,25195,100,\N,\N,\N,OK,2017-07-26 00:00:00
movie,25196,112,\N,\N,\N,OK,2017-07-26 00:00:00
movie,25205,119,\N,\N,\N,OK,2017-07-26 00:00:00
movie,25208,105,\N,\N,\N,OK,2017-07-26 00:00:00
movie,25209,107,\N,\N,\N,OK,2017-07-26 00:00:00
movie,25221,138,\N,\N,\N,OK,2017-07-26 00:00:00
movie,25224,106,\N,\N,\N,OK,2017-07-26 00:00:00
movie,25232,119,\N,\N,\N,OK,2017-07-26 00:00:00
movie,25237,142,\N,\N,\N,OK,2017-07-26 00:00:00
movie,25239,101,\N,\N,\N,OK,2017-07-26 00:00:00
movie,25241,92,\N,\N,\N,OK,2017-07-26 00:00:00
movie,25248,95,\N,\N,\N,OK,2017-07-26 00:00:00
movie,25284,110,\N,\N,\N,OK,2017-07-26 00:00:00
movie,25296,105,\N,\N,\N,OK,2017-07-26 00:00:00
movie,25300,108,\N,\N,\N,OK,2017-07-26 00:00:00
movie,25313,97,\N,\N,\N,OK,2017-07-26 00:00:00
movie,25319,90,\N,\N,\N,OK,2017-07-26 00:00:00
movie,25330,107,\N,\N,\N,OK,2017-07-26 00:00:00
movie,25335,133,\N,\N,\N,OK,2017-07-26 00:00:00
movie,25350,111,\N,\N,\N,OK,2017-07-26 00:00:00
movie,25364,111,\N,\N,\N,OK,2017-07-26 00:00:00
movie,25376,129,\N,\N,\N,OK,2017-07-26 00:00:00
movie,25389,99,\N,\N,\N,OK,2017-07-26 00:00:00
movie,25403,100,\N,\N,\N,OK,2017-07-26 00:00:00
movie,25430,109,\N,\N,\N,OK,2017-07-26 00:00:00
movie,25431,101,\N,\N,\N,OK,2017-07-26 00:00:00
movie,25440,101,\N,\N,\N,OK,2017-07-26 00:00:00
movie,25447,93,\N,\N,\N,OK,2017-07-26 00:00:00
movie,25461,88,\N,\N,\N,OK,2017-07-26 00:00:00
movie,25462,90,\N,\N,\N,OK,2017-07-26 00:00:00
movie,25468,110,\N,\N,\N,OK,2017-07-26 00:00:00
movie,25471,91,\N,\N,\N,OK,2017-07-26 00:00:00
movie,25472,30,\N,\N,\N,OK,2017-07-26 00:00:00
movie,25500,105,\N,\N,\N,OK,2017-07-26 00:00:00
movie,25504,101,\N,\N,\N,OK,2017-07-26 00:00:00
movie,25508,73,\N,\N,\N,OK,2017-07-26 00:00:00
movie,25518,99,\N,\N,\N,OK,2017-07-26 00:00:00
movie,25520,140,\N,\N,\N,OK,2017-07-26 00:00:00
movie,25538,173,\N,\N,\N,OK,2017-07-26 00:00:00
movie,25539,108,\N,\N,\N,OK,2017-07-26 00:00:00
movie,25557,109,\N,\N,\N,OK,2017-07-26 00:00:00
movie,25560,122,\N,\N,\N,OK,2017-07-26 00:00:00
movie,25562,97,\N,\N,\N,OK,2017-07-26 00:00:00
movie,25566,155,\N,\N,\N,OK,2017-07-26 00:00:00
movie,25572,118,\N,\N,\N,OK,2017-07-26 00:00:00
movie,25602,83,\N,\N,\N,OK,2017-07-26 00:00:00
movie,25624,140,\N,\N,\N,OK,2017-07-26 00:00:00
movie,25636,107,\N,\N,\N,OK,2017-07-26 00:00:00
movie,25641,109,\N,\N,\N,OK,2017-07-26 00:00:00
movie,25670,120,\N,\N,\N,OK,2017-07-26 00:00:00
movie,25673,122,\N,\N,\N,OK,2017-07-26 00:00:00
movie,25676,126,\N,\N,\N,OK,2017-07-26 00:00:00
movie,25694,76,\N,\N,\N,OK,2017-07-26 00:00:00
movie,25706,88,\N,\N,\N,OK,2017-07-26 00:00:00
movie,25719,109,\N,\N,\N,OK,2017-07-26 00:00:00
movie,25723,87,\N,\N,\N,OK,2017-07-26 00:00:00
movie,25736,113,\N,\N,\N,OK,2017-07-26 00:00:00
movie,25748,92,\N,\N,\N,OK,2017-07-26 00:00:00
movie,25749,92,\N,\N,\N,OK,2017-07-26 00:00:00
movie,25750,85,\N,\N,\N,OK,2017-07-26 00:00:00
movie,25757,106,\N,\N,\N,OK,2017-07-26 00:00:00
movie,25767,104,\N,\N,\N,OK,2017-07-26 00:00:00
movie,25768,70,\N,\N,\N,OK,2017-07-26 00:00:00
movie,25773,105,\N,\N,\N,OK,2017-07-26 00:00:00
movie,25783,99,\N,\N,\N,OK,2017-07-26 00:00:00
movie,25793,110,\N,\N,\N,OK,2017-07-26 00:00:00
movie,25831,25,\N,\N,\N,OK,2017-07-26 00:00:00
movie,25838,139,\N,\N,\N,OK,2017-07-26 00:00:00
movie,25842,69,\N,\N,\N,OK,2017-07-26 00:00:00
movie,25846,150,\N,\N,\N,OK,2017-07-26 00:00:00
movie,25872,98,\N,\N,\N,OK,2017-07-26 00:00:00
movie,25884,90,\N,\N,\N,OK,2017-07-26 00:00:00
movie,25890,98,\N,\N,\N,OK,2017-07-26 00:00:00
movie,25898,73,\N,\N,\N,OK,2017-07-26 00:00:00
movie,25921,105,\N,\N,\N,OK,2017-07-26 00:00:00
movie,25927,96,\N,\N,\N,OK,2017-07-26 00:00:00
movie,25934,105,\N,\N,\N,OK,2017-07-26 00:00:00
movie,25935,112,\N,\N,\N,OK,2017-07-26 00:00:00
movie,25936,100,\N,\N,\N,OK,2017-07-26 00:00:00
movie,25941,103,\N,\N,\N,OK,2017-07-26 00:00:00
movie,25943,95,\N,\N,\N,OK,2017-07-26 00:00:00
movie,25944,103,\N,\N,\N,OK,2017-07-26 00:00:00
movie,25955,80,\N,\N,\N,OK,2017-07-26 00:00:00
movie,25969,90,\N,\N,\N,OK,2017-07-26 00:00:00
movie,25973,93,\N,\N,\N,OK,2017-07-26 00:00:00
movie,25983,95,\N,\N,\N,OK,2017-07-26 00:00:00
movie,25985,97,\N,\N,\N,OK,2017-07-26 00:00:00
movie,26011,96,\N,\N,\N,OK,2017-07-26 00:00:00
movie,26022,145,\N,\N,\N,OK,2017-07-26 00:00:00
movie,26030,98,\N,\N,\N,OK,2017-07-26 00:00:00
movie,26038,111,\N,\N,\N,OK,2017-07-26 00:00:00
movie,26039,92,\N,\N,\N,OK,2017-07-26 00:00:00
movie,26044,113,\N,\N,\N,OK,2017-07-26 00:00:00
movie,26056,113,\N,\N,\N,OK,2017-07-26 00:00:00
movie,26108,106,\N,\N,\N,OK,2017-07-26 00:00:00
movie,26123,93,\N,\N,\N,OK,2017-07-26 00:00:00
movie,26133,89,\N,\N,\N,OK,2017-07-26 00:00:00
movie,26141,91,\N,\N,\N,OK,2017-07-26 00:00:00
movie,26142,122,\N,\N,\N,OK,2017-07-26 00:00:00
movie,26149,124,\N,\N,\N,OK,2017-07-26 00:00:00
movie,26156,98,\N,\N,\N,OK,2017-07-26 00:00:00
movie,26180,101,\N,\N,\N,OK,2017-07-26 00:00:00
movie,26190,89,\N,\N,\N,OK,2017-07-26 00:00:00
movie,26195,104,\N,\N,\N,OK,2017-07-26 00:00:00
movie,26203,106,\N,\N,\N,OK,2017-07-26 00:00:00
movie,26235,105,\N,\N,\N,OK,2017-07-26 00:00:00
movie,26252,94,\N,\N,\N,OK,2017-07-26 00:00:00
movie,26254,90,\N,\N,\N,OK,2017-07-26 00:00:00
movie,26255,97,\N,\N,\N,OK,2017-07-26 00:00:00
movie,26258,90,\N,\N,\N,OK,2017-07-26 00:00:00
movie,26261,93,\N,\N,\N,OK,2017-07-26 00:00:00
movie,26263,99,\N,\N,\N,OK,2017-07-26 00:00:00
movie,26269,94,\N,\N,\N,OK,2017-07-26 00:00:00
movie,26271,95,\N,\N,\N,OK,2017-07-26 00:00:00
movie,26280,96,\N,\N,\N,OK,2017-07-26 00:00:00
movie,26290,107,\N,\N,\N,OK,2017-07-26 00:00:00
movie,26291,87,\N,\N,\N,OK,2017-07-26 00:00:00
movie,26306,106,\N,\N,\N,OK,2017-07-26 00:00:00
movie,26317,68,\N,\N,\N,OK,2017-07-26 00:00:00
movie,26319,112,\N,\N,\N,OK,2017-07-26 00:00:00
movie,26320,120,\N,\N,\N,OK,2017-07-26 00:00:00
movie,26332,114,\N,\N,\N,OK,2017-07-26 00:00:00
movie,26333,102,\N,\N,\N,OK,2017-07-26 00:00:00
movie,26352,100,\N,\N,\N,OK,2017-07-26 00:00:00
movie,26355,98,\N,\N,\N,OK,2017-07-26 00:00:00
movie,26367,113,\N,\N,\N,OK,2017-07-26 00:00:00
movie,26371,134,\N,\N,\N,OK,2017-07-26 00:00:00
movie,26372,103,\N,\N,\N,OK,2017-07-26 00:00:00
movie,26386,95,\N,\N,\N,OK,2017-07-26 00:00:00
movie,26388,94,\N,\N,\N,OK,2017-07-26 00:00:00
movie,26389,92,\N,\N,\N,OK,2017-07-26 00:00:00
movie,26390,133,\N,\N,\N,OK,2017-07-26 00:00:00
movie,26391,80,\N,\N,\N,OK,2017-07-26 00:00:00
movie,26397,680,\N,\N,\N,OK,2017-07-26 00:00:00
movie,26408,96,\N,\N,\N,OK,2017-07-26 00:00:00
movie,26422,126,\N,\N,\N,OK,2017-07-26 00:00:00
movie,26428,127,\N,\N,\N,OK,2017-07-26 00:00:00
movie,26441,100,\N,\N,\N,OK,2017-07-26 00:00:00
movie,26451,115,\N,\N,\N,OK,2017-07-26 00:00:00
movie,26466,99,\N,\N,\N,OK,2017-07-26 00:00:00
movie,26475,115,\N,\N,\N,OK,2017-07-26 00:00:00
movie,26477,92,\N,\N,\N,OK,2017-07-26 00:00:00
movie,26483,98,\N,\N,\N,OK,2017-07-26 00:00:00
movie,26515,86,\N,\N,\N,OK,2017-07-26 00:00:00
movie,26516,101,\N,\N,\N,OK,2017-07-26 00:00:00
movie,26517,95,\N,\N,\N,OK,2017-07-26 00:00:00
movie,26520,101,\N,\N,\N,OK,2017-07-26 00:00:00
movie,26522,101,\N,\N,\N,OK,2017-07-26 00:00:00
movie,26531,93,\N,\N,\N,OK,2017-07-26 00:00:00
movie,26535,93,\N,\N,\N,OK,2017-07-26 00:00:00
movie,26554,85,\N,\N,\N,OK,2017-07-26 00:00:00
movie,26555,96,\N,\N,\N,OK,2017-07-26 00:00:00
movie,26560,103,\N,\N,\N,OK,2017-07-26 00:00:00
movie,26561,89,\N,\N,\N,OK,2017-07-26 00:00:00
movie,26564,119,\N,\N,\N,OK,2017-07-26 00:00:00
movie,26573,88,\N,\N,\N,OK,2017-07-26 00:00:00
movie,26578,132,\N,\N,\N,OK,2017-07-26 00:00:00
movie,26580,102,\N,\N,\N,OK,2017-07-26 00:00:00
movie,26602,108,\N,\N,\N,OK,2017-07-26 00:00:00
movie,26606,101,\N,\N,\N,OK,2017-07-26 00:00:00
movie,26610,96,\N,\N,\N,OK,2017-07-26 00:00:00
movie,26617,98,\N,\N,\N,OK,2017-07-26 00:00:00
movie,26618,104,\N,\N,\N,OK,2017-07-26 00:00:00
movie,26623,87,\N,\N,\N,OK,2017-07-26 00:00:00
movie,26626,100,\N,\N,\N,OK,2017-07-26 00:00:00
movie,26648,118,\N,\N,\N,OK,2017-07-26 00:00:00
movie,26670,101,\N,\N,\N,OK,2017-07-26 00:00:00
movie,26689,91,\N,\N,\N,OK,2017-07-26 00:00:00
movie,26702,95,\N,\N,\N,OK,2017-07-26 00:00:00
movie,26719,102,\N,\N,\N,OK,2017-07-26 00:00:00
movie,26736,94,\N,\N,\N,OK,2017-07-26 00:00:00
movie,26748,135,\N,\N,\N,OK,2017-07-26 00:00:00
movie,26755,104,\N,\N,\N,OK,2017-07-26 00:00:00
movie,26763,84,\N,\N,\N,OK,2017-07-26 00:00:00
movie,26766,85,\N,\N,\N,OK,2017-07-26 00:00:00
movie,26787,186,\N,\N,\N,OK,2017-07-26 00:00:00
movie,26789,106,\N,\N,\N,OK,2017-07-26 00:00:00
movie,26791,119,\N,\N,\N,OK,2017-07-26 00:00:00
movie,26797,62,\N,\N,\N,OK,2017-07-26 00:00:00
movie,26810,89,\N,\N,\N,OK,2017-07-26 00:00:00
movie,26811,98,\N,\N,\N,OK,2017-07-26 00:00:00
movie,26813,108,\N,\N,\N,OK,2017-07-26 00:00:00
movie,26815,156,\N,\N,\N,OK,2017-07-26 00:00:00
movie,26827,92,\N,\N,\N,OK,2017-07-26 00:00:00
movie,26851,86,\N,\N,\N,OK,2017-07-26 00:00:00
movie,26889,108,\N,\N,\N,OK,2017-07-26 00:00:00
movie,26890,103,\N,\N,\N,OK,2017-07-26 00:00:00
movie,26899,94,\N,\N,\N,OK,2017-07-26 00:00:00
movie,26912,97,\N,\N,\N,OK,2017-07-26 00:00:00
movie,26914,95,\N,\N,\N,OK,2017-07-26 00:00:00
movie,26933,115,\N,\N,\N,OK,2017-07-26 00:00:00
movie,26941,119,\N,\N,\N,OK,2017-07-26 00:00:00
movie,26942,87,\N,\N,\N,OK,2017-07-26 00:00:00
movie,26946,62,\N,\N,\N,OK,2017-07-26 00:00:00
movie,26949,113,\N,\N,\N,OK,2017-07-26 00:00:00
movie,26953,85,\N,\N,\N,OK,2017-07-26 00:00:00
movie,26954,88,\N,\N,\N,OK,2017-07-26 00:00:00
movie,26955,132,\N,\N,\N,OK,2017-07-26 00:00:00
movie,26956,86,\N,\N,\N,OK,2017-07-26 00:00:00
movie,26957,79,\N,\N,\N,OK,2017-07-26 00:00:00
movie,26958,82,\N,\N,\N,OK,2017-07-26 00:00:00
movie,26963,75,\N,\N,\N,OK,2017-07-26 00:00:00
movie,26976,99,\N,\N,\N,OK,2017-07-26 00:00:00
movie,26978,90,\N,\N,\N,OK,2017-07-26 00:00:00
movie,27004,108,\N,\N,\N,OK,2017-07-26 00:00:00
movie,27022,109,\N,\N,\N,OK,2017-07-26 00:00:00
movie,27031,128,\N,\N,\N,OK,2017-07-26 00:00:00
movie,27033,116,\N,\N,\N,OK,2017-07-26 00:00:00
movie,27036,99,\N,\N,\N,OK,2017-07-26 00:00:00
movie,27040,14,\N,\N,\N,OK,2017-07-26 00:00:00
movie,27070,86,\N,\N,\N,OK,2017-07-26 00:00:00
movie,27085,90,\N,\N,\N,OK,2017-07-26 00:00:00
movie,27094,111,\N,\N,\N,OK,2017-07-26 00:00:00
movie,27103,88,\N,\N,\N,OK,2017-07-26 00:00:00
movie,27104,94,\N,\N,\N,OK,2017-07-26 00:00:00
movie,27130,69,\N,\N,\N,OK,2017-07-26 00:00:00
movie,27134,80,\N,\N,\N,OK,2017-07-26 00:00:00
movie,27141,127,\N,\N,\N,OK,2017-07-26 00:00:00
movie,27171,90,\N,\N,\N,OK,2017-07-26 00:00:00
movie,27190,55,\N,\N,\N,OK,2017-07-26 00:00:00
movie,27205,148,\N,\N,\N,OK,2017-07-26 00:00:00
movie,27214,105,\N,\N,\N,OK,2017-07-26 00:00:00
movie,27223,91,\N,\N,\N,OK,2017-07-26 00:00:00
movie,27260,87,\N,\N,\N,OK,2017-07-26 00:00:00
movie,27265,104,\N,\N,\N,OK,2017-07-26 00:00:00
movie,27281,107,\N,\N,\N,OK,2017-07-26 00:00:00
movie,27286,90,\N,\N,\N,OK,2017-07-26 00:00:00
movie,27295,88,\N,\N,\N,OK,2017-07-26 00:00:00
movie,27303,103,\N,\N,\N,OK,2017-07-26 00:00:00
movie,27317,63,\N,\N,\N,OK,2017-07-26 00:00:00
movie,27322,104,\N,\N,\N,OK,2017-07-26 00:00:00
movie,27324,118,\N,\N,\N,OK,2017-07-26 00:00:00
movie,27327,92,\N,\N,\N,OK,2017-07-26 00:00:00
movie,27329,185,\N,\N,\N,OK,2017-07-26 00:00:00
movie,27331,111,\N,\N,\N,OK,2017-07-26 00:00:00
movie,27332,103,\N,\N,\N,OK,2017-07-26 00:00:00
movie,27352,101,\N,\N,\N,OK,2017-07-26 00:00:00
movie,27360,95,\N,\N,\N,OK,2017-07-26 00:00:00
movie,27362,118,\N,\N,\N,OK,2017-07-26 00:00:00
movie,27367,134,\N,\N,\N,OK,2017-07-26 00:00:00
movie,27390,80,\N,\N,\N,OK,2017-07-26 00:00:00
movie,27397,97,\N,\N,\N,OK,2017-07-26 00:00:00
movie,27412,75,\N,\N,\N,OK,2017-07-26 00:00:00
movie,27414,79,\N,\N,\N,OK,2017-07-26 00:00:00
movie,27418,108,\N,\N,\N,OK,2017-07-26 00:00:00
movie,27430,94,\N,\N,\N,OK,2017-07-26 00:00:00
movie,27431,110,\N,\N,\N,OK,2017-07-26 00:00:00
movie,27437,95,\N,\N,\N,OK,2017-07-26 00:00:00
movie,27444,84,\N,\N,\N,OK,2017-07-26 00:00:00
movie,27451,99,\N,\N,\N,OK,2017-07-26 00:00:00
movie,27452,83,\N,\N,\N,OK,2017-07-26 00:00:00
movie,27458,96,\N,\N,\N,OK,2017-07-26 00:00:00
movie,27459,110,\N,\N,\N,OK,2017-07-26 00:00:00
movie,27460,120,\N,\N,\N,OK,2017-07-26 00:00:00
movie,27461,127,\N,\N,\N,OK,2017-07-26 00:00:00
movie,27472,97,\N,\N,\N,OK,2017-07-26 00:00:00
movie,27475,77,\N,\N,\N,OK,2017-07-26 00:00:00
movie,27526,111,\N,\N,\N,OK,2017-07-26 00:00:00
movie,27545,73,\N,\N,\N,OK,2017-07-26 00:00:00
movie,27569,105,\N,\N,\N,OK,2017-07-26 00:00:00
movie,27573,110,\N,\N,\N,OK,2017-07-26 00:00:00
movie,27576,100,\N,\N,\N,OK,2017-07-26 00:00:00
movie,27578,103,\N,\N,\N,OK,2017-07-26 00:00:00
movie,27579,104,\N,\N,\N,OK,2017-07-26 00:00:00
movie,27581,107,\N,\N,\N,OK,2017-07-26 00:00:00
movie,27582,93,\N,\N,\N,OK,2017-07-26 00:00:00
movie,27583,107,\N,\N,\N,OK,2017-07-26 00:00:00
movie,27584,99,\N,\N,\N,OK,2017-07-26 00:00:00
movie,27585,91,\N,\N,\N,OK,2017-07-26 00:00:00
movie,27586,106,\N,\N,\N,OK,2017-07-26 00:00:00
movie,27590,101,\N,\N,\N,OK,2017-07-26 00:00:00
movie,27591,90,\N,\N,\N,OK,2017-07-26 00:00:00
movie,27593,104,\N,\N,\N,OK,2017-07-26 00:00:00
movie,27646,93,\N,\N,\N,OK,2017-07-26 00:00:00
movie,27651,81,\N,\N,\N,OK,2017-07-26 00:00:00
movie,27655,118,\N,\N,\N,OK,2017-07-26 00:00:00
movie,27678,107,\N,\N,\N,OK,2017-07-26 00:00:00
movie,27719,98,\N,\N,\N,OK,2017-07-26 00:00:00
movie,27723,95,\N,\N,\N,OK,2017-07-26 00:00:00
movie,27725,100,\N,\N,\N,OK,2017-07-26 00:00:00
movie,27745,108,\N,\N,\N,OK,2017-07-26 00:00:00
movie,27764,75,\N,\N,\N,OK,2017-07-26 00:00:00
movie,27767,87,\N,\N,\N,OK,2017-07-26 00:00:00
movie,27768,25,\N,\N,\N,OK,2017-07-26 00:00:00
movie,27791,86,\N,\N,\N,OK,2017-07-26 00:00:00
movie,27793,95,\N,\N,\N,OK,2017-07-26 00:00:00
movie,27804,116,\N,\N,\N,OK,2017-07-26 00:00:00
movie,27813,91,\N,\N,\N,OK,2017-07-26 00:00:00
movie,27834,88,\N,\N,\N,OK,2017-07-26 00:00:00
movie,27841,98,\N,\N,\N,OK,2017-07-26 00:00:00
movie,27845,95,\N,\N,\N,OK,2017-07-26 00:00:00
movie,27850,81,\N,\N,\N,OK,2017-07-26 00:00:00
movie,27854,170,\N,\N,\N,OK,2017-07-26 00:00:00
movie,27861,92,\N,\N,\N,OK,2017-07-26 00:00:00
movie,27866,72,\N,\N,\N,OK,2017-07-26 00:00:00
movie,27899,79,\N,\N,\N,OK,2017-07-26 00:00:00
movie,27924,89,\N,\N,\N,OK,2017-07-26 00:00:00
movie,27930,133,\N,\N,\N,OK,2017-07-26 00:00:00
movie,27932,107,\N,\N,\N,OK,2017-07-26 00:00:00
movie,27934,290,\N,\N,\N,OK,2017-07-26 00:00:00
movie,27935,137,\N,\N,\N,OK,2017-07-26 00:00:00
movie,27936,100,\N,\N,\N,OK,2017-07-26 00:00:00
movie,27937,142,\N,\N,\N,OK,2017-07-26 00:00:00
movie,27940,90,\N,\N,\N,OK,2017-07-26 00:00:00
movie,27945,111,\N,\N,\N,OK,2017-07-26 00:00:00
movie,27972,104,\N,\N,\N,OK,2017-07-26 00:00:00
movie,27983,111,\N,\N,\N,OK,2017-07-26 00:00:00
movie,27985,87,\N,\N,\N,OK,2017-07-26 00:00:00
movie,27993,91,\N,\N,\N,OK,2017-07-26 00:00:00
movie,27995,84,\N,\N,\N,OK,2017-07-26 00:00:00
movie,28005,117,\N,\N,\N,OK,2017-07-26 00:00:00
movie,28026,104,\N,\N,\N,OK,2017-07-26 00:00:00
movie,28029,107,\N,\N,\N,OK,2017-07-26 00:00:00
movie,28030,87,\N,\N,\N,OK,2017-07-26 00:00:00
movie,28031,96,\N,\N,\N,OK,2017-07-26 00:00:00
movie,28032,87,\N,\N,\N,OK,2017-07-26 00:00:00
movie,28033,95,\N,\N,\N,OK,2017-07-26 00:00:00
movie,28039,102,\N,\N,\N,OK,2017-07-26 00:00:00
movie,28043,92,\N,\N,\N,OK,2017-07-26 00:00:00
movie,28053,104,\N,\N,\N,OK,2017-07-26 00:00:00
movie,28059,121,\N,\N,\N,OK,2017-07-26 00:00:00
movie,28070,83,\N,\N,\N,OK,2017-07-26 00:00:00
movie,28089,113,\N,\N,\N,OK,2017-07-26 00:00:00
movie,28090,90,\N,\N,\N,OK,2017-07-26 00:00:00
movie,28117,96,\N,\N,\N,OK,2017-07-26 00:00:00
movie,28120,86,\N,\N,\N,OK,2017-07-26 00:00:00
movie,28121,108,\N,\N,\N,OK,2017-07-26 00:00:00
movie,28124,102,\N,\N,\N,OK,2017-07-26 00:00:00
movie,28134,101,\N,\N,\N,OK,2017-07-26 00:00:00
movie,28145,129,\N,\N,\N,OK,2017-07-26 00:00:00
movie,28156,84,\N,\N,\N,OK,2017-07-26 00:00:00
movie,28165,96,\N,\N,\N,OK,2017-07-26 00:00:00
movie,28169,102,\N,\N,\N,OK,2017-07-26 00:00:00
movie,28171,85,\N,\N,\N,OK,2017-07-26 00:00:00
movie,28172,67,\N,\N,\N,OK,2017-07-26 00:00:00
movie,28176,110,\N,\N,\N,OK,2017-07-26 00:00:00
movie,28178,93,\N,\N,\N,OK,2017-07-26 00:00:00
movie,28198,97,\N,\N,\N,OK,2017-07-26 00:00:00
movie,28200,109,\N,\N,\N,OK,2017-07-26 00:00:00
movie,28205,99,\N,\N,\N,OK,2017-07-26 00:00:00
movie,28211,96,\N,\N,\N,OK,2017-07-26 00:00:00
movie,28216,91,\N,\N,\N,OK,2017-07-26 00:00:00
movie,28219,108,\N,\N,\N,OK,2017-07-26 00:00:00
movie,28257,80,\N,\N,\N,OK,2017-07-26 00:00:00
movie,28285,91,\N,\N,\N,OK,2017-07-26 00:00:00
movie,28288,107,\N,\N,\N,OK,2017-07-26 00:00:00
movie,28292,110,\N,\N,\N,OK,2017-07-26 00:00:00
movie,28293,89,\N,\N,\N,OK,2017-07-26 00:00:00
movie,28295,82,\N,\N,\N,OK,2017-07-26 00:00:00
movie,28313,106,\N,\N,\N,OK,2017-07-26 00:00:00
movie,28345,88,\N,\N,\N,OK,2017-07-26 00:00:00
movie,28349,90,\N,\N,\N,OK,2017-07-26 00:00:00
movie,28355,109,\N,\N,\N,OK,2017-07-26 00:00:00
movie,28368,111,\N,\N,\N,OK,2017-07-26 00:00:00
movie,28370,105,\N,\N,\N,OK,2017-07-26 00:00:00
movie,28377,101,\N,\N,\N,OK,2017-07-26 00:00:00
movie,28384,108,\N,\N,\N,OK,2017-07-26 00:00:00
movie,28387,96,\N,\N,\N,OK,2017-07-26 00:00:00
movie,28421,81,\N,\N,\N,OK,2017-07-26 00:00:00
movie,28422,237,\N,\N,\N,OK,2017-07-26 00:00:00
movie,28448,94,\N,\N,\N,OK,2017-07-26 00:00:00
movie,28463,125,\N,\N,\N,OK,2017-07-26 00:00:00
movie,28469,60,\N,\N,\N,OK,2017-07-26 00:00:00
movie,28476,90,\N,\N,\N,OK,2017-07-26 00:00:00
movie,28500,87,\N,\N,\N,OK,2017-07-26 00:00:00
movie,28501,80,\N,\N,\N,OK,2017-07-26 00:00:00
movie,28519,104,\N,\N,\N,OK,2017-07-26 00:00:00
movie,28528,109,\N,\N,\N,OK,2017-07-26 00:00:00
movie,28569,124,\N,\N,\N,OK,2017-07-26 00:00:00
movie,28571,115,\N,\N,\N,OK,2017-07-26 00:00:00
movie,28577,120,\N,\N,\N,OK,2017-07-26 00:00:00
movie,28580,101,\N,\N,\N,OK,2017-07-26 00:00:00
movie,28586,75,\N,\N,\N,OK,2017-07-26 00:00:00
movie,28597,90,\N,\N,\N,OK,2017-07-26 00:00:00
movie,28605,89,\N,\N,\N,OK,2017-07-26 00:00:00
movie,28609,45,\N,\N,\N,OK,2017-07-26 00:00:00
movie,28638,118,\N,\N,\N,OK,2017-07-26 00:00:00
movie,28650,91,\N,\N,\N,OK,2017-07-26 00:00:00
movie,28658,88,\N,\N,\N,OK,2017-07-26 00:00:00
movie,28696,79,\N,\N,\N,OK,2017-07-26 00:00:00
movie,28736,90,\N,\N,\N,OK,2017-07-26 00:00:00
movie,28737,96,\N,\N,\N,OK,2017-07-26 00:00:00
movie,28761,112,\N,\N,\N,OK,2017-07-26 00:00:00
movie,28774,103,\N,\N,\N,OK,2017-07-26 00:00:00
movie,28874,114,\N,\N,\N,OK,2017-07-26 00:00:00
movie,28893,81,\N,\N,\N,OK,2017-07-26 00:00:00
movie,28902,100,\N,\N,\N,OK,2017-07-26 00:00:00
movie,28907,102,\N,\N,\N,OK,2017-07-26 00:00:00
movie,28941,77,\N,\N,\N,OK,2017-07-26 00:00:00
movie,28942,92,\N,\N,\N,OK,2017-07-26 00:00:00
movie,28963,149,\N,\N,\N,OK,2017-07-26 00:00:00
movie,28971,137,\N,\N,\N,OK,2017-07-26 00:00:00
movie,28973,110,\N,\N,\N,OK,2017-07-26 00:00:00
movie,28974,78,\N,\N,\N,OK,2017-07-26 00:00:00
movie,28978,71,\N,\N,\N,OK,2017-07-26 00:00:00
movie,29005,120,\N,\N,\N,OK,2017-07-26 00:00:00
movie,29047,93,\N,\N,\N,OK,2017-07-26 00:00:00
movie,29049,91,\N,\N,\N,OK,2017-07-26 00:00:00
movie,29064,100,\N,\N,\N,OK,2017-07-26 00:00:00
movie,29076,101,\N,\N,\N,OK,2017-07-26 00:00:00
movie,29084,92,\N,\N,\N,OK,2017-07-26 00:00:00
movie,29122,103,\N,\N,\N,OK,2017-07-26 00:00:00
movie,29135,102,\N,\N,\N,OK,2017-07-26 00:00:00
movie,29136,120,\N,\N,\N,OK,2017-07-26 00:00:00
movie,29143,104,\N,\N,\N,OK,2017-07-26 00:00:00
movie,29146,103,\N,\N,\N,OK,2017-07-26 00:00:00
movie,29154,103,\N,\N,\N,OK,2017-07-26 00:00:00
movie,29159,92,\N,\N,\N,OK,2017-07-26 00:00:00
movie,29161,116,\N,\N,\N,OK,2017-07-26 00:00:00
movie,29185,113,\N,\N,\N,OK,2017-07-26 00:00:00
movie,29193,110,\N,\N,\N,OK,2017-07-26 00:00:00
movie,29204,96,\N,\N,\N,OK,2017-07-26 00:00:00
movie,29228,91,\N,\N,\N,OK,2017-07-26 00:00:00
movie,29251,96,\N,\N,\N,OK,2017-07-26 00:00:00
movie,29259,132,\N,\N,\N,OK,2017-07-26 00:00:00
movie,29263,112,\N,\N,\N,OK,2017-07-26 00:00:00
movie,29264,95,\N,\N,\N,OK,2017-07-26 00:00:00
movie,29339,132,\N,\N,\N,OK,2017-07-26 00:00:00
movie,29343,80,\N,\N,\N,OK,2017-07-26 00:00:00
movie,29355,106,\N,\N,\N,OK,2017-07-26 00:00:00
movie,29371,94,\N,\N,\N,OK,2017-07-26 00:00:00
movie,29372,102,\N,\N,\N,OK,2017-07-26 00:00:00
movie,29376,112,\N,\N,\N,OK,2017-07-26 00:00:00
movie,29380,107,\N,\N,\N,OK,2017-07-26 00:00:00
movie,29398,97,\N,\N,\N,OK,2017-07-26 00:00:00
movie,29419,86,\N,\N,\N,OK,2017-07-26 00:00:00
movie,29425,103,\N,\N,\N,OK,2017-07-26 00:00:00
movie,29426,90,\N,\N,\N,OK,2017-07-26 00:00:00
movie,29427,101,\N,\N,\N,OK,2017-07-26 00:00:00
movie,29444,96,\N,\N,\N,OK,2017-07-26 00:00:00
movie,29453,101,\N,\N,\N,OK,2017-07-26 00:00:00
movie,29455,81,\N,\N,\N,OK,2017-07-26 00:00:00
movie,29461,114,\N,\N,\N,OK,2017-07-26 00:00:00
movie,29478,128,\N,\N,\N,OK,2017-07-26 00:00:00
movie,29492,94,\N,\N,\N,OK,2017-07-26 00:00:00
movie,29515,110,\N,\N,\N,OK,2017-07-26 00:00:00
movie,29538,140,\N,\N,\N,OK,2017-07-26 00:00:00
movie,29564,86,\N,\N,\N,OK,2017-07-26 00:00:00
movie,29572,96,\N,\N,\N,OK,2017-07-26 00:00:00
movie,29578,113,\N,\N,\N,OK,2017-07-26 00:00:00
movie,29587,70,\N,\N,\N,OK,2017-07-26 00:00:00
movie,29592,122,\N,\N,\N,OK,2017-07-26 00:00:00
movie,29595,98,\N,\N,\N,OK,2017-07-26 00:00:00
movie,29621,94,\N,\N,\N,OK,2017-07-26 00:00:00
movie,29649,99,\N,\N,\N,OK,2017-07-26 00:00:00
movie,29702,110,\N,\N,\N,OK,2017-07-26 00:00:00
movie,29715,123,\N,\N,\N,OK,2017-07-26 00:00:00
movie,29740,93,\N,\N,\N,OK,2017-07-26 00:00:00
movie,29743,97,\N,\N,\N,OK,2017-07-26 00:00:00
movie,29756,85,\N,\N,\N,OK,2017-07-26 00:00:00
movie,29786,119,\N,\N,\N,OK,2017-07-26 00:00:00
movie,29787,113,\N,\N,\N,OK,2017-07-26 00:00:00
movie,29794,91,\N,\N,\N,OK,2017-07-26 00:00:00
movie,29825,105,\N,\N,\N,OK,2017-07-26 00:00:00
movie,29845,155,\N,\N,\N,OK,2017-07-26 00:00:00
movie,29911,99,\N,\N,\N,OK,2017-07-26 00:00:00
movie,29917,101,\N,\N,\N,OK,2017-07-26 00:00:00
movie,29918,94,\N,\N,\N,OK,2017-07-26 00:00:00
movie,29920,124,\N,\N,\N,OK,2017-07-26 00:00:00
movie,29937,120,\N,\N,\N,OK,2017-07-26 00:00:00
movie,29946,130,\N,\N,\N,OK,2017-07-26 00:00:00
movie,29963,119,\N,\N,\N,OK,2017-07-26 00:00:00
movie,29968,118,\N,\N,\N,OK,2017-07-26 00:00:00
movie,29973,128,\N,\N,\N,OK,2017-07-26 00:00:00
movie,29987,106,\N,\N,\N,OK,2017-07-26 00:00:00
movie,30018,128,\N,\N,\N,OK,2017-07-26 00:00:00
movie,30020,95,\N,\N,\N,OK,2017-07-26 00:00:00
movie,30055,102,\N,\N,\N,OK,2017-07-26 00:00:00
movie,30061,75,\N,\N,\N,OK,2017-07-26 00:00:00
movie,30062,91,\N,\N,\N,OK,2017-07-26 00:00:00
movie,30068,77,\N,\N,\N,OK,2017-07-26 00:00:00
movie,30072,102,\N,\N,\N,OK,2017-07-26 00:00:00
movie,30080,149,\N,\N,\N,OK,2017-07-26 00:00:00
movie,30114,107,\N,\N,\N,OK,2017-07-26 00:00:00
movie,30140,90,\N,\N,\N,OK,2017-07-26 00:00:00
movie,30157,105,\N,\N,\N,OK,2017-07-26 00:00:00
movie,30159,95,\N,\N,\N,OK,2017-07-26 00:00:00
movie,30163,95,\N,\N,\N,OK,2017-07-26 00:00:00
movie,30168,80,\N,\N,\N,OK,2017-07-26 00:00:00
movie,30178,72,\N,\N,\N,OK,2017-07-26 00:00:00
movie,30180,84,\N,\N,\N,OK,2017-07-26 00:00:00
movie,30192,116,\N,\N,\N,OK,2017-07-26 00:00:00
movie,30194,118,\N,\N,\N,OK,2017-07-26 00:00:00
movie,30197,88,\N,\N,\N,OK,2017-07-26 00:00:00
movie,30202,90,\N,\N,\N,OK,2017-07-26 00:00:00
movie,30237,104,\N,\N,\N,OK,2017-07-26 00:00:00
movie,30238,95,\N,\N,\N,OK,2017-07-26 00:00:00
movie,30265,99,\N,\N,\N,OK,2017-07-26 00:00:00
movie,30266,105,\N,\N,\N,OK,2017-07-26 00:00:00
movie,30295,118,\N,\N,\N,OK,2017-07-26 00:00:00
movie,30296,99,\N,\N,\N,OK,2017-07-26 00:00:00
movie,30304,94,\N,\N,\N,OK,2017-07-26 00:00:00
movie,30309,86,\N,\N,\N,OK,2017-07-26 00:00:00
movie,30330,95,\N,\N,\N,OK,2017-07-26 00:00:00
movie,30341,98,\N,\N,\N,OK,2017-07-26 00:00:00
movie,30346,77,\N,\N,\N,OK,2017-07-26 00:00:00
movie,30352,98,\N,\N,\N,OK,2017-07-26 00:00:00
movie,30365,122,\N,\N,\N,OK,2017-07-26 00:00:00
movie,30368,122,\N,\N,\N,OK,2017-07-26 00:00:00
movie,30416,141,\N,\N,\N,OK,2017-07-26 00:00:00
movie,30421,98,\N,\N,\N,OK,2017-07-26 00:00:00
movie,30459,94,\N,\N,\N,OK,2017-07-26 00:00:00
movie,30497,83,\N,\N,\N,OK,2017-07-26 00:00:00
movie,30500,93,\N,\N,\N,OK,2017-07-26 00:00:00
movie,30502,86,\N,\N,\N,OK,2017-07-26 00:00:00
movie,30506,94,\N,\N,\N,OK,2017-07-26 00:00:00
movie,30508,105,\N,\N,\N,OK,2017-07-26 00:00:00
movie,30527,112,\N,\N,\N,OK,2017-07-26 00:00:00
movie,30547,121,\N,\N,\N,OK,2017-07-26 00:00:00
movie,30588,124,\N,\N,\N,OK,2017-07-26 00:00:00
movie,30618,118,\N,\N,\N,OK,2017-07-26 00:00:00
movie,30675,81,\N,\N,\N,OK,2017-07-26 00:00:00
movie,30685,90,\N,\N,\N,OK,2017-07-26 00:00:00
movie,30709,113,\N,\N,\N,OK,2017-07-26 00:00:00
movie,30718,118,\N,\N,\N,OK,2017-07-26 00:00:00
movie,30765,81,\N,\N,\N,OK,2017-07-26 00:00:00
movie,30789,93,\N,\N,\N,OK,2017-07-26 00:00:00
movie,30815,104,\N,\N,\N,OK,2017-07-26 00:00:00
movie,30844,90,\N,\N,\N,OK,2017-07-26 00:00:00
movie,30856,85,\N,\N,\N,OK,2017-07-26 00:00:00
movie,30863,81,\N,\N,\N,OK,2017-07-26 00:00:00
movie,30890,90,\N,\N,\N,OK,2017-07-26 00:00:00
movie,30892,154,\N,\N,\N,OK,2017-07-26 00:00:00
movie,30924,102,\N,\N,\N,OK,2017-07-26 00:00:00
movie,30943,106,\N,\N,\N,OK,2017-07-26 00:00:00
movie,30948,102,\N,\N,\N,OK,2017-07-26 00:00:00
movie,30949,114,\N,\N,\N,OK,2017-07-26 00:00:00
movie,30950,105,\N,\N,\N,OK,2017-07-26 00:00:00
movie,30959,183,\N,\N,\N,OK,2017-07-26 00:00:00
movie,30963,98,\N,\N,\N,OK,2017-07-26 00:00:00
movie,30969,60,\N,\N,\N,OK,2017-07-26 00:00:00
movie,30983,720,\N,\N,\N,OK,2017-07-26 00:00:00
movie,31000,96,\N,\N,\N,OK,2017-07-26 00:00:00
movie,31005,117,\N,\N,\N,OK,2017-07-26 00:00:00
movie,31007,110,\N,\N,\N,OK,2017-07-26 00:00:00
movie,31011,156,\N,\N,\N,OK,2017-07-26 00:00:00
movie,31016,107,\N,\N,\N,OK,2017-07-26 00:00:00
movie,31023,96,\N,\N,\N,OK,2017-07-26 00:00:00
movie,31035,103,\N,\N,\N,OK,2017-07-26 00:00:00
movie,31037,130,\N,\N,\N,OK,2017-07-26 00:00:00
movie,31044,92,\N,\N,\N,OK,2017-07-26 00:00:00
movie,31052,121,\N,\N,\N,OK,2017-07-26 00:00:00
movie,31056,86,\N,\N,\N,OK,2017-07-26 00:00:00
movie,31059,85,\N,\N,\N,OK,2017-07-26 00:00:00
movie,31063,89,\N,\N,\N,OK,2017-07-26 00:00:00
movie,31064,84,\N,\N,\N,OK,2017-07-26 00:00:00
movie,31094,108,\N,\N,\N,OK,2017-07-26 00:00:00
movie,31102,134,\N,\N,\N,OK,2017-07-26 00:00:00
movie,31121,109,\N,\N,\N,OK,2017-07-26 00:00:00
movie,31139,159,\N,\N,\N,OK,2017-07-26 00:00:00
movie,31165,104,\N,\N,\N,OK,2017-07-26 00:00:00
movie,31174,104,\N,\N,\N,OK,2017-07-26 00:00:00
movie,31196,90,\N,\N,\N,OK,2017-07-26 00:00:00
movie,31206,128,\N,\N,\N,OK,2017-07-26 00:00:00
movie,31216,80,\N,\N,\N,OK,2017-07-26 00:00:00
movie,31217,208,\N,\N,\N,OK,2017-07-26 00:00:00
movie,31218,90,\N,\N,\N,OK,2017-07-26 00:00:00
movie,31220,94,\N,\N,\N,OK,2017-07-26 00:00:00
movie,31225,71,\N,\N,\N,OK,2017-07-26 00:00:00
movie,31246,90,\N,\N,\N,OK,2017-07-26 00:00:00
movie,31278,90,\N,\N,\N,OK,2017-07-26 00:00:00
movie,31299,112,\N,\N,\N,OK,2017-07-26 00:00:00
movie,31306,111,\N,\N,\N,OK,2017-07-26 00:00:00
movie,31337,98,\N,\N,\N,OK,2017-07-26 00:00:00
movie,31342,88,\N,\N,\N,OK,2017-07-26 00:00:00
movie,31357,127,\N,\N,\N,OK,2017-07-26 00:00:00
movie,31361,94,\N,\N,\N,OK,2017-07-26 00:00:00
movie,31397,87,\N,\N,\N,OK,2017-07-26 00:00:00
movie,31407,110,\N,\N,\N,OK,2017-07-26 00:00:00
movie,31417,90,\N,\N,\N,OK,2017-07-26 00:00:00
movie,31439,125,\N,\N,\N,OK,2017-07-26 00:00:00
movie,31442,95,\N,\N,\N,OK,2017-07-26 00:00:00
movie,31459,109,\N,\N,\N,OK,2017-07-26 00:00:00
movie,31503,85,\N,\N,\N,OK,2017-07-26 00:00:00
movie,31504,119,\N,\N,\N,OK,2017-07-26 00:00:00
movie,31510,143,\N,\N,\N,OK,2017-07-26 00:00:00
movie,31511,97,\N,\N,\N,OK,2017-07-26 00:00:00
movie,31514,104,\N,\N,\N,OK,2017-07-26 00:00:00
movie,31516,98,\N,\N,\N,OK,2017-07-26 00:00:00
movie,31522,84,\N,\N,\N,OK,2017-07-26 00:00:00
movie,31530,109,\N,\N,\N,OK,2017-07-26 00:00:00
movie,31535,95,\N,\N,\N,OK,2017-07-26 00:00:00
movie,31546,88,\N,\N,\N,OK,2017-07-26 00:00:00
movie,31582,112,\N,\N,\N,OK,2017-07-26 00:00:00
movie,31586,87,\N,\N,\N,OK,2017-07-26 00:00:00
movie,31593,105,\N,\N,\N,OK,2017-07-26 00:00:00
movie,31606,108,\N,\N,\N,OK,2017-07-26 00:00:00
movie,31608,96,\N,\N,\N,OK,2017-07-26 00:00:00
movie,31611,89,\N,\N,\N,OK,2017-07-26 00:00:00
movie,31618,127,\N,\N,\N,OK,2017-07-26 00:00:00
movie,31634,57,\N,\N,\N,OK,2017-07-26 00:00:00
movie,31638,114,\N,\N,\N,OK,2017-07-26 00:00:00
movie,31640,101,\N,\N,\N,OK,2017-07-26 00:00:00
movie,31643,112,\N,\N,\N,OK,2017-07-26 00:00:00
movie,31646,84,\N,\N,\N,OK,2017-07-26 00:00:00
movie,31648,161,\N,\N,\N,OK,2017-07-26 00:00:00
movie,31650,106,\N,\N,\N,OK,2017-07-26 00:00:00
movie,31657,127,\N,\N,\N,OK,2017-07-26 00:00:00
movie,31662,114,\N,\N,\N,OK,2017-07-26 00:00:00
movie,31667,125,\N,\N,\N,OK,2017-07-26 00:00:00
movie,31674,109,\N,\N,\N,OK,2017-07-26 00:00:00
movie,31679,103,\N,\N,\N,OK,2017-07-26 00:00:00
movie,31681,103,\N,\N,\N,OK,2017-07-26 00:00:00
movie,31682,81,\N,\N,\N,OK,2017-07-26 00:00:00
movie,31685,116,\N,\N,\N,OK,2017-07-26 00:00:00
movie,31692,99,\N,\N,\N,OK,2017-07-26 00:00:00
movie,31701,110,\N,\N,\N,OK,2017-07-26 00:00:00
movie,31723,92,\N,\N,\N,OK,2017-07-26 00:00:00
movie,31773,98,\N,\N,\N,OK,2017-07-26 00:00:00
movie,31776,89,\N,\N,\N,OK,2017-07-26 00:00:00
movie,31798,106,\N,\N,\N,OK,2017-07-26 00:00:00
movie,31805,82,\N,\N,\N,OK,2017-07-26 00:00:00
movie,31835,91,\N,\N,\N,OK,2017-07-26 00:00:00
movie,31867,111,\N,\N,\N,OK,2017-07-26 00:00:00
movie,31894,106,\N,\N,\N,OK,2017-07-26 00:00:00
movie,31900,130,\N,\N,\N,OK,2017-07-26 00:00:00
movie,31908,130,\N,\N,\N,OK,2017-07-26 00:00:00
movie,31911,98,\N,\N,\N,OK,2017-07-26 00:00:00
movie,31918,126,\N,\N,\N,OK,2017-07-26 00:00:00
movie,31924,102,\N,\N,\N,OK,2017-07-26 00:00:00
movie,31941,126,\N,\N,\N,OK,2017-07-26 00:00:00
movie,31947,105,\N,\N,\N,OK,2017-07-26 00:00:00
movie,31962,132,\N,\N,\N,OK,2017-07-26 00:00:00
movie,31965,86,\N,\N,\N,OK,2017-07-26 00:00:00
movie,31967,84,\N,\N,\N,OK,2017-07-26 00:00:00
movie,31981,58,\N,\N,\N,OK,2017-07-26 00:00:00
movie,31995,108,\N,\N,\N,OK,2017-07-26 00:00:00
movie,31997,108,\N,\N,\N,OK,2017-07-26 00:00:00
movie,32030,106,\N,\N,\N,OK,2017-07-26 00:00:00
movie,32031,102,\N,\N,\N,OK,2017-07-26 00:00:00
movie,32043,92,\N,\N,\N,OK,2017-07-26 00:00:00
movie,32044,108,\N,\N,\N,OK,2017-07-26 00:00:00
movie,32054,113,\N,\N,\N,OK,2017-07-26 00:00:00
movie,32058,98,\N,\N,\N,OK,2017-07-26 00:00:00
movie,32059,97,\N,\N,\N,OK,2017-07-26 00:00:00
movie,32060,108,\N,\N,\N,OK,2017-07-26 00:00:00
movie,32068,102,\N,\N,\N,OK,2017-07-26 00:00:00
movie,32076,114,\N,\N,\N,OK,2017-07-26 00:00:00
movie,32081,121,\N,\N,\N,OK,2017-07-26 00:00:00
movie,32093,94,\N,\N,\N,OK,2017-07-26 00:00:00
movie,32119,90,\N,\N,\N,OK,2017-07-26 00:00:00
movie,32146,88,\N,\N,\N,OK,2017-07-26 00:00:00
movie,32206,93,\N,\N,\N,OK,2017-07-26 00:00:00
movie,32235,103,\N,\N,\N,OK,2017-07-26 00:00:00
movie,32250,70,\N,\N,\N,OK,2017-07-26 00:00:00
movie,32255,88,\N,\N,\N,OK,2017-07-26 00:00:00
movie,32274,132,\N,\N,\N,OK,2017-07-26 00:00:00
movie,32275,144,\N,\N,\N,OK,2017-07-26 00:00:00
movie,32284,90,\N,\N,\N,OK,2017-07-26 00:00:00
movie,32285,86,\N,\N,\N,OK,2017-07-26 00:00:00
movie,32294,94,\N,\N,\N,OK,2017-07-26 00:00:00
movie,32302,93,\N,\N,\N,OK,2017-07-26 00:00:00
movie,32303,97,\N,\N,\N,OK,2017-07-26 00:00:00
movie,32305,85,\N,\N,\N,OK,2017-07-26 00:00:00
movie,32308,94,\N,\N,\N,OK,2017-07-26 00:00:00
movie,32318,59,\N,\N,\N,OK,2017-07-26 00:00:00
movie,32325,92,\N,\N,\N,OK,2017-07-26 00:00:00
movie,32326,76,\N,\N,\N,OK,2017-07-26 00:00:00
movie,32331,98,\N,\N,\N,OK,2017-07-26 00:00:00
movie,32334,107,\N,\N,\N,OK,2017-07-26 00:00:00
movie,32407,87,\N,\N,\N,OK,2017-07-26 00:00:00
movie,32430,126,\N,\N,\N,OK,2017-07-26 00:00:00
movie,32456,84,\N,\N,\N,OK,2017-07-26 00:00:00
movie,32458,53,\N,\N,\N,OK,2017-07-26 00:00:00
movie,32488,117,\N,\N,\N,OK,2017-07-26 00:00:00
movie,32489,138,\N,\N,\N,OK,2017-07-26 00:00:00
movie,32499,118,\N,\N,\N,OK,2017-07-26 00:00:00
movie,32513,95,\N,\N,\N,OK,2017-07-26 00:00:00
movie,32519,86,\N,\N,\N,OK,2017-07-26 00:00:00
movie,32562,102,\N,\N,\N,OK,2017-07-26 00:00:00
movie,32567,97,\N,\N,\N,OK,2017-07-26 00:00:00
movie,32568,85,\N,\N,\N,OK,2017-07-26 00:00:00
movie,32574,122,\N,\N,\N,OK,2017-07-26 00:00:00
movie,32588,104,\N,\N,\N,OK,2017-07-26 00:00:00
movie,32590,88,\N,\N,\N,OK,2017-07-26 00:00:00
movie,32611,106,\N,\N,\N,OK,2017-07-26 00:00:00
movie,32612,96,\N,\N,\N,OK,2017-07-26 00:00:00
movie,32625,86,\N,\N,\N,OK,2017-07-26 00:00:00
movie,32631,106,\N,\N,\N,OK,2017-07-26 00:00:00
movie,32636,119,\N,\N,\N,OK,2017-07-26 00:00:00
movie,32640,108,\N,\N,\N,OK,2017-07-26 00:00:00
movie,32643,88,\N,\N,\N,OK,2017-07-26 00:00:00
movie,32646,119,\N,\N,\N,OK,2017-07-26 00:00:00
movie,32657,118,\N,\N,\N,OK,2017-07-26 00:00:00
movie,32669,138,\N,\N,\N,OK,2017-07-26 00:00:00
movie,32685,91,\N,\N,\N,OK,2017-07-26 00:00:00
movie,32686,80,\N,\N,\N,OK,2017-07-26 00:00:00
movie,32688,105,\N,\N,\N,OK,2017-07-26 00:00:00
movie,32823,109,\N,\N,\N,OK,2017-07-26 00:00:00
movie,32836,55,\N,\N,\N,OK,2017-07-26 00:00:00
movie,32845,88,\N,\N,\N,OK,2017-07-26 00:00:00
movie,32847,117,\N,\N,\N,OK,2017-07-26 00:00:00
movie,32856,125,\N,\N,\N,OK,2017-07-26 00:00:00
movie,32872,113,\N,\N,\N,OK,2017-07-26 00:00:00
movie,32891,20,\N,\N,\N,OK,2017-07-26 00:00:00
movie,32904,76,\N,\N,\N,OK,2017-07-26 00:00:00
movie,32911,88,\N,\N,\N,OK,2017-07-26 00:00:00
movie,32916,75,\N,\N,\N,OK,2017-07-26 00:00:00
movie,32926,95,\N,\N,\N,OK,2017-07-26 00:00:00
movie,32961,81,\N,\N,\N,OK,2017-07-26 00:00:00
movie,33003,90,\N,\N,\N,OK,2017-07-26 00:00:00
movie,33065,72,\N,\N,\N,OK,2017-07-26 00:00:00
movie,33078,115,\N,\N,\N,OK,2017-07-26 00:00:00
movie,33107,91,\N,\N,\N,OK,2017-07-26 00:00:00
movie,33108,20,\N,\N,\N,OK,2017-07-26 00:00:00
movie,33115,105,\N,\N,\N,OK,2017-07-26 00:00:00
movie,33135,105,\N,\N,\N,OK,2017-07-26 00:00:00
movie,33138,90,\N,\N,\N,OK,2017-07-26 00:00:00
movie,33152,92,\N,\N,\N,OK,2017-07-26 00:00:00
movie,33217,92,\N,\N,\N,OK,2017-07-26 00:00:00
movie,33222,74,\N,\N,\N,OK,2017-07-26 00:00:00
movie,33245,110,\N,\N,\N,OK,2017-07-26 00:00:00
movie,33250,99,\N,\N,\N,OK,2017-07-26 00:00:00
movie,33255,82,\N,\N,\N,OK,2017-07-26 00:00:00
movie,33258,110,\N,\N,\N,OK,2017-07-26 00:00:00
movie,33273,110,\N,\N,\N,OK,2017-07-26 00:00:00
movie,33278,91,\N,\N,\N,OK,2017-07-26 00:00:00
movie,33320,87,\N,\N,\N,OK,2017-07-26 00:00:00
movie,33324,103,\N,\N,\N,OK,2017-07-26 00:00:00
movie,33339,114,\N,\N,\N,OK,2017-07-26 00:00:00
movie,33344,85,\N,\N,\N,OK,2017-07-26 00:00:00
movie,33364,105,\N,\N,\N,OK,2017-07-26 00:00:00
movie,33374,84,\N,\N,\N,OK,2017-07-26 00:00:00
movie,33377,80,\N,\N,\N,OK,2017-07-26 00:00:00
movie,33379,91,\N,\N,\N,OK,2017-07-26 00:00:00
movie,33408,89,\N,\N,\N,OK,2017-07-26 00:00:00
movie,33409,114,\N,\N,\N,OK,2017-07-26 00:00:00
movie,33427,81,\N,\N,\N,OK,2017-07-26 00:00:00
movie,33430,111,\N,\N,\N,OK,2017-07-26 00:00:00
movie,33436,115,\N,\N,\N,OK,2017-07-26 00:00:00
movie,33441,92,\N,\N,\N,OK,2017-07-26 00:00:00
movie,33454,115,\N,\N,\N,OK,2017-07-26 00:00:00
movie,33468,82,\N,\N,\N,OK,2017-07-26 00:00:00
movie,33506,97,\N,\N,\N,OK,2017-07-26 00:00:00
movie,33516,84,\N,\N,\N,OK,2017-07-26 00:00:00
movie,33517,112,\N,\N,\N,OK,2017-07-26 00:00:00
movie,33518,91,\N,\N,\N,OK,2017-07-26 00:00:00
movie,33519,90,\N,\N,\N,OK,2017-07-26 00:00:00
movie,33521,109,\N,\N,\N,OK,2017-07-26 00:00:00
movie,33525,90,\N,\N,\N,OK,2017-07-26 00:00:00
movie,33542,91,\N,\N,\N,OK,2017-07-26 00:00:00
movie,33555,89,\N,\N,\N,OK,2017-07-26 00:00:00
movie,33570,95,\N,\N,\N,OK,2017-07-26 00:00:00
movie,33575,95,\N,\N,\N,OK,2017-07-26 00:00:00
movie,33602,108,\N,\N,\N,OK,2017-07-26 00:00:00
movie,33613,147,\N,\N,\N,OK,2017-07-26 00:00:00
movie,33632,120,\N,\N,\N,OK,2017-07-26 00:00:00
movie,33644,124,\N,\N,\N,OK,2017-07-26 00:00:00
movie,33660,93,\N,\N,\N,OK,2017-07-26 00:00:00
movie,33667,118,\N,\N,\N,OK,2017-07-26 00:00:00
movie,33668,118,\N,\N,\N,OK,2017-07-26 00:00:00
movie,33676,100,\N,\N,\N,OK,2017-07-26 00:00:00
movie,33680,112,\N,\N,\N,OK,2017-07-26 00:00:00
movie,33689,101,\N,\N,\N,OK,2017-07-26 00:00:00
movie,33723,86,\N,\N,\N,OK,2017-07-26 00:00:00
movie,33728,126,\N,\N,\N,OK,2017-07-26 00:00:00
movie,33740,135,\N,\N,\N,OK,2017-07-26 00:00:00
movie,33743,89,\N,\N,\N,OK,2017-07-26 00:00:00
movie,33762,109,\N,\N,\N,OK,2017-07-26 00:00:00
movie,33766,92,\N,\N,\N,OK,2017-07-26 00:00:00
movie,33783,74,\N,\N,\N,OK,2017-07-26 00:00:00
movie,33796,136,\N,\N,\N,OK,2017-07-26 00:00:00
movie,33806,108,\N,\N,\N,OK,2017-07-26 00:00:00
movie,33810,63,\N,\N,\N,OK,2017-07-26 00:00:00
movie,33813,92,\N,\N,\N,OK,2017-07-26 00:00:00
movie,33823,123,\N,\N,\N,OK,2017-07-26 00:00:00
movie,33839,85,\N,\N,\N,OK,2017-07-26 00:00:00
movie,33875,71,\N,\N,\N,OK,2017-07-26 00:00:00
movie,33908,125,\N,\N,\N,OK,2017-07-26 00:00:00
movie,33909,133,\N,\N,\N,OK,2017-07-26 00:00:00
movie,33954,89,\N,\N,\N,OK,2017-07-26 00:00:00
movie,34003,78,\N,\N,\N,OK,2017-07-26 00:00:00
movie,34014,103,\N,\N,\N,OK,2017-07-26 00:00:00
movie,34016,104,\N,\N,\N,OK,2017-07-26 00:00:00
movie,34044,136,\N,\N,\N,OK,2017-07-26 00:00:00
movie,34045,94,\N,\N,\N,OK,2017-07-26 00:00:00
movie,34069,120,\N,\N,\N,OK,2017-07-26 00:00:00
movie,34070,98,\N,\N,\N,OK,2017-07-26 00:00:00
movie,34086,100,\N,\N,\N,OK,2017-07-26 00:00:00
movie,34101,78,\N,\N,\N,OK,2017-07-26 00:00:00
movie,34106,126,\N,\N,\N,OK,2017-07-26 00:00:00
movie,34134,75,\N,\N,\N,OK,2017-07-26 00:00:00
movie,34148,125,\N,\N,\N,OK,2017-07-26 00:00:00
movie,34151,78,\N,\N,\N,OK,2017-07-26 00:00:00
movie,34152,115,\N,\N,\N,OK,2017-07-26 00:00:00
movie,34170,93,\N,\N,\N,OK,2017-07-26 00:00:00
movie,34179,114,\N,\N,\N,OK,2017-07-26 00:00:00
movie,34182,125,\N,\N,\N,OK,2017-07-26 00:00:00
movie,34280,120,\N,\N,\N,OK,2017-07-26 00:00:00
movie,34283,150,\N,\N,\N,OK,2017-07-26 00:00:00
movie,34299,112,\N,\N,\N,OK,2017-07-26 00:00:00
movie,34300,94,\N,\N,\N,OK,2017-07-26 00:00:00
movie,34314,100,\N,\N,\N,OK,2017-07-26 00:00:00
movie,34322,107,\N,\N,\N,OK,2017-07-26 00:00:00
movie,34326,99,\N,\N,\N,OK,2017-07-26 00:00:00
movie,34327,68,\N,\N,\N,OK,2017-07-26 00:00:00
movie,34328,87,\N,\N,\N,OK,2017-07-26 00:00:00
movie,34335,98,\N,\N,\N,OK,2017-07-26 00:00:00
movie,34341,102,\N,\N,\N,OK,2017-07-26 00:00:00
movie,34376,95,\N,\N,\N,OK,2017-07-26 00:00:00
movie,34379,106,\N,\N,\N,OK,2017-07-26 00:00:00
movie,34423,90,\N,\N,\N,OK,2017-07-26 00:00:00
movie,34433,70,\N,\N,\N,OK,2017-07-26 00:00:00
movie,34444,96,\N,\N,\N,OK,2017-07-26 00:00:00
movie,34509,63,\N,\N,\N,OK,2017-07-26 00:00:00
movie,34513,65,\N,\N,\N,OK,2017-07-26 00:00:00
movie,34528,181,\N,\N,\N,OK,2017-07-26 00:00:00
movie,34530,191,\N,\N,\N,OK,2017-07-26 00:00:00
movie,34544,117,\N,\N,\N,OK,2017-07-26 00:00:00
movie,34549,86,\N,\N,\N,OK,2017-07-26 00:00:00
movie,34560,82,\N,\N,\N,OK,2017-07-26 00:00:00
movie,34561,127,\N,\N,\N,OK,2017-07-26 00:00:00
movie,34563,103,\N,\N,\N,OK,2017-07-26 00:00:00
movie,34574,93,\N,\N,\N,OK,2017-07-26 00:00:00
movie,34583,93,\N,\N,\N,OK,2017-07-26 00:00:00
movie,34584,102,\N,\N,\N,OK,2017-07-26 00:00:00
movie,34592,92,\N,\N,\N,OK,2017-07-26 00:00:00
movie,34615,106,\N,\N,\N,OK,2017-07-26 00:00:00
movie,34626,106,\N,\N,\N,OK,2017-07-26 00:00:00
movie,34636,89,\N,\N,\N,OK,2017-07-26 00:00:00
movie,34647,161,\N,\N,\N,OK,2017-07-26 00:00:00
movie,34653,101,\N,\N,\N,OK,2017-07-26 00:00:00
movie,34689,128,\N,\N,\N,OK,2017-07-26 00:00:00
movie,34723,108,\N,\N,\N,OK,2017-07-26 00:00:00
movie,34729,89,\N,\N,\N,OK,2017-07-26 00:00:00
movie,34746,95,\N,\N,\N,OK,2017-07-26 00:00:00
movie,34760,96,\N,\N,\N,OK,2017-07-26 00:00:00
movie,34764,155,\N,\N,\N,OK,2017-07-26 00:00:00
movie,34774,98,\N,\N,\N,OK,2017-07-26 00:00:00
movie,34777,91,\N,\N,\N,OK,2017-07-26 00:00:00
movie,34803,92,\N,\N,\N,OK,2017-07-26 00:00:00
movie,34806,106,\N,\N,\N,OK,2017-07-26 00:00:00
movie,34812,100,\N,\N,\N,OK,2017-07-26 00:00:00
movie,34813,97,\N,\N,\N,OK,2017-07-26 00:00:00
movie,34847,66,\N,\N,\N,OK,2017-07-26 00:00:00
movie,34851,107,\N,\N,\N,OK,2017-07-26 00:00:00
movie,34857,109,\N,\N,\N,OK,2017-07-26 00:00:00
movie,34935,95,\N,\N,\N,OK,2017-07-26 00:00:00
movie,34996,82,\N,\N,\N,OK,2017-07-26 00:00:00
movie,35019,109,\N,\N,\N,OK,2017-07-26 00:00:00
movie,35025,90,\N,\N,\N,OK,2017-07-26 00:00:00
movie,35056,97,\N,\N,\N,OK,2017-07-26 00:00:00
movie,35072,96,\N,\N,\N,OK,2017-07-26 00:00:00
movie,35080,114,\N,\N,\N,OK,2017-07-26 00:00:00
movie,35115,93,\N,\N,\N,OK,2017-07-26 00:00:00
movie,35119,120,\N,\N,\N,OK,2017-07-26 00:00:00
movie,35138,96,\N,\N,\N,OK,2017-07-26 00:00:00
movie,35144,101,\N,\N,\N,OK,2017-07-26 00:00:00
movie,35151,96,\N,\N,\N,OK,2017-07-26 00:00:00
movie,35169,92,\N,\N,\N,OK,2017-07-26 00:00:00
movie,35196,117,\N,\N,\N,OK,2017-07-26 00:00:00
movie,35199,94,\N,\N,\N,OK,2017-07-26 00:00:00
movie,35203,97,\N,\N,\N,OK,2017-07-26 00:00:00
movie,35217,110,\N,\N,\N,OK,2017-07-26 00:00:00
movie,35221,93,\N,\N,\N,OK,2017-07-26 00:00:00
movie,35233,101,\N,\N,\N,OK,2017-07-26 00:00:00
movie,35265,101,\N,\N,\N,OK,2017-07-26 00:00:00
movie,35292,128,\N,\N,\N,OK,2017-07-26 00:00:00
movie,35337,112,\N,\N,\N,OK,2017-07-26 00:00:00
movie,35402,88,\N,\N,\N,OK,2017-07-26 00:00:00
movie,35412,134,\N,\N,\N,OK,2017-07-26 00:00:00
movie,35428,93,\N,\N,\N,OK,2017-07-26 00:00:00
movie,35458,136,\N,\N,\N,OK,2017-07-26 00:00:00
movie,35463,104,\N,\N,\N,OK,2017-07-26 00:00:00
movie,35552,105,\N,\N,\N,OK,2017-07-26 00:00:00
movie,35555,88,\N,\N,\N,OK,2017-07-26 00:00:00
movie,35558,90,\N,\N,\N,OK,2017-07-26 00:00:00
movie,35588,115,\N,\N,\N,OK,2017-07-26 00:00:00
movie,35612,97,\N,\N,\N,OK,2017-07-26 00:00:00
movie,35650,87,\N,\N,\N,OK,2017-07-26 00:00:00
movie,35651,134,\N,\N,\N,OK,2017-07-26 00:00:00
movie,35680,89,\N,\N,\N,OK,2017-07-26 00:00:00
movie,35688,121,\N,\N,\N,OK,2017-07-26 00:00:00
movie,35690,107,\N,\N,\N,OK,2017-07-26 00:00:00
movie,35691,110,\N,\N,\N,OK,2017-07-26 00:00:00
movie,35696,91,\N,\N,\N,OK,2017-07-26 00:00:00
movie,35716,110,\N,\N,\N,OK,2017-07-26 00:00:00
movie,35791,97,\N,\N,\N,OK,2017-07-26 00:00:00
movie,35936,117,\N,\N,\N,OK,2017-07-26 00:00:00
movie,35944,107,\N,\N,\N,OK,2017-07-26 00:00:00
movie,35987,116,\N,\N,\N,OK,2017-07-26 00:00:00
movie,36040,95,\N,\N,\N,OK,2017-07-26 00:00:00
movie,36047,105,\N,\N,\N,OK,2017-07-26 00:00:00
movie,36056,116,\N,\N,\N,OK,2017-07-26 00:00:00
movie,36094,104,\N,\N,\N,OK,2017-07-26 00:00:00
movie,36095,111,\N,\N,\N,OK,2017-07-26 00:00:00
movie,36107,6,\N,\N,\N,OK,2017-07-26 00:00:00
movie,36129,11,\N,\N,\N,OK,2017-07-26 00:00:00
movie,36141,99,\N,\N,\N,OK,2017-07-26 00:00:00
movie,36161,11,\N,\N,\N,OK,2017-07-26 00:00:00
movie,36162,21,\N,\N,\N,OK,2017-07-26 00:00:00
movie,36163,10,\N,\N,\N,OK,2017-07-26 00:00:00
movie,36196,94,\N,\N,\N,OK,2017-07-26 00:00:00
movie,36206,94,\N,\N,\N,OK,2017-07-26 00:00:00
movie,36210,106,\N,\N,\N,OK,2017-07-26 00:00:00
movie,36222,89,\N,\N,\N,OK,2017-07-26 00:00:00
movie,36223,115,\N,\N,\N,OK,2017-07-26 00:00:00
movie,36234,97,\N,\N,\N,OK,2017-07-26 00:00:00
movie,36245,101,\N,\N,\N,OK,2017-07-26 00:00:00
movie,36246,100,\N,\N,\N,OK,2017-07-26 00:00:00
movie,36259,92,\N,\N,\N,OK,2017-07-26 00:00:00
movie,36273,102,\N,\N,\N,OK,2017-07-26 00:00:00
movie,36274,96,\N,\N,\N,OK,2017-07-26 00:00:00
movie,36298,115,\N,\N,\N,OK,2017-07-26 00:00:00
movie,36344,109,\N,\N,\N,OK,2017-07-26 00:00:00
movie,36355,95,\N,\N,\N,OK,2017-07-26 00:00:00
movie,36357,85,\N,\N,\N,OK,2017-07-26 00:00:00
movie,36362,168,\N,\N,\N,OK,2017-07-26 00:00:00
movie,36443,104,\N,\N,\N,OK,2017-07-26 00:00:00
movie,36492,98,\N,\N,\N,OK,2017-07-26 00:00:00
movie,36540,25,\N,\N,\N,OK,2017-07-26 00:00:00
movie,36555,90,\N,\N,\N,OK,2017-07-26 00:00:00
movie,36557,144,\N,\N,\N,OK,2017-07-26 00:00:00
movie,36568,91,\N,\N,\N,OK,2017-07-26 00:00:00
movie,36586,117,\N,\N,\N,OK,2017-07-26 00:00:00
movie,36593,83,\N,\N,\N,OK,2017-07-26 00:00:00
movie,36599,92,\N,\N,\N,OK,2017-07-26 00:00:00
movie,36614,100,\N,\N,\N,OK,2017-07-26 00:00:00
movie,36616,72,\N,\N,\N,OK,2017-07-26 00:00:00
movie,36629,92,\N,\N,\N,OK,2017-07-26 00:00:00
movie,36643,128,\N,\N,\N,OK,2017-07-26 00:00:00
movie,36647,120,\N,\N,\N,OK,2017-07-26 00:00:00
movie,36648,123,\N,\N,\N,OK,2017-07-26 00:00:00
movie,36652,138,\N,\N,\N,OK,2017-07-26 00:00:00
movie,36657,104,\N,\N,\N,OK,2017-07-26 00:00:00
movie,36658,133,\N,\N,\N,OK,2017-07-26 00:00:00
movie,36668,104,\N,\N,\N,OK,2017-07-26 00:00:00
movie,36669,133,\N,\N,\N,OK,2017-07-26 00:00:00
movie,36670,134,\N,\N,\N,OK,2017-07-26 00:00:00
movie,36676,86,\N,\N,\N,OK,2017-07-26 00:00:00
movie,36685,100,\N,\N,\N,OK,2017-07-26 00:00:00
movie,36692,91,\N,\N,\N,OK,2017-07-26 00:00:00
movie,36693,100,\N,\N,\N,OK,2017-07-26 00:00:00
movie,36696,85,\N,\N,\N,OK,2017-07-26 00:00:00
movie,36699,101,\N,\N,\N,OK,2017-07-26 00:00:00
movie,36724,93,\N,\N,\N,OK,2017-07-26 00:00:00
movie,36736,70,\N,\N,\N,OK,2017-07-26 00:00:00
movie,36739,121,\N,\N,\N,OK,2017-07-26 00:00:00
movie,36758,144,\N,\N,\N,OK,2017-07-26 00:00:00
movie,36763,181,\N,\N,\N,OK,2017-07-26 00:00:00
movie,36773,119,\N,\N,\N,OK,2017-07-26 00:00:00
movie,36786,100,\N,\N,\N,OK,2017-07-26 00:00:00
movie,36791,88,\N,\N,\N,OK,2017-07-26 00:00:00
movie,36797,95,\N,\N,\N,OK,2017-07-26 00:00:00
movie,36800,86,\N,\N,\N,OK,2017-07-26 00:00:00
movie,36801,94,\N,\N,\N,OK,2017-07-26 00:00:00
movie,36807,107,\N,\N,\N,OK,2017-07-26 00:00:00
movie,36815,138,\N,\N,\N,OK,2017-07-26 00:00:00
movie,36819,116,\N,\N,\N,OK,2017-07-26 00:00:00
movie,36834,111,\N,\N,\N,OK,2017-07-26 00:00:00
movie,36865,162,\N,\N,\N,OK,2017-07-26 00:00:00
movie,36872,111,\N,\N,\N,OK,2017-07-26 00:00:00
movie,36914,96,\N,\N,\N,OK,2017-07-26 00:00:00
movie,36915,132,\N,\N,\N,OK,2017-07-26 00:00:00
movie,36929,90,\N,\N,\N,OK,2017-07-26 00:00:00
movie,36940,122,\N,\N,\N,OK,2017-07-26 00:00:00
movie,36947,167,\N,\N,\N,OK,2017-07-26 00:00:00
movie,36950,134,\N,\N,\N,OK,2017-07-26 00:00:00
movie,36955,141,\N,\N,\N,OK,2017-07-26 00:00:00
movie,36956,121,\N,\N,\N,OK,2017-07-26 00:00:00
movie,36968,101,\N,\N,\N,OK,2017-07-26 00:00:00
movie,36970,84,\N,\N,\N,OK,2017-07-26 00:00:00
movie,36972,60,\N,\N,\N,OK,2017-07-26 00:00:00
movie,36983,89,\N,\N,\N,OK,2017-07-26 00:00:00
movie,36998,118,\N,\N,\N,OK,2017-07-26 00:00:00
movie,37022,92,\N,\N,\N,OK,2017-07-26 00:00:00
movie,37034,115,\N,\N,\N,OK,2017-07-26 00:00:00
movie,37048,123,\N,\N,\N,OK,2017-07-26 00:00:00
movie,37056,105,\N,\N,\N,OK,2017-07-26 00:00:00
movie,37058,30,\N,\N,\N,OK,2017-07-26 00:00:00
movie,37088,89,\N,\N,\N,OK,2017-07-26 00:00:00
movie,37094,113,\N,\N,\N,OK,2017-07-26 00:00:00
movie,37108,89,\N,\N,\N,OK,2017-07-26 00:00:00
movie,37129,92,\N,\N,\N,OK,2017-07-26 00:00:00
movie,37133,104,\N,\N,\N,OK,2017-07-26 00:00:00
movie,37135,88,\N,\N,\N,OK,2017-07-26 00:00:00
movie,37136,85,\N,\N,\N,OK,2017-07-26 00:00:00
movie,37137,85,\N,\N,\N,OK,2017-07-26 00:00:00
movie,37141,90,\N,\N,\N,OK,2017-07-26 00:00:00
movie,37144,94,\N,\N,\N,OK,2017-07-26 00:00:00
movie,37146,89,\N,\N,\N,OK,2017-07-26 00:00:00
movie,37165,103,\N,\N,\N,OK,2017-07-26 00:00:00
movie,37169,92,\N,\N,\N,OK,2017-07-26 00:00:00
movie,37191,111,\N,\N,\N,OK,2017-07-26 00:00:00
movie,37233,154,\N,\N,\N,OK,2017-07-26 00:00:00
movie,37234,115,\N,\N,\N,OK,2017-07-26 00:00:00
movie,37239,72,\N,\N,\N,OK,2017-07-26 00:00:00
movie,37244,84,\N,\N,\N,OK,2017-07-26 00:00:00
movie,37247,106,\N,\N,\N,OK,2017-07-26 00:00:00
movie,37257,116,\N,\N,\N,OK,2017-07-26 00:00:00
movie,37258,137,\N,\N,\N,OK,2017-07-26 00:00:00
movie,37272,97,\N,\N,\N,OK,2017-07-26 00:00:00
movie,37291,107,\N,\N,\N,OK,2017-07-26 00:00:00
movie,37292,93,\N,\N,\N,OK,2017-07-26 00:00:00
movie,37296,96,\N,\N,\N,OK,2017-07-26 00:00:00
movie,37302,96,\N,\N,\N,OK,2017-07-26 00:00:00
movie,37305,97,\N,\N,\N,OK,2017-07-26 00:00:00
movie,37345,97,\N,\N,\N,OK,2017-07-26 00:00:00
movie,37368,104,\N,\N,\N,OK,2017-07-26 00:00:00
movie,37410,137,\N,\N,\N,OK,2017-07-26 00:00:00
movie,37414,109,\N,\N,\N,OK,2017-07-26 00:00:00
movie,37430,113,\N,\N,\N,OK,2017-07-26 00:00:00
movie,37433,50,\N,\N,\N,OK,2017-07-26 00:00:00
movie,37464,64,\N,\N,\N,OK,2017-07-26 00:00:00
movie,37467,72,\N,\N,\N,OK,2017-07-26 00:00:00
movie,37472,109,\N,\N,\N,OK,2017-07-26 00:00:00
movie,37495,101,\N,\N,\N,OK,2017-07-26 00:00:00
movie,37498,91,\N,\N,\N,OK,2017-07-26 00:00:00
movie,37511,61,\N,\N,\N,OK,2017-07-26 00:00:00
movie,37527,95,\N,\N,\N,OK,2017-07-26 00:00:00
movie,37530,88,\N,\N,\N,OK,2017-07-26 00:00:00
movie,37557,108,\N,\N,\N,OK,2017-07-26 00:00:00
movie,37563,113,\N,\N,\N,OK,2017-07-26 00:00:00
movie,37565,106,\N,\N,\N,OK,2017-07-26 00:00:00
movie,37567,93,\N,\N,\N,OK,2017-07-26 00:00:00
movie,37588,100,\N,\N,\N,OK,2017-07-26 00:00:00
movie,37606,137,\N,\N,\N,OK,2017-07-26 00:00:00
movie,37616,92,\N,\N,\N,OK,2017-07-26 00:00:00
movie,37618,99,\N,\N,\N,OK,2017-07-26 00:00:00
movie,37632,89,\N,\N,\N,OK,2017-07-26 00:00:00
movie,37636,101,\N,\N,\N,OK,2017-07-26 00:00:00
movie,37645,115,\N,\N,\N,OK,2017-07-26 00:00:00
movie,37658,141,\N,\N,\N,OK,2017-07-26 00:00:00
movie,37659,86,\N,\N,\N,OK,2017-07-26 00:00:00
movie,37662,109,\N,\N,\N,OK,2017-07-26 00:00:00
movie,37686,112,\N,\N,\N,OK,2017-07-26 00:00:00
movie,37691,110,\N,\N,\N,OK,2017-07-26 00:00:00
movie,37696,88,\N,\N,\N,OK,2017-07-26 00:00:00
movie,37698,104,\N,\N,\N,OK,2017-07-26 00:00:00
movie,37707,104,\N,\N,\N,OK,2017-07-26 00:00:00
movie,37708,92,\N,\N,\N,OK,2017-07-26 00:00:00
movie,37710,103,\N,\N,\N,OK,2017-07-26 00:00:00
movie,37718,97,\N,\N,\N,OK,2017-07-26 00:00:00
movie,37719,96,\N,\N,\N,OK,2017-07-26 00:00:00
movie,37724,143,\N,\N,\N,OK,2017-07-26 00:00:00
movie,37725,95,\N,\N,\N,OK,2017-07-26 00:00:00
movie,37735,92,\N,\N,\N,OK,2017-07-26 00:00:00
movie,37737,131,\N,\N,\N,OK,2017-07-26 00:00:00
movie,37748,124,\N,\N,\N,OK,2017-07-26 00:00:00
movie,37757,240,\N,\N,\N,OK,2017-07-26 00:00:00
movie,37776,82,\N,\N,\N,OK,2017-07-26 00:00:00
movie,37786,146,\N,\N,\N,OK,2017-07-26 00:00:00
movie,37797,111,\N,\N,\N,OK,2017-07-26 00:00:00
movie,37799,120,\N,\N,\N,OK,2017-07-26 00:00:00
movie,37818,108,\N,\N,\N,OK,2017-07-26 00:00:00
movie,37821,100,\N,\N,\N,OK,2017-07-26 00:00:00
movie,37828,105,\N,\N,\N,OK,2017-07-26 00:00:00
movie,37832,92,\N,\N,\N,OK,2017-07-26 00:00:00
movie,37833,66,\N,\N,\N,OK,2017-07-26 00:00:00
movie,37834,109,\N,\N,\N,OK,2017-07-26 00:00:00
movie,37843,92,\N,\N,\N,OK,2017-07-26 00:00:00
movie,37853,123,\N,\N,\N,OK,2017-07-26 00:00:00
movie,37861,93,\N,\N,\N,OK,2017-07-26 00:00:00
movie,37903,144,\N,\N,\N,OK,2017-07-26 00:00:00
movie,37905,90,\N,\N,\N,OK,2017-07-26 00:00:00
movie,37910,25,\N,\N,\N,OK,2017-07-26 00:00:00
movie,37916,116,\N,\N,\N,OK,2017-07-26 00:00:00
movie,37924,90,\N,\N,\N,OK,2017-07-26 00:00:00
movie,37931,90,\N,\N,\N,OK,2017-07-26 00:00:00
movie,37932,96,\N,\N,\N,OK,2017-07-26 00:00:00
movie,37936,110,\N,\N,\N,OK,2017-07-26 00:00:00
movie,37939,92,\N,\N,\N,OK,2017-07-26 00:00:00
movie,37941,157,\N,\N,\N,OK,2017-07-26 00:00:00
movie,37950,99,\N,\N,\N,OK,2017-07-26 00:00:00
movie,37951,167,\N,\N,\N,OK,2017-07-26 00:00:00
movie,37958,110,\N,\N,\N,OK,2017-07-26 00:00:00
movie,37964,109,\N,\N,\N,OK,2017-07-26 00:00:00
movie,37969,80,\N,\N,\N,OK,2017-07-26 00:00:00
movie,37991,95,\N,\N,\N,OK,2017-07-26 00:00:00
movie,38006,91,\N,\N,\N,OK,2017-07-26 00:00:00
movie,38010,112,\N,\N,\N,OK,2017-07-26 00:00:00
movie,38019,129,\N,\N,\N,OK,2017-07-26 00:00:00
movie,38031,98,\N,\N,\N,OK,2017-07-26 00:00:00
movie,38033,96,\N,\N,\N,OK,2017-07-26 00:00:00
movie,38050,106,\N,\N,\N,OK,2017-07-26 00:00:00
movie,38055,95,\N,\N,\N,OK,2017-07-26 00:00:00
movie,38073,102,\N,\N,\N,OK,2017-07-26 00:00:00
movie,38093,100,\N,\N,\N,OK,2017-07-26 00:00:00
movie,38117,86,\N,\N,\N,OK,2017-07-26 00:00:00
movie,38138,105,\N,\N,\N,OK,2017-07-26 00:00:00
movie,38142,63,\N,\N,\N,OK,2017-07-26 00:00:00
movie,38147,94,\N,\N,\N,OK,2017-07-26 00:00:00
movie,38148,97,\N,\N,\N,OK,2017-07-26 00:00:00
movie,38150,114,\N,\N,\N,OK,2017-07-26 00:00:00
movie,38153,103,\N,\N,\N,OK,2017-07-26 00:00:00
movie,38166,91,\N,\N,\N,OK,2017-07-26 00:00:00
movie,38167,133,\N,\N,\N,OK,2017-07-26 00:00:00
movie,38171,105,\N,\N,\N,OK,2017-07-26 00:00:00
movie,38199,97,\N,\N,\N,OK,2017-07-26 00:00:00
movie,38223,100,\N,\N,\N,OK,2017-07-26 00:00:00
movie,38225,106,\N,\N,\N,OK,2017-07-26 00:00:00
movie,38234,96,\N,\N,\N,OK,2017-07-26 00:00:00
movie,38251,96,\N,\N,\N,OK,2017-07-26 00:00:00
movie,38264,106,\N,\N,\N,OK,2017-07-26 00:00:00
movie,38291,110,\N,\N,\N,OK,2017-07-26 00:00:00
movie,38295,100,\N,\N,\N,OK,2017-07-26 00:00:00
movie,38303,105,\N,\N,\N,OK,2017-07-26 00:00:00
movie,38317,102,\N,\N,\N,OK,2017-07-26 00:00:00
movie,38318,180,\N,\N,\N,OK,2017-07-26 00:00:00
movie,38319,102,\N,\N,\N,OK,2017-07-26 00:00:00
movie,38321,87,\N,\N,\N,OK,2017-07-26 00:00:00
movie,38322,107,\N,\N,\N,OK,2017-07-26 00:00:00
movie,38325,124,\N,\N,\N,OK,2017-07-26 00:00:00
movie,38336,130,\N,\N,\N,OK,2017-07-26 00:00:00
movie,38344,98,\N,\N,\N,OK,2017-07-26 00:00:00
movie,38356,154,\N,\N,\N,OK,2017-07-26 00:00:00
movie,38357,102,\N,\N,\N,OK,2017-07-26 00:00:00
movie,38358,87,\N,\N,\N,OK,2017-07-26 00:00:00
movie,38360,97,\N,\N,\N,OK,2017-07-26 00:00:00
movie,38363,108,\N,\N,\N,OK,2017-07-26 00:00:00
movie,38365,102,\N,\N,\N,OK,2017-07-26 00:00:00
movie,38368,114,\N,\N,\N,OK,2017-07-26 00:00:00
movie,38407,105,\N,\N,\N,OK,2017-07-26 00:00:00
movie,38408,114,\N,\N,\N,OK,2017-07-26 00:00:00
movie,38448,111,\N,\N,\N,OK,2017-07-26 00:00:00
movie,38509,105,\N,\N,\N,OK,2017-07-26 00:00:00
movie,38523,97,\N,\N,\N,OK,2017-07-26 00:00:00
movie,38540,90,\N,\N,\N,OK,2017-07-26 00:00:00
movie,38541,112,\N,\N,\N,OK,2017-07-26 00:00:00
movie,38543,121,\N,\N,\N,OK,2017-07-26 00:00:00
movie,38548,96,\N,\N,\N,OK,2017-07-26 00:00:00
movie,38554,112,\N,\N,\N,OK,2017-07-26 00:00:00
movie,38557,122,\N,\N,\N,OK,2017-07-26 00:00:00
movie,38568,84,\N,\N,\N,OK,2017-07-26 00:00:00
movie,38570,82,\N,\N,\N,OK,2017-07-26 00:00:00
movie,38575,140,\N,\N,\N,OK,2017-07-26 00:00:00
movie,38579,87,\N,\N,\N,OK,2017-07-26 00:00:00
movie,38582,84,\N,\N,\N,OK,2017-07-26 00:00:00
movie,38618,83,\N,\N,\N,OK,2017-07-26 00:00:00
movie,38643,169,\N,\N,\N,OK,2017-07-26 00:00:00
movie,38674,67,\N,\N,\N,OK,2017-07-26 00:00:00
movie,38684,120,\N,\N,\N,OK,2017-07-26 00:00:00
movie,38718,111,\N,\N,\N,OK,2017-07-26 00:00:00
movie,38720,114,\N,\N,\N,OK,2017-07-26 00:00:00
movie,38722,128,\N,\N,\N,OK,2017-07-26 00:00:00
movie,38745,85,\N,\N,\N,OK,2017-07-26 00:00:00
movie,38749,99,\N,\N,\N,OK,2017-07-26 00:00:00
movie,38753,94,\N,\N,\N,OK,2017-07-26 00:00:00
movie,38757,100,\N,\N,\N,OK,2017-07-26 00:00:00
movie,38761,88,\N,\N,\N,OK,2017-07-26 00:00:00
movie,38772,95,\N,\N,\N,OK,2017-07-26 00:00:00
movie,38778,114,\N,\N,\N,OK,2017-07-26 00:00:00
movie,38783,72,\N,\N,\N,OK,2017-07-26 00:00:00
movie,38785,84,\N,\N,\N,OK,2017-07-26 00:00:00
movie,38802,85,\N,\N,\N,OK,2017-07-26 00:00:00
movie,38805,94,\N,\N,\N,OK,2017-07-26 00:00:00
movie,38842,105,\N,\N,\N,OK,2017-07-26 00:00:00
movie,38843,103,\N,\N,\N,OK,2017-07-26 00:00:00
movie,38849,80,\N,\N,\N,OK,2017-07-26 00:00:00
movie,38867,99,\N,\N,\N,OK,2017-07-26 00:00:00
movie,38868,152,\N,\N,\N,OK,2017-07-26 00:00:00
movie,38880,106,\N,\N,\N,OK,2017-07-26 00:00:00
movie,38883,90,\N,\N,\N,OK,2017-07-26 00:00:00
movie,38884,109,\N,\N,\N,OK,2017-07-26 00:00:00
movie,38904,97,\N,\N,\N,OK,2017-07-26 00:00:00
movie,38914,94,\N,\N,\N,OK,2017-07-26 00:00:00
movie,38918,95,\N,\N,\N,OK,2017-07-26 00:00:00
movie,38921,103,\N,\N,\N,OK,2017-07-26 00:00:00
movie,38925,86,\N,\N,\N,OK,2017-07-26 00:00:00
movie,38955,104,\N,\N,\N,OK,2017-07-26 00:00:00
movie,38961,111,\N,\N,\N,OK,2017-07-26 00:00:00
movie,38965,93,\N,\N,\N,OK,2017-07-26 00:00:00
movie,38966,85,\N,\N,\N,OK,2017-07-26 00:00:00
movie,38970,125,\N,\N,\N,OK,2017-07-26 00:00:00
movie,39002,93,\N,\N,\N,OK,2017-07-26 00:00:00
movie,39013,100,\N,\N,\N,OK,2017-07-26 00:00:00
movie,39029,115,\N,\N,\N,OK,2017-07-26 00:00:00
movie,39053,91,\N,\N,\N,OK,2017-07-26 00:00:00
movie,39100,60,\N,\N,\N,OK,2017-07-26 00:00:00
movie,39101,61,\N,\N,\N,OK,2017-07-26 00:00:00
movie,39102,43,\N,\N,\N,OK,2017-07-26 00:00:00
movie,39103,46,\N,\N,\N,OK,2017-07-26 00:00:00
movie,39104,46,\N,\N,\N,OK,2017-07-26 00:00:00
movie,39105,50,\N,\N,\N,OK,2017-07-26 00:00:00
movie,39106,50,\N,\N,\N,OK,2017-07-26 00:00:00
movie,39113,99,\N,\N,\N,OK,2017-07-26 00:00:00
movie,39130,111,\N,\N,\N,OK,2017-07-26 00:00:00
movie,39141,78,\N,\N,\N,OK,2017-07-26 00:00:00
movie,39144,50,\N,\N,\N,OK,2017-07-26 00:00:00
movie,39145,45,\N,\N,\N,OK,2017-07-26 00:00:00
movie,39148,74,\N,\N,\N,OK,2017-07-26 00:00:00
movie,39154,84,\N,\N,\N,OK,2017-07-26 00:00:00
movie,39176,105,\N,\N,\N,OK,2017-07-26 00:00:00
movie,39177,98,\N,\N,\N,OK,2017-07-26 00:00:00
movie,39210,98,\N,\N,\N,OK,2017-07-26 00:00:00
movie,39225,95,\N,\N,\N,OK,2017-07-26 00:00:00
movie,39253,90,\N,\N,\N,OK,2017-07-26 00:00:00
movie,39254,127,\N,\N,\N,OK,2017-07-26 00:00:00
movie,39256,87,\N,\N,\N,OK,2017-07-26 00:00:00
movie,39260,102,\N,\N,\N,OK,2017-07-26 00:00:00
movie,39266,114,\N,\N,\N,OK,2017-07-26 00:00:00
movie,39283,83,\N,\N,\N,OK,2017-07-26 00:00:00
movie,39285,83,\N,\N,\N,OK,2017-07-26 00:00:00
movie,39310,98,\N,\N,\N,OK,2017-07-26 00:00:00
movie,39312,93,\N,\N,\N,OK,2017-07-26 00:00:00
movie,39314,94,\N,\N,\N,OK,2017-07-26 00:00:00
movie,39323,48,\N,\N,\N,OK,2017-07-26 00:00:00
movie,39324,48,\N,\N,\N,OK,2017-07-26 00:00:00
movie,39345,90,\N,\N,\N,OK,2017-07-26 00:00:00
movie,39349,123,\N,\N,\N,OK,2017-07-26 00:00:00
movie,39356,87,\N,\N,\N,OK,2017-07-26 00:00:00
movie,39385,100,\N,\N,\N,OK,2017-07-26 00:00:00
movie,39391,143,\N,\N,\N,OK,2017-07-26 00:00:00
movie,39410,101,\N,\N,\N,OK,2017-07-26 00:00:00
movie,39413,82,\N,\N,\N,OK,2017-07-26 00:00:00
movie,39414,110,\N,\N,\N,OK,2017-07-26 00:00:00
movie,39424,104,\N,\N,\N,OK,2017-07-26 00:00:00
movie,39434,120,\N,\N,\N,OK,2017-07-26 00:00:00
movie,39437,172,\N,\N,\N,OK,2017-07-26 00:00:00
movie,39440,102,\N,\N,\N,OK,2017-07-26 00:00:00
movie,39446,90,\N,\N,\N,OK,2017-07-26 00:00:00
movie,39451,98,\N,\N,\N,OK,2017-07-26 00:00:00
movie,39452,87,\N,\N,\N,OK,2017-07-26 00:00:00
movie,39472,100,\N,\N,\N,OK,2017-07-26 00:00:00
movie,39477,94,\N,\N,\N,OK,2017-07-26 00:00:00
movie,39486,123,\N,\N,\N,OK,2017-07-26 00:00:00
movie,39513,104,\N,\N,\N,OK,2017-07-26 00:00:00
movie,39514,111,\N,\N,\N,OK,2017-07-26 00:00:00
movie,39522,92,\N,\N,\N,OK,2017-07-26 00:00:00
movie,39538,106,\N,\N,\N,OK,2017-07-26 00:00:00
movie,39541,91,\N,\N,\N,OK,2017-07-26 00:00:00
movie,39543,125,\N,\N,\N,OK,2017-07-26 00:00:00
movie,39545,99,\N,\N,\N,OK,2017-07-26 00:00:00
movie,39681,105,\N,\N,\N,OK,2017-07-26 00:00:00
movie,39691,82,\N,\N,\N,OK,2017-07-26 00:00:00
movie,39693,117,\N,\N,\N,OK,2017-07-26 00:00:00
movie,39768,94,\N,\N,\N,OK,2017-07-26 00:00:00
movie,39780,132,\N,\N,\N,OK,2017-07-26 00:00:00
movie,39781,106,\N,\N,\N,OK,2017-07-26 00:00:00
movie,39800,97,\N,\N,\N,OK,2017-07-26 00:00:00
movie,39806,130,\N,\N,\N,OK,2017-07-26 00:00:00
movie,39833,89,\N,\N,\N,OK,2017-07-26 00:00:00
movie,39845,117,\N,\N,\N,OK,2017-07-26 00:00:00
movie,39850,104,\N,\N,\N,OK,2017-07-26 00:00:00
movie,39871,100,\N,\N,\N,OK,2017-07-26 00:00:00
movie,39874,90,\N,\N,\N,OK,2017-07-26 00:00:00
movie,39916,95,\N,\N,\N,OK,2017-07-26 00:00:00
movie,39938,115,\N,\N,\N,OK,2017-07-26 00:00:00
movie,39939,100,\N,\N,\N,OK,2017-07-26 00:00:00
movie,39940,115,\N,\N,\N,OK,2017-07-26 00:00:00
movie,39946,90,\N,\N,\N,OK,2017-07-26 00:00:00
movie,39953,91,\N,\N,\N,OK,2017-07-26 00:00:00
movie,39957,89,\N,\N,\N,OK,2017-07-26 00:00:00
movie,39964,95,\N,\N,\N,OK,2017-07-26 00:00:00
movie,40001,105,\N,\N,\N,OK,2017-07-26 00:00:00
movie,40016,95,\N,\N,\N,OK,2017-07-26 00:00:00
movie,40025,93,\N,\N,\N,OK,2017-07-26 00:00:00
movie,40080,90,\N,\N,\N,OK,2017-07-26 00:00:00
movie,40081,100,\N,\N,\N,OK,2017-07-26 00:00:00
movie,40082,104,\N,\N,\N,OK,2017-07-26 00:00:00
movie,40085,115,\N,\N,\N,OK,2017-07-26 00:00:00
movie,40092,110,\N,\N,\N,OK,2017-07-26 00:00:00
movie,40095,86,\N,\N,\N,OK,2017-07-26 00:00:00
movie,40123,85,\N,\N,\N,OK,2017-07-26 00:00:00
movie,40154,99,\N,\N,\N,OK,2017-07-26 00:00:00
movie,40156,98,\N,\N,\N,OK,2017-07-26 00:00:00
movie,40160,107,\N,\N,\N,OK,2017-07-26 00:00:00
movie,40161,89,\N,\N,\N,OK,2017-07-26 00:00:00
movie,40194,90,\N,\N,\N,OK,2017-07-26 00:00:00
movie,40205,90,\N,\N,\N,OK,2017-07-26 00:00:00
movie,40206,101,\N,\N,\N,OK,2017-07-26 00:00:00
movie,40219,98,\N,\N,\N,OK,2017-07-26 00:00:00
movie,40220,82,\N,\N,\N,OK,2017-07-26 00:00:00
movie,40247,90,\N,\N,\N,OK,2017-07-26 00:00:00
movie,40264,82,\N,\N,\N,OK,2017-07-26 00:00:00
movie,40423,100,\N,\N,\N,OK,2017-07-26 00:00:00
movie,40427,95,\N,\N,\N,OK,2017-07-26 00:00:00
movie,40446,80,\N,\N,\N,OK,2017-07-26 00:00:00
movie,40454,131,\N,\N,\N,OK,2017-07-26 00:00:00
movie,40480,108,\N,\N,\N,OK,2017-07-26 00:00:00
movie,40490,96,\N,\N,\N,OK,2017-07-26 00:00:00
movie,40506,105,\N,\N,\N,OK,2017-07-26 00:00:00
movie,40508,85,\N,\N,\N,OK,2017-07-26 00:00:00
movie,40555,95,\N,\N,\N,OK,2017-07-26 00:00:00
movie,40619,6,\N,\N,\N,OK,2017-07-26 00:00:00
movie,40623,75,\N,\N,\N,OK,2017-07-26 00:00:00
movie,40658,103,\N,\N,\N,OK,2017-07-26 00:00:00
movie,40662,75,\N,\N,\N,OK,2017-07-26 00:00:00
movie,40663,107,\N,\N,\N,OK,2017-07-26 00:00:00
movie,40690,55,\N,\N,\N,OK,2017-07-26 00:00:00
movie,40694,96,\N,\N,\N,OK,2017-07-26 00:00:00
movie,40720,93,\N,\N,\N,OK,2017-07-26 00:00:00
movie,40722,91,\N,\N,\N,OK,2017-07-26 00:00:00
movie,40724,230,\N,\N,\N,OK,2017-07-26 00:00:00
movie,40743,54,\N,\N,\N,OK,2017-07-26 00:00:00
movie,40751,100,\N,\N,\N,OK,2017-07-26 00:00:00
movie,40760,74,\N,\N,\N,OK,2017-07-26 00:00:00
movie,40771,86,\N,\N,\N,OK,2017-07-26 00:00:00
movie,40772,96,\N,\N,\N,OK,2017-07-26 00:00:00
movie,40773,84,\N,\N,\N,OK,2017-07-26 00:00:00
movie,40777,135,\N,\N,\N,OK,2017-07-26 00:00:00
movie,40794,110,\N,\N,\N,OK,2017-07-26 00:00:00
movie,40805,119,\N,\N,\N,OK,2017-07-26 00:00:00
movie,40807,100,\N,\N,\N,OK,2017-07-26 00:00:00
movie,40817,139,\N,\N,\N,OK,2017-07-26 00:00:00
movie,40819,93,\N,\N,\N,OK,2017-07-26 00:00:00
movie,40820,123,\N,\N,\N,OK,2017-07-26 00:00:00
movie,40842,110,\N,\N,\N,OK,2017-07-26 00:00:00
movie,40850,86,\N,\N,\N,OK,2017-07-26 00:00:00
movie,40860,112,\N,\N,\N,OK,2017-07-26 00:00:00
movie,40866,96,\N,\N,\N,OK,2017-07-26 00:00:00
movie,40867,101,\N,\N,\N,OK,2017-07-26 00:00:00
movie,40876,104,\N,\N,\N,OK,2017-07-26 00:00:00
movie,40894,107,\N,\N,\N,OK,2017-07-26 00:00:00
movie,40897,83,\N,\N,\N,OK,2017-07-26 00:00:00
movie,40900,90,\N,\N,\N,OK,2017-07-26 00:00:00
movie,40911,140,\N,\N,\N,OK,2017-07-26 00:00:00
movie,40926,88,\N,\N,\N,OK,2017-07-26 00:00:00
movie,40932,124,\N,\N,\N,OK,2017-07-26 00:00:00
movie,40961,93,\N,\N,\N,OK,2017-07-26 00:00:00
movie,41050,115,\N,\N,\N,OK,2017-07-26 00:00:00
movie,41058,81,\N,\N,\N,OK,2017-07-26 00:00:00
movie,41059,91,\N,\N,\N,OK,2017-07-26 00:00:00
movie,41090,109,\N,\N,\N,OK,2017-07-26 00:00:00
movie,41109,145,\N,\N,\N,OK,2017-07-26 00:00:00
movie,41110,120,\N,\N,\N,OK,2017-07-26 00:00:00
movie,41120,107,\N,\N,\N,OK,2017-07-26 00:00:00
movie,41135,82,\N,\N,\N,OK,2017-07-26 00:00:00
movie,41153,101,\N,\N,\N,OK,2017-07-26 00:00:00
movie,41154,106,\N,\N,\N,OK,2017-07-26 00:00:00
movie,41156,87,\N,\N,\N,OK,2017-07-26 00:00:00
movie,41164,91,\N,\N,\N,OK,2017-07-26 00:00:00
movie,41180,88,\N,\N,\N,OK,2017-07-26 00:00:00
movie,41201,80,\N,\N,\N,OK,2017-07-26 00:00:00
movie,41206,104,\N,\N,\N,OK,2017-07-26 00:00:00
movie,41210,101,\N,\N,\N,OK,2017-07-26 00:00:00
movie,41211,105,\N,\N,\N,OK,2017-07-26 00:00:00
movie,41212,84,\N,\N,\N,OK,2017-07-26 00:00:00
movie,41215,102,\N,\N,\N,OK,2017-07-26 00:00:00
movie,41216,97,\N,\N,\N,OK,2017-07-26 00:00:00
movie,41225,121,\N,\N,\N,OK,2017-07-26 00:00:00
movie,41233,107,\N,\N,\N,OK,2017-07-26 00:00:00
movie,41240,97,\N,\N,\N,OK,2017-07-26 00:00:00
movie,41253,111,\N,\N,\N,OK,2017-07-26 00:00:00
movie,41273,111,\N,\N,\N,OK,2017-07-26 00:00:00
movie,41277,108,\N,\N,\N,OK,2017-07-26 00:00:00
movie,41282,100,\N,\N,\N,OK,2017-07-26 00:00:00
movie,41283,98,\N,\N,\N,OK,2017-07-26 00:00:00
movie,41316,50,\N,\N,\N,OK,2017-07-26 00:00:00
movie,41345,90,\N,\N,\N,OK,2017-07-26 00:00:00
movie,41360,90,\N,\N,\N,OK,2017-07-26 00:00:00
movie,41371,95,\N,\N,\N,OK,2017-07-26 00:00:00
movie,41378,107,\N,\N,\N,OK,2017-07-26 00:00:00
movie,41382,99,\N,\N,\N,OK,2017-07-26 00:00:00
movie,41391,97,\N,\N,\N,OK,2017-07-26 00:00:00
movie,41397,84,\N,\N,\N,OK,2017-07-26 00:00:00
movie,41402,116,\N,\N,\N,OK,2017-07-26 00:00:00
movie,41411,115,\N,\N,\N,OK,2017-07-26 00:00:00
movie,41413,106,\N,\N,\N,OK,2017-07-26 00:00:00
movie,41426,106,\N,\N,\N,OK,2017-07-26 00:00:00
movie,41428,67,\N,\N,\N,OK,2017-07-26 00:00:00
movie,41436,91,\N,\N,\N,OK,2017-07-26 00:00:00
movie,41439,90,\N,\N,\N,OK,2017-07-26 00:00:00
movie,41446,111,\N,\N,\N,OK,2017-07-26 00:00:00
movie,41463,88,\N,\N,\N,OK,2017-07-26 00:00:00
movie,41465,118,\N,\N,\N,OK,2017-07-26 00:00:00
movie,41469,96,\N,\N,\N,OK,2017-07-26 00:00:00
movie,41479,96,\N,\N,\N,OK,2017-07-26 00:00:00
movie,41495,107,\N,\N,\N,OK,2017-07-26 00:00:00
movie,41505,112,\N,\N,\N,OK,2017-07-26 00:00:00
movie,41513,103,\N,\N,\N,OK,2017-07-26 00:00:00
movie,41515,80,\N,\N,\N,OK,2017-07-26 00:00:00
movie,41517,156,\N,\N,\N,OK,2017-07-26 00:00:00
movie,41518,135,\N,\N,\N,OK,2017-07-26 00:00:00
movie,41520,124,\N,\N,\N,OK,2017-07-26 00:00:00
movie,41556,95,\N,\N,\N,OK,2017-07-26 00:00:00
movie,41579,109,\N,\N,\N,OK,2017-07-26 00:00:00
movie,41580,110,\N,\N,\N,OK,2017-07-26 00:00:00
movie,41582,96,\N,\N,\N,OK,2017-07-26 00:00:00
movie,41592,98,\N,\N,\N,OK,2017-07-26 00:00:00
movie,41602,108,\N,\N,\N,OK,2017-07-26 00:00:00
movie,41609,125,\N,\N,\N,OK,2017-07-26 00:00:00
movie,41616,103,\N,\N,\N,OK,2017-07-26 00:00:00
movie,41630,107,\N,\N,\N,OK,2017-07-26 00:00:00
movie,41647,180,\N,\N,\N,OK,2017-07-26 00:00:00
movie,41659,114,\N,\N,\N,OK,2017-07-26 00:00:00
movie,41662,124,\N,\N,\N,OK,2017-07-26 00:00:00
movie,41671,91,\N,\N,\N,OK,2017-07-26 00:00:00
movie,41682,120,\N,\N,\N,OK,2017-07-26 00:00:00
movie,41733,95,\N,\N,\N,OK,2017-07-26 00:00:00
movie,41759,97,\N,\N,\N,OK,2017-07-26 00:00:00
movie,41768,135,\N,\N,\N,OK,2017-07-26 00:00:00
movie,41769,92,\N,\N,\N,OK,2017-07-26 00:00:00
movie,41778,92,\N,\N,\N,OK,2017-07-26 00:00:00
movie,41779,115,\N,\N,\N,OK,2017-07-26 00:00:00
movie,41784,101,\N,\N,\N,OK,2017-07-26 00:00:00
movie,41791,118,\N,\N,\N,OK,2017-07-26 00:00:00
movie,41801,119,\N,\N,\N,OK,2017-07-26 00:00:00
movie,41805,89,\N,\N,\N,OK,2017-07-26 00:00:00
movie,41817,100,\N,\N,\N,OK,2017-07-26 00:00:00
movie,41821,95,\N,\N,\N,OK,2017-07-26 00:00:00
movie,41823,129,\N,\N,\N,OK,2017-07-26 00:00:00
movie,41827,102,\N,\N,\N,OK,2017-07-26 00:00:00
movie,41841,98,\N,\N,\N,OK,2017-07-26 00:00:00
movie,41845,104,\N,\N,\N,OK,2017-07-26 00:00:00
movie,41848,91,\N,\N,\N,OK,2017-07-26 00:00:00
movie,41852,109,\N,\N,\N,OK,2017-07-26 00:00:00
movie,41876,156,\N,\N,\N,OK,2017-07-26 00:00:00
movie,41878,126,\N,\N,\N,OK,2017-07-26 00:00:00
movie,41937,90,\N,\N,\N,OK,2017-07-26 00:00:00
movie,41946,102,\N,\N,\N,OK,2017-07-26 00:00:00
movie,41951,105,\N,\N,\N,OK,2017-07-26 00:00:00
movie,41963,91,\N,\N,\N,OK,2017-07-26 00:00:00
movie,41965,92,\N,\N,\N,OK,2017-07-26 00:00:00
movie,41975,108,\N,\N,\N,OK,2017-07-26 00:00:00
movie,41988,12,\N,\N,\N,OK,2017-07-26 00:00:00
movie,41993,104,\N,\N,\N,OK,2017-07-26 00:00:00
movie,41999,101,\N,\N,\N,OK,2017-07-26 00:00:00
movie,42000,124,\N,\N,\N,OK,2017-07-26 00:00:00
movie,42006,91,\N,\N,\N,OK,2017-07-26 00:00:00
movie,42010,103,\N,\N,\N,OK,2017-07-26 00:00:00
movie,42045,115,\N,\N,\N,OK,2017-07-26 00:00:00
movie,42053,87,\N,\N,\N,OK,2017-07-26 00:00:00
movie,42113,130,\N,\N,\N,OK,2017-07-26 00:00:00
movie,42121,92,\N,\N,\N,OK,2017-07-26 00:00:00
movie,42122,118,\N,\N,\N,OK,2017-07-26 00:00:00
movie,42124,95,\N,\N,\N,OK,2017-07-26 00:00:00
movie,42130,105,\N,\N,\N,OK,2017-07-26 00:00:00
movie,42151,89,\N,\N,\N,OK,2017-07-26 00:00:00
movie,42158,123,\N,\N,\N,OK,2017-07-26 00:00:00
movie,42159,117,\N,\N,\N,OK,2017-07-26 00:00:00
movie,42160,131,\N,\N,\N,OK,2017-07-26 00:00:00
movie,42164,117,\N,\N,\N,OK,2017-07-26 00:00:00
movie,42171,105,\N,\N,\N,OK,2017-07-26 00:00:00
movie,42188,104,\N,\N,\N,OK,2017-07-26 00:00:00
movie,42189,72,\N,\N,\N,OK,2017-07-26 00:00:00
movie,42194,92,\N,\N,\N,OK,2017-07-26 00:00:00
movie,42196,129,\N,\N,\N,OK,2017-07-26 00:00:00
movie,42222,117,\N,\N,\N,OK,2017-07-26 00:00:00
movie,42229,110,\N,\N,\N,OK,2017-07-26 00:00:00
movie,42236,155,\N,\N,\N,OK,2017-07-26 00:00:00
movie,42237,116,\N,\N,\N,OK,2017-07-26 00:00:00
movie,42275,100,\N,\N,\N,OK,2017-07-26 00:00:00
movie,42279,19,\N,\N,\N,OK,2017-07-26 00:00:00
movie,42291,120,\N,\N,\N,OK,2017-07-26 00:00:00
movie,42293,106,\N,\N,\N,OK,2017-07-26 00:00:00
movie,42296,87,\N,\N,\N,OK,2017-07-26 00:00:00
movie,42297,119,\N,\N,\N,OK,2017-07-26 00:00:00
movie,42307,90,\N,\N,\N,OK,2017-07-26 00:00:00
movie,42314,112,\N,\N,\N,OK,2017-07-26 00:00:00
movie,42323,104,\N,\N,\N,OK,2017-07-26 00:00:00
movie,42355,82,\N,\N,\N,OK,2017-07-26 00:00:00
movie,42359,76,\N,\N,\N,OK,2017-07-26 00:00:00
movie,42371,100,\N,\N,\N,OK,2017-07-26 00:00:00
movie,42380,98,\N,\N,\N,OK,2017-07-26 00:00:00
movie,42390,96,\N,\N,\N,OK,2017-07-26 00:00:00
movie,42420,105,\N,\N,\N,OK,2017-07-26 00:00:00
movie,42424,98,\N,\N,\N,OK,2017-07-26 00:00:00
movie,42507,117,\N,\N,\N,OK,2017-07-26 00:00:00
movie,42517,95,\N,\N,\N,OK,2017-07-26 00:00:00
movie,42518,76,\N,\N,\N,OK,2017-07-26 00:00:00
movie,42521,78,\N,\N,\N,OK,2017-07-26 00:00:00
movie,42541,149,\N,\N,\N,OK,2017-07-26 00:00:00
movie,42548,90,\N,\N,\N,OK,2017-07-26 00:00:00
movie,42566,106,\N,\N,\N,OK,2017-07-26 00:00:00
movie,42580,91,\N,\N,\N,OK,2017-07-26 00:00:00
movie,42602,101,\N,\N,\N,OK,2017-07-26 00:00:00
movie,42618,149,\N,\N,\N,OK,2017-07-26 00:00:00
movie,42632,78,\N,\N,\N,OK,2017-07-26 00:00:00
movie,42684,100,\N,\N,\N,OK,2017-07-26 00:00:00
movie,42694,90,\N,\N,\N,OK,2017-07-26 00:00:00
movie,42699,79,\N,\N,\N,OK,2017-07-26 00:00:00
movie,42719,99,\N,\N,\N,OK,2017-07-26 00:00:00
movie,42726,102,\N,\N,\N,OK,2017-07-26 00:00:00
movie,42731,118,\N,\N,\N,OK,2017-07-26 00:00:00
movie,42738,114,\N,\N,\N,OK,2017-07-26 00:00:00
movie,42739,98,\N,\N,\N,OK,2017-07-26 00:00:00
movie,42740,119,\N,\N,\N,OK,2017-07-26 00:00:00
movie,42750,104,\N,\N,\N,OK,2017-07-26 00:00:00
movie,42791,115,\N,\N,\N,OK,2017-07-26 00:00:00
movie,42797,128,\N,\N,\N,OK,2017-07-26 00:00:00
movie,42801,119,\N,\N,\N,OK,2017-07-26 00:00:00
movie,42807,113,\N,\N,\N,OK,2017-07-26 00:00:00
movie,42812,89,\N,\N,\N,OK,2017-07-26 00:00:00
movie,42814,101,\N,\N,\N,OK,2017-07-26 00:00:00
movie,42852,114,\N,\N,\N,OK,2017-07-26 00:00:00
movie,42861,123,\N,\N,\N,OK,2017-07-26 00:00:00
movie,42879,98,\N,\N,\N,OK,2017-07-26 00:00:00
movie,42881,96,\N,\N,\N,OK,2017-07-26 00:00:00
movie,42884,88,\N,\N,\N,OK,2017-07-26 00:00:00
movie,42888,121,\N,\N,\N,OK,2017-07-26 00:00:00
movie,42889,120,\N,\N,\N,OK,2017-07-26 00:00:00
movie,42916,90,\N,\N,\N,OK,2017-07-26 00:00:00
movie,42918,85,\N,\N,\N,OK,2017-07-26 00:00:00
movie,42941,92,\N,\N,\N,OK,2017-07-26 00:00:00
movie,42949,101,\N,\N,\N,OK,2017-07-26 00:00:00
movie,42950,111,\N,\N,\N,OK,2017-07-26 00:00:00
movie,42966,135,\N,\N,\N,OK,2017-07-26 00:00:00
movie,42989,94,\N,\N,\N,OK,2017-07-26 00:00:00
movie,42994,113,\N,\N,\N,OK,2017-07-26 00:00:00
movie,43002,107,\N,\N,\N,OK,2017-07-26 00:00:00
movie,43004,174,\N,\N,\N,OK,2017-07-26 00:00:00
movie,43074,116,\N,\N,\N,OK,2017-07-26 00:00:00
movie,43090,89,\N,\N,\N,OK,2017-07-26 00:00:00
movie,43096,95,\N,\N,\N,OK,2017-07-26 00:00:00
movie,43099,86,\N,\N,\N,OK,2017-07-26 00:00:00
movie,43103,115,\N,\N,\N,OK,2017-07-26 00:00:00
movie,43109,69,\N,\N,\N,OK,2017-07-26 00:00:00
movie,43128,68,\N,\N,\N,OK,2017-07-26 00:00:00
movie,43137,120,\N,\N,\N,OK,2017-07-26 00:00:00
movie,43200,105,\N,\N,\N,OK,2017-07-26 00:00:00
movie,43209,95,\N,\N,\N,OK,2017-07-26 00:00:00
movie,43212,100,\N,\N,\N,OK,2017-07-26 00:00:00
movie,43236,151,\N,\N,\N,OK,2017-07-26 00:00:00
movie,43239,117,\N,\N,\N,OK,2017-07-26 00:00:00
movie,43258,137,\N,\N,\N,OK,2017-07-26 00:00:00
movie,43263,87,\N,\N,\N,OK,2017-07-26 00:00:00
movie,43277,176,\N,\N,\N,OK,2017-07-26 00:00:00
movie,43278,116,\N,\N,\N,OK,2017-07-26 00:00:00
movie,43307,145,\N,\N,\N,OK,2017-07-26 00:00:00
movie,43313,123,\N,\N,\N,OK,2017-07-26 00:00:00
movie,43316,89,\N,\N,\N,OK,2017-07-26 00:00:00
movie,43336,104,\N,\N,\N,OK,2017-07-26 00:00:00
movie,43347,112,\N,\N,\N,OK,2017-07-26 00:00:00
movie,43376,115,\N,\N,\N,OK,2017-07-26 00:00:00
movie,43388,103,\N,\N,\N,OK,2017-07-26 00:00:00
movie,43418,122,\N,\N,\N,OK,2017-07-26 00:00:00
movie,43423,118,\N,\N,\N,OK,2017-07-26 00:00:00
movie,43430,184,\N,\N,\N,OK,2017-07-26 00:00:00
movie,43434,338,\N,\N,\N,OK,2017-07-26 00:00:00
movie,43436,121,\N,\N,\N,OK,2017-07-26 00:00:00
movie,43442,134,\N,\N,\N,OK,2017-07-26 00:00:00
movie,43466,97,\N,\N,\N,OK,2017-07-26 00:00:00
movie,43485,128,\N,\N,\N,OK,2017-07-26 00:00:00
movie,43490,142,\N,\N,\N,OK,2017-07-26 00:00:00
movie,43516,156,\N,\N,\N,OK,2017-07-26 00:00:00
movie,43535,106,\N,\N,\N,OK,2017-07-26 00:00:00
movie,43539,133,\N,\N,\N,OK,2017-07-26 00:00:00
movie,43549,96,\N,\N,\N,OK,2017-07-26 00:00:00
movie,43550,87,\N,\N,\N,OK,2017-07-26 00:00:00
movie,43552,92,\N,\N,\N,OK,2017-07-26 00:00:00
movie,43566,108,\N,\N,\N,OK,2017-07-26 00:00:00
movie,43593,88,\N,\N,\N,OK,2017-07-26 00:00:00
movie,43634,86,\N,\N,\N,OK,2017-07-26 00:00:00
movie,43641,25,\N,\N,\N,OK,2017-07-26 00:00:00
movie,43642,93,\N,\N,\N,OK,2017-07-26 00:00:00
movie,43650,34,\N,\N,\N,OK,2017-07-26 00:00:00
movie,43680,136,\N,\N,\N,OK,2017-07-26 00:00:00
movie,43727,121,\N,\N,\N,OK,2017-07-26 00:00:00
movie,43739,88,\N,\N,\N,OK,2017-07-26 00:00:00
movie,43742,108,\N,\N,\N,OK,2017-07-26 00:00:00
movie,43754,92,\N,\N,\N,OK,2017-07-26 00:00:00
movie,43772,123,\N,\N,\N,OK,2017-07-26 00:00:00
movie,43774,94,\N,\N,\N,OK,2017-07-26 00:00:00
movie,43795,119,\N,\N,\N,OK,2017-07-26 00:00:00
movie,43802,115,\N,\N,\N,OK,2017-07-26 00:00:00
movie,43805,126,\N,\N,\N,OK,2017-07-26 00:00:00
movie,43807,141,\N,\N,\N,OK,2017-07-26 00:00:00
movie,43810,89,\N,\N,\N,OK,2017-07-26 00:00:00
movie,43818,118,\N,\N,\N,OK,2017-07-26 00:00:00
movie,43828,94,\N,\N,\N,OK,2017-07-26 00:00:00
movie,43832,121,\N,\N,\N,OK,2017-07-26 00:00:00
movie,43860,80,\N,\N,\N,OK,2017-07-26 00:00:00
movie,43864,92,\N,\N,\N,OK,2017-07-26 00:00:00
movie,43874,109,\N,\N,\N,OK,2017-07-26 00:00:00
movie,43875,123,\N,\N,\N,OK,2017-07-26 00:00:00
movie,43881,115,\N,\N,\N,OK,2017-07-26 00:00:00
movie,43886,99,\N,\N,\N,OK,2017-07-26 00:00:00
movie,43892,98,\N,\N,\N,OK,2017-07-26 00:00:00
movie,43904,89,\N,\N,\N,OK,2017-07-26 00:00:00
movie,43905,83,\N,\N,\N,OK,2017-07-26 00:00:00
movie,43919,89,\N,\N,\N,OK,2017-07-26 00:00:00
movie,43920,91,\N,\N,\N,OK,2017-07-26 00:00:00
movie,43922,107,\N,\N,\N,OK,2017-07-26 00:00:00
movie,43923,101,\N,\N,\N,OK,2017-07-26 00:00:00
movie,43930,103,\N,\N,\N,OK,2017-07-26 00:00:00
movie,43931,107,\N,\N,\N,OK,2017-07-26 00:00:00
movie,43933,94,\N,\N,\N,OK,2017-07-26 00:00:00
movie,43935,107,\N,\N,\N,OK,2017-07-26 00:00:00
movie,43939,107,\N,\N,\N,OK,2017-07-26 00:00:00
movie,43942,93,\N,\N,\N,OK,2017-07-26 00:00:00
movie,43943,89,\N,\N,\N,OK,2017-07-26 00:00:00
movie,43947,108,\N,\N,\N,OK,2017-07-26 00:00:00
movie,43949,89,\N,\N,\N,OK,2017-07-26 00:00:00
movie,43950,90,\N,\N,\N,OK,2017-07-26 00:00:00
movie,43956,49,\N,\N,\N,OK,2017-07-26 00:00:00
movie,43959,106,\N,\N,\N,OK,2017-07-26 00:00:00
movie,43978,86,\N,\N,\N,OK,2017-07-26 00:00:00
movie,44008,84,\N,\N,\N,OK,2017-07-26 00:00:00
movie,44009,129,\N,\N,\N,OK,2017-07-26 00:00:00
movie,44015,98,\N,\N,\N,OK,2017-07-26 00:00:00
movie,44018,105,\N,\N,\N,OK,2017-07-26 00:00:00
movie,44026,93,\N,\N,\N,OK,2017-07-26 00:00:00
movie,44027,91,\N,\N,\N,OK,2017-07-26 00:00:00
movie,44032,83,\N,\N,\N,OK,2017-07-26 00:00:00
movie,44037,93,\N,\N,\N,OK,2017-07-26 00:00:00
movie,44040,80,\N,\N,\N,OK,2017-07-26 00:00:00
movie,44048,98,\N,\N,\N,OK,2017-07-26 00:00:00
movie,44092,117,\N,\N,\N,OK,2017-07-26 00:00:00
movie,44098,116,\N,\N,\N,OK,2017-07-26 00:00:00
movie,44113,105,\N,\N,\N,OK,2017-07-26 00:00:00
movie,44115,94,\N,\N,\N,OK,2017-07-26 00:00:00
movie,44129,104,\N,\N,\N,OK,2017-07-26 00:00:00
movie,44147,98,\N,\N,\N,OK,2017-07-26 00:00:00
movie,44154,200,\N,\N,\N,OK,2017-07-26 00:00:00
movie,44155,102,\N,\N,\N,OK,2017-07-26 00:00:00
movie,44160,103,\N,\N,\N,OK,2017-07-26 00:00:00
movie,44181,90,\N,\N,\N,OK,2017-07-26 00:00:00
movie,44214,108,\N,\N,\N,OK,2017-07-26 00:00:00
movie,44219,101,\N,\N,\N,OK,2017-07-26 00:00:00
movie,44221,92,\N,\N,\N,OK,2017-07-26 00:00:00
movie,44224,90,\N,\N,\N,OK,2017-07-26 00:00:00
movie,44238,14,\N,\N,\N,OK,2017-07-26 00:00:00
movie,44244,97,\N,\N,\N,OK,2017-07-26 00:00:00
movie,44245,117,\N,\N,\N,OK,2017-07-26 00:00:00
movie,44246,119,\N,\N,\N,OK,2017-07-26 00:00:00
movie,44251,48,\N,\N,\N,OK,2017-07-26 00:00:00
movie,44258,116,\N,\N,\N,OK,2017-07-26 00:00:00
movie,44263,110,\N,\N,\N,OK,2017-07-26 00:00:00
movie,44264,110,\N,\N,\N,OK,2017-07-26 00:00:00
movie,44269,100,\N,\N,\N,OK,2017-07-26 00:00:00
movie,44282,103,\N,\N,\N,OK,2017-07-26 00:00:00
movie,44297,93,\N,\N,\N,OK,2017-07-26 00:00:00
movie,44321,101,\N,\N,\N,OK,2017-07-26 00:00:00
movie,44326,89,\N,\N,\N,OK,2017-07-26 00:00:00
movie,44338,7,\N,\N,\N,OK,2017-07-26 00:00:00
movie,44340,91,\N,\N,\N,OK,2017-07-26 00:00:00
movie,44351,42,\N,\N,\N,OK,2017-07-26 00:00:00
movie,44363,93,\N,\N,\N,OK,2017-07-26 00:00:00
movie,44379,82,\N,\N,\N,OK,2017-07-26 00:00:00
movie,44412,86,\N,\N,\N,OK,2017-07-26 00:00:00
movie,44425,130,\N,\N,\N,OK,2017-07-26 00:00:00
movie,44470,84,\N,\N,\N,OK,2017-07-26 00:00:00
movie,44490,96,\N,\N,\N,OK,2017-07-26 00:00:00
movie,44494,41,\N,\N,\N,OK,2017-07-26 00:00:00
movie,44497,79,\N,\N,\N,OK,2017-07-26 00:00:00
movie,44510,34,\N,\N,\N,OK,2017-07-26 00:00:00
movie,44535,102,\N,\N,\N,OK,2017-07-26 00:00:00
movie,44539,97,\N,\N,\N,OK,2017-07-26 00:00:00
movie,44560,135,\N,\N,\N,OK,2017-07-26 00:00:00
movie,44564,111,\N,\N,\N,OK,2017-07-26 00:00:00
movie,44565,155,\N,\N,\N,OK,2017-07-26 00:00:00
movie,44566,151,\N,\N,\N,OK,2017-07-26 00:00:00
movie,44585,79,\N,\N,\N,OK,2017-07-26 00:00:00
movie,44594,95,\N,\N,\N,OK,2017-07-26 00:00:00
movie,44603,129,\N,\N,\N,OK,2017-07-26 00:00:00
movie,44629,113,\N,\N,\N,OK,2017-07-26 00:00:00
movie,44639,109,\N,\N,\N,OK,2017-07-26 00:00:00
movie,44664,103,\N,\N,\N,OK,2017-07-26 00:00:00
movie,44678,90,\N,\N,\N,OK,2017-07-26 00:00:00
movie,44683,76,\N,\N,\N,OK,2017-07-26 00:00:00
movie,44705,134,\N,\N,\N,OK,2017-07-26 00:00:00
movie,44716,119,\N,\N,\N,OK,2017-07-26 00:00:00
movie,44718,103,\N,\N,\N,OK,2017-07-26 00:00:00
movie,44734,93,\N,\N,\N,OK,2017-07-26 00:00:00
movie,44737,79,\N,\N,\N,OK,2017-07-26 00:00:00
movie,44749,150,\N,\N,\N,OK,2017-07-26 00:00:00
movie,44754,149,\N,\N,\N,OK,2017-07-26 00:00:00
movie,44756,75,\N,\N,\N,OK,2017-07-26 00:00:00
movie,44770,80,\N,\N,\N,OK,2017-07-26 00:00:00
movie,44772,102,\N,\N,\N,OK,2017-07-26 00:00:00
movie,44773,93,\N,\N,\N,OK,2017-07-26 00:00:00
movie,44811,90,\N,\N,\N,OK,2017-07-26 00:00:00
movie,44826,126,\N,\N,\N,OK,2017-07-26 00:00:00
movie,44833,131,\N,\N,\N,OK,2017-07-26 00:00:00
movie,44835,106,\N,\N,\N,OK,2017-07-26 00:00:00
movie,44853,120,\N,\N,\N,OK,2017-07-26 00:00:00
movie,44859,91,\N,\N,\N,OK,2017-07-26 00:00:00
movie,44862,89,\N,\N,\N,OK,2017-07-26 00:00:00
movie,44865,130,\N,\N,\N,OK,2017-07-26 00:00:00
movie,44874,79,\N,\N,\N,OK,2017-07-26 00:00:00
movie,44877,117,\N,\N,\N,OK,2017-07-26 00:00:00
movie,44896,107,\N,\N,\N,OK,2017-07-26 00:00:00
movie,44912,114,\N,\N,\N,OK,2017-07-26 00:00:00
movie,44918,90,\N,\N,\N,OK,2017-07-26 00:00:00
movie,44932,97,\N,\N,\N,OK,2017-07-26 00:00:00
movie,44943,116,\N,\N,\N,OK,2017-07-26 00:00:00
movie,44944,134,\N,\N,\N,OK,2017-07-26 00:00:00
movie,44945,104,\N,\N,\N,OK,2017-07-26 00:00:00
movie,44946,100,\N,\N,\N,OK,2017-07-26 00:00:00
movie,44950,87,\N,\N,\N,OK,2017-07-26 00:00:00
movie,44966,78,\N,\N,\N,OK,2017-07-26 00:00:00
movie,44977,172,\N,\N,\N,OK,2017-07-26 00:00:00
movie,44978,155,\N,\N,\N,OK,2017-07-26 00:00:00
movie,44982,97,\N,\N,\N,OK,2017-07-26 00:00:00
movie,44992,44,\N,\N,\N,OK,2017-07-26 00:00:00
movie,45013,112,\N,\N,\N,OK,2017-07-26 00:00:00
movie,45019,115,\N,\N,\N,OK,2017-07-26 00:00:00
movie,45022,89,\N,\N,\N,OK,2017-07-26 00:00:00
movie,45054,112,\N,\N,\N,OK,2017-07-26 00:00:00
movie,45075,108,\N,\N,\N,OK,2017-07-26 00:00:00
movie,45077,93,\N,\N,\N,OK,2017-07-26 00:00:00
movie,45094,107,\N,\N,\N,OK,2017-07-26 00:00:00
movie,45096,99,\N,\N,\N,OK,2017-07-26 00:00:00
movie,45129,113,\N,\N,\N,OK,2017-07-26 00:00:00
movie,45132,96,\N,\N,\N,OK,2017-07-26 00:00:00
movie,45153,109,\N,\N,\N,OK,2017-07-26 00:00:00
movie,45156,106,\N,\N,\N,OK,2017-07-26 00:00:00
movie,45162,78,\N,\N,\N,OK,2017-07-26 00:00:00
movie,45202,106,\N,\N,\N,OK,2017-07-26 00:00:00
movie,45227,98,\N,\N,\N,OK,2017-07-26 00:00:00
movie,45243,102,\N,\N,\N,OK,2017-07-26 00:00:00
movie,45267,208,\N,\N,\N,OK,2017-07-26 00:00:00
movie,45269,118,\N,\N,\N,OK,2017-07-26 00:00:00
movie,45272,117,\N,\N,\N,OK,2017-07-26 00:00:00
movie,45274,117,\N,\N,\N,OK,2017-07-26 00:00:00
movie,45284,109,\N,\N,\N,OK,2017-07-26 00:00:00
movie,45316,138,\N,\N,\N,OK,2017-07-26 00:00:00
movie,45317,116,\N,\N,\N,OK,2017-07-26 00:00:00
movie,45324,108,\N,\N,\N,OK,2017-07-26 00:00:00
movie,45325,97,\N,\N,\N,OK,2017-07-26 00:00:00
movie,45368,117,\N,\N,\N,OK,2017-07-26 00:00:00
movie,45371,93,\N,\N,\N,OK,2017-07-26 00:00:00
movie,45397,97,\N,\N,\N,OK,2017-07-26 00:00:00
movie,45408,91,\N,\N,\N,OK,2017-07-26 00:00:00
movie,45523,84,\N,\N,\N,OK,2017-07-26 00:00:00
movie,45527,92,\N,\N,\N,OK,2017-07-26 00:00:00
movie,45556,92,\N,\N,\N,OK,2017-07-26 00:00:00
movie,45565,88,\N,\N,\N,OK,2017-07-26 00:00:00
movie,45569,97,\N,\N,\N,OK,2017-07-26 00:00:00
movie,45576,85,\N,\N,\N,OK,2017-07-26 00:00:00
movie,45578,103,\N,\N,\N,OK,2017-07-26 00:00:00
movie,45595,112,\N,\N,\N,OK,2017-07-26 00:00:00
movie,45609,102,\N,\N,\N,OK,2017-07-26 00:00:00
movie,45610,129,\N,\N,\N,OK,2017-07-26 00:00:00
movie,45612,93,\N,\N,\N,OK,2017-07-26 00:00:00
movie,45649,85,\N,\N,\N,OK,2017-07-26 00:00:00
movie,45657,88,\N,\N,\N,OK,2017-07-26 00:00:00
movie,45658,97,\N,\N,\N,OK,2017-07-26 00:00:00
movie,45662,76,\N,\N,\N,OK,2017-07-26 00:00:00
movie,45671,100,\N,\N,\N,OK,2017-07-26 00:00:00
movie,45697,58,\N,\N,\N,OK,2017-07-26 00:00:00
movie,45706,83,\N,\N,\N,OK,2017-07-26 00:00:00
movie,45708,105,\N,\N,\N,OK,2017-07-26 00:00:00
movie,45736,126,\N,\N,\N,OK,2017-07-26 00:00:00
movie,45745,14,\N,\N,\N,OK,2017-07-26 00:00:00
movie,45752,72,\N,\N,\N,OK,2017-07-26 00:00:00
movie,45756,85,\N,\N,\N,OK,2017-07-26 00:00:00
movie,45759,137,\N,\N,\N,OK,2017-07-26 00:00:00
movie,45772,84,\N,\N,\N,OK,2017-07-26 00:00:00
movie,45778,99,\N,\N,\N,OK,2017-07-26 00:00:00
movie,45780,82,\N,\N,\N,OK,2017-07-26 00:00:00
movie,45792,88,\N,\N,\N,OK,2017-07-26 00:00:00
movie,45839,89,\N,\N,\N,OK,2017-07-26 00:00:00
movie,45864,93,\N,\N,\N,OK,2017-07-26 00:00:00
movie,45928,108,\N,\N,\N,OK,2017-07-26 00:00:00
movie,45929,95,\N,\N,\N,OK,2017-07-26 00:00:00
movie,45958,148,\N,\N,\N,OK,2017-07-26 00:00:00
movie,45964,97,\N,\N,\N,OK,2017-07-26 00:00:00
movie,46010,92,\N,\N,\N,OK,2017-07-26 00:00:00
movie,46020,89,\N,\N,\N,OK,2017-07-26 00:00:00
movie,46029,118,\N,\N,\N,OK,2017-07-26 00:00:00
movie,46040,135,\N,\N,\N,OK,2017-07-26 00:00:00
movie,46063,103,\N,\N,\N,OK,2017-07-26 00:00:00
movie,46094,107,\N,\N,\N,OK,2017-07-26 00:00:00
movie,46103,98,\N,\N,\N,OK,2017-07-26 00:00:00
movie,46105,102,\N,\N,\N,OK,2017-07-26 00:00:00
movie,46106,87,\N,\N,\N,OK,2017-07-26 00:00:00
movie,46119,100,\N,\N,\N,OK,2017-07-26 00:00:00
movie,46138,113,\N,\N,\N,OK,2017-07-26 00:00:00
movie,46146,103,\N,\N,\N,OK,2017-07-26 00:00:00
movie,46187,96,\N,\N,\N,OK,2017-07-26 00:00:00
movie,46195,96,\N,\N,\N,OK,2017-07-26 00:00:00
movie,46197,93,\N,\N,\N,OK,2017-07-26 00:00:00
movie,46198,84,\N,\N,\N,OK,2017-07-26 00:00:00
movie,46207,102,\N,\N,\N,OK,2017-07-26 00:00:00
movie,46221,90,\N,\N,\N,OK,2017-07-26 00:00:00
movie,46261,99,\N,\N,\N,OK,2017-07-26 00:00:00
movie,46332,120,\N,\N,\N,OK,2017-07-26 00:00:00
movie,46368,90,\N,\N,\N,OK,2017-07-26 00:00:00
movie,46420,84,\N,\N,\N,OK,2017-07-26 00:00:00
movie,46429,90,\N,\N,\N,OK,2017-07-26 00:00:00
movie,46435,160,\N,\N,\N,OK,2017-07-26 00:00:00
movie,46441,86,\N,\N,\N,OK,2017-07-26 00:00:00
movie,46492,96,\N,\N,\N,OK,2017-07-26 00:00:00
movie,46503,101,\N,\N,\N,OK,2017-07-26 00:00:00
movie,46504,82,\N,\N,\N,OK,2017-07-26 00:00:00
movie,46523,84,\N,\N,\N,OK,2017-07-26 00:00:00
movie,46528,100,\N,\N,\N,OK,2017-07-26 00:00:00
movie,46529,109,\N,\N,\N,OK,2017-07-26 00:00:00
movie,46541,98,\N,\N,\N,OK,2017-07-26 00:00:00
movie,46562,83,\N,\N,\N,OK,2017-07-26 00:00:00
movie,46564,98,\N,\N,\N,OK,2017-07-26 00:00:00
movie,46584,120,\N,\N,\N,OK,2017-07-26 00:00:00
movie,46632,85,\N,\N,\N,OK,2017-07-26 00:00:00
movie,46636,103,\N,\N,\N,OK,2017-07-26 00:00:00
movie,46665,92,\N,\N,\N,OK,2017-07-26 00:00:00
movie,46689,90,\N,\N,\N,OK,2017-07-26 00:00:00
movie,46702,116,\N,\N,\N,OK,2017-07-26 00:00:00
movie,46705,112,\N,\N,\N,OK,2017-07-26 00:00:00
movie,46713,98,\N,\N,\N,OK,2017-07-26 00:00:00
movie,46718,11,\N,\N,\N,OK,2017-07-26 00:00:00
movie,46738,130,\N,\N,\N,OK,2017-07-26 00:00:00
movie,46774,93,\N,\N,\N,OK,2017-07-26 00:00:00
movie,46785,85,\N,\N,\N,OK,2017-07-26 00:00:00
movie,46788,78,\N,\N,\N,OK,2017-07-26 00:00:00
movie,46789,105,\N,\N,\N,OK,2017-07-26 00:00:00
movie,46797,115,\N,\N,\N,OK,2017-07-26 00:00:00
movie,46812,81,\N,\N,\N,OK,2017-07-26 00:00:00
movie,46829,134,\N,\N,\N,OK,2017-07-26 00:00:00
movie,46836,86,\N,\N,\N,OK,2017-07-26 00:00:00
movie,46837,86,\N,\N,\N,OK,2017-07-26 00:00:00
movie,46838,89,\N,\N,\N,OK,2017-07-26 00:00:00
movie,46878,116,\N,\N,\N,OK,2017-07-26 00:00:00
movie,46889,100,\N,\N,\N,OK,2017-07-26 00:00:00
movie,46917,85,\N,\N,\N,OK,2017-07-26 00:00:00
movie,46920,98,\N,\N,\N,OK,2017-07-26 00:00:00
movie,46924,122,\N,\N,\N,OK,2017-07-26 00:00:00
movie,46934,121,\N,\N,\N,OK,2017-07-26 00:00:00
movie,46953,110,\N,\N,\N,OK,2017-07-26 00:00:00
movie,46967,65,\N,\N,\N,OK,2017-07-26 00:00:00
movie,46989,92,\N,\N,\N,OK,2017-07-26 00:00:00
movie,46991,80,\N,\N,\N,OK,2017-07-26 00:00:00
movie,46992,121,\N,\N,\N,OK,2017-07-26 00:00:00
movie,47003,83,\N,\N,\N,OK,2017-07-26 00:00:00
movie,47045,97,\N,\N,\N,OK,2017-07-26 00:00:00
movie,47065,86,\N,\N,\N,OK,2017-07-26 00:00:00
movie,47088,108,\N,\N,\N,OK,2017-07-26 00:00:00
movie,47095,109,\N,\N,\N,OK,2017-07-26 00:00:00
movie,47177,93,\N,\N,\N,OK,2017-07-26 00:00:00
movie,47199,95,\N,\N,\N,OK,2017-07-26 00:00:00
movie,47218,100,\N,\N,\N,OK,2017-07-26 00:00:00
movie,47261,107,\N,\N,\N,OK,2017-07-26 00:00:00
movie,47288,87,\N,\N,\N,OK,2017-07-26 00:00:00
movie,47295,85,\N,\N,\N,OK,2017-07-26 00:00:00
movie,47320,99,\N,\N,\N,OK,2017-07-26 00:00:00
movie,47327,105,\N,\N,\N,OK,2017-07-26 00:00:00
movie,47333,112,\N,\N,\N,OK,2017-07-26 00:00:00
movie,47386,99,\N,\N,\N,OK,2017-07-26 00:00:00
movie,47407,88,\N,\N,\N,OK,2017-07-26 00:00:00
movie,47423,103,\N,\N,\N,OK,2017-07-26 00:00:00
movie,47449,80,\N,\N,\N,OK,2017-07-26 00:00:00
movie,47452,93,\N,\N,\N,OK,2017-07-26 00:00:00
movie,47467,113,\N,\N,\N,OK,2017-07-26 00:00:00
movie,47475,96,\N,\N,\N,OK,2017-07-26 00:00:00
movie,47518,79,\N,\N,\N,OK,2017-07-26 00:00:00
movie,47533,79,\N,\N,\N,OK,2017-07-26 00:00:00
movie,47559,103,\N,\N,\N,OK,2017-07-26 00:00:00
movie,47585,106,\N,\N,\N,OK,2017-07-26 00:00:00
movie,47596,90,\N,\N,\N,OK,2017-07-26 00:00:00
movie,47607,99,\N,\N,\N,OK,2017-07-26 00:00:00
movie,47608,95,\N,\N,\N,OK,2017-07-26 00:00:00
movie,47626,16,\N,\N,\N,OK,2017-07-26 00:00:00
movie,47653,20,\N,\N,\N,OK,2017-07-26 00:00:00
movie,47676,95,\N,\N,\N,OK,2017-07-26 00:00:00
movie,47684,76,\N,\N,\N,OK,2017-07-26 00:00:00
movie,47692,116,\N,\N,\N,OK,2017-07-26 00:00:00
movie,47694,130,\N,\N,\N,OK,2017-07-26 00:00:00
movie,47697,90,\N,\N,\N,OK,2017-07-26 00:00:00
movie,47714,114,\N,\N,\N,OK,2017-07-26 00:00:00
movie,47715,102,\N,\N,\N,OK,2017-07-26 00:00:00
movie,47724,115,\N,\N,\N,OK,2017-07-26 00:00:00
movie,47747,33,\N,\N,\N,OK,2017-07-26 00:00:00
movie,47759,106,\N,\N,\N,OK,2017-07-26 00:00:00
movie,47760,91,\N,\N,\N,OK,2017-07-26 00:00:00
movie,47762,89,\N,\N,\N,OK,2017-07-26 00:00:00
movie,47763,85,\N,\N,\N,OK,2017-07-26 00:00:00
movie,47817,95,\N,\N,\N,OK,2017-07-26 00:00:00
movie,47818,90,\N,\N,\N,OK,2017-07-26 00:00:00
movie,47819,86,\N,\N,\N,OK,2017-07-26 00:00:00
movie,47850,70,\N,\N,\N,OK,2017-07-26 00:00:00
movie,47854,105,\N,\N,\N,OK,2017-07-26 00:00:00
movie,47866,101,\N,\N,\N,OK,2017-07-26 00:00:00
movie,47867,90,\N,\N,\N,OK,2017-07-26 00:00:00
movie,47868,90,\N,\N,\N,OK,2017-07-26 00:00:00
movie,47876,103,\N,\N,\N,OK,2017-07-26 00:00:00
movie,47881,103,\N,\N,\N,OK,2017-07-26 00:00:00
movie,47889,114,\N,\N,\N,OK,2017-07-26 00:00:00
movie,47904,137,\N,\N,\N,OK,2017-07-26 00:00:00
movie,47907,117,\N,\N,\N,OK,2017-07-26 00:00:00
movie,47908,108,\N,\N,\N,OK,2017-07-26 00:00:00
movie,47909,139,\N,\N,\N,OK,2017-07-26 00:00:00
movie,47912,87,\N,\N,\N,OK,2017-07-26 00:00:00
movie,47931,115,\N,\N,\N,OK,2017-07-26 00:00:00
movie,47933,120,\N,\N,\N,OK,2017-07-26 00:00:00
movie,47939,115,\N,\N,\N,OK,2017-07-26 00:00:00
movie,47941,98,\N,\N,\N,OK,2017-07-26 00:00:00
movie,47943,117,\N,\N,\N,OK,2017-07-26 00:00:00
movie,47947,96,\N,\N,\N,OK,2017-07-26 00:00:00
movie,47951,90,\N,\N,\N,OK,2017-07-26 00:00:00
movie,47955,90,\N,\N,\N,OK,2017-07-26 00:00:00
movie,47959,111,\N,\N,\N,OK,2017-07-26 00:00:00
movie,47964,98,\N,\N,\N,OK,2017-07-26 00:00:00
movie,47971,107,\N,\N,\N,OK,2017-07-26 00:00:00
movie,47979,96,\N,\N,\N,OK,2017-07-26 00:00:00
movie,48015,81,\N,\N,\N,OK,2017-07-26 00:00:00
movie,48034,154,\N,\N,\N,OK,2017-07-26 00:00:00
movie,48035,126,\N,\N,\N,OK,2017-07-26 00:00:00
movie,48129,91,\N,\N,\N,OK,2017-07-26 00:00:00
movie,48132,117,\N,\N,\N,OK,2017-07-26 00:00:00
movie,48138,113,\N,\N,\N,OK,2017-07-26 00:00:00
movie,48150,105,\N,\N,\N,OK,2017-07-26 00:00:00
movie,48161,90,\N,\N,\N,OK,2017-07-26 00:00:00
movie,48171,114,\N,\N,\N,OK,2017-07-26 00:00:00
movie,48186,97,\N,\N,\N,OK,2017-07-26 00:00:00
movie,48213,118,\N,\N,\N,OK,2017-07-26 00:00:00
movie,48217,112,\N,\N,\N,OK,2017-07-26 00:00:00
movie,48231,99,\N,\N,\N,OK,2017-07-26 00:00:00
movie,48233,95,\N,\N,\N,OK,2017-07-26 00:00:00
movie,48243,84,\N,\N,\N,OK,2017-07-26 00:00:00
movie,48259,105,\N,\N,\N,OK,2017-07-26 00:00:00
movie,48287,94,\N,\N,\N,OK,2017-07-26 00:00:00
movie,48289,113,\N,\N,\N,OK,2017-07-26 00:00:00
movie,48297,98,\N,\N,\N,OK,2017-07-26 00:00:00
movie,48300,106,\N,\N,\N,OK,2017-07-26 00:00:00
movie,48303,106,\N,\N,\N,OK,2017-07-26 00:00:00
movie,48311,85,\N,\N,\N,OK,2017-07-26 00:00:00
movie,48340,108,\N,\N,\N,OK,2017-07-26 00:00:00
movie,48347,25,\N,\N,\N,OK,2017-07-26 00:00:00
movie,48365,85,\N,\N,\N,OK,2017-07-26 00:00:00
movie,48373,102,\N,\N,\N,OK,2017-07-26 00:00:00
movie,48385,72,\N,\N,\N,OK,2017-07-26 00:00:00
movie,48392,102,\N,\N,\N,OK,2017-07-26 00:00:00
movie,48393,85,\N,\N,\N,OK,2017-07-26 00:00:00
movie,48395,84,\N,\N,\N,OK,2017-07-26 00:00:00
movie,48415,102,\N,\N,\N,OK,2017-07-26 00:00:00
movie,48417,113,\N,\N,\N,OK,2017-07-26 00:00:00
movie,48463,94,\N,\N,\N,OK,2017-07-26 00:00:00
movie,48466,21,\N,\N,\N,OK,2017-07-26 00:00:00
movie,48492,119,\N,\N,\N,OK,2017-07-26 00:00:00
movie,48572,88,\N,\N,\N,OK,2017-07-26 00:00:00
movie,48573,106,\N,\N,\N,OK,2017-07-26 00:00:00
movie,48585,15,\N,\N,\N,OK,2017-07-26 00:00:00
movie,48620,102,\N,\N,\N,OK,2017-07-26 00:00:00
movie,48650,109,\N,\N,\N,OK,2017-07-26 00:00:00
movie,48660,91,\N,\N,\N,OK,2017-07-26 00:00:00
movie,48669,86,\N,\N,\N,OK,2017-07-26 00:00:00
movie,48677,101,\N,\N,\N,OK,2017-07-26 00:00:00
movie,48678,109,\N,\N,\N,OK,2017-07-26 00:00:00
movie,48686,105,\N,\N,\N,OK,2017-07-26 00:00:00
movie,48748,93,\N,\N,\N,OK,2017-07-26 00:00:00
movie,48750,175,\N,\N,\N,OK,2017-07-26 00:00:00
movie,48787,95,\N,\N,\N,OK,2017-07-26 00:00:00
movie,48798,93,\N,\N,\N,OK,2017-07-26 00:00:00
movie,48834,90,\N,\N,\N,OK,2017-07-26 00:00:00
movie,48838,103,\N,\N,\N,OK,2017-07-26 00:00:00
movie,48844,89,\N,\N,\N,OK,2017-07-26 00:00:00
movie,48871,88,\N,\N,\N,OK,2017-07-26 00:00:00
movie,48874,70,\N,\N,\N,OK,2017-07-26 00:00:00
movie,48946,97,\N,\N,\N,OK,2017-07-26 00:00:00
movie,48988,105,\N,\N,\N,OK,2017-07-26 00:00:00
movie,48992,104,\N,\N,\N,OK,2017-07-26 00:00:00
movie,49001,105,\N,\N,\N,OK,2017-07-26 00:00:00
movie,49004,102,\N,\N,\N,OK,2017-07-26 00:00:00
movie,49009,133,\N,\N,\N,OK,2017-07-26 00:00:00
movie,49010,86,\N,\N,\N,OK,2017-07-26 00:00:00
movie,49012,110,\N,\N,\N,OK,2017-07-26 00:00:00
movie,49013,106,\N,\N,\N,OK,2017-07-26 00:00:00
movie,49014,109,\N,\N,\N,OK,2017-07-26 00:00:00
movie,49017,92,\N,\N,\N,OK,2017-07-26 00:00:00
movie,49018,103,\N,\N,\N,OK,2017-07-26 00:00:00
movie,49020,97,\N,\N,\N,OK,2017-07-26 00:00:00
movie,49021,116,\N,\N,\N,OK,2017-07-26 00:00:00
movie,49022,112,\N,\N,\N,OK,2017-07-26 00:00:00
movie,49026,165,\N,\N,\N,OK,2017-07-26 00:00:00
movie,49037,96,\N,\N,\N,OK,2017-07-26 00:00:00
movie,49040,120,\N,\N,\N,OK,2017-07-26 00:00:00
movie,49047,91,\N,\N,\N,OK,2017-07-26 00:00:00
movie,49049,95,\N,\N,\N,OK,2017-07-26 00:00:00
movie,49051,169,\N,\N,\N,OK,2017-07-26 00:00:00
movie,49087,163,\N,\N,\N,OK,2017-07-26 00:00:00
movie,49126,113,\N,\N,\N,OK,2017-07-26 00:00:00
movie,49133,116,\N,\N,\N,OK,2017-07-26 00:00:00
movie,49184,105,\N,\N,\N,OK,2017-07-26 00:00:00
movie,49207,99,\N,\N,\N,OK,2017-07-26 00:00:00
movie,49261,99,\N,\N,\N,OK,2017-07-26 00:00:00
movie,49314,111,\N,\N,\N,OK,2017-07-26 00:00:00
movie,49347,90,\N,\N,\N,OK,2017-07-26 00:00:00
movie,49350,90,\N,\N,\N,OK,2017-07-26 00:00:00
movie,49365,112,\N,\N,\N,OK,2017-07-26 00:00:00
movie,49370,115,\N,\N,\N,OK,2017-07-26 00:00:00
movie,49381,113,\N,\N,\N,OK,2017-07-26 00:00:00
movie,49418,106,\N,\N,\N,OK,2017-07-26 00:00:00
movie,49444,91,\N,\N,\N,OK,2017-07-26 00:00:00
movie,49453,95,\N,\N,\N,OK,2017-07-26 00:00:00
movie,49462,83,\N,\N,\N,OK,2017-07-26 00:00:00
movie,49471,120,\N,\N,\N,OK,2017-07-26 00:00:00
movie,49494,114,\N,\N,\N,OK,2017-07-26 00:00:00
movie,49505,120,\N,\N,\N,OK,2017-07-26 00:00:00
movie,49517,127,\N,\N,\N,OK,2017-07-26 00:00:00
movie,49519,98,\N,\N,\N,OK,2017-07-26 00:00:00
movie,49520,112,\N,\N,\N,OK,2017-07-26 00:00:00
movie,49521,143,\N,\N,\N,OK,2017-07-26 00:00:00
movie,49524,96,\N,\N,\N,OK,2017-07-26 00:00:00
movie,49526,91,\N,\N,\N,OK,2017-07-26 00:00:00
movie,49527,102,\N,\N,\N,OK,2017-07-26 00:00:00
movie,49529,132,\N,\N,\N,OK,2017-07-26 00:00:00
movie,49530,109,\N,\N,\N,OK,2017-07-26 00:00:00
movie,49538,132,\N,\N,\N,OK,2017-07-26 00:00:00
movie,49565,30,\N,\N,\N,OK,2017-07-26 00:00:00
movie,49636,93,\N,\N,\N,OK,2017-07-26 00:00:00
movie,49680,102,\N,\N,\N,OK,2017-07-26 00:00:00
movie,49689,87,\N,\N,\N,OK,2017-07-26 00:00:00
movie,49706,96,\N,\N,\N,OK,2017-07-26 00:00:00
movie,49721,104,\N,\N,\N,OK,2017-07-26 00:00:00
movie,49730,100,\N,\N,\N,OK,2017-07-26 00:00:00
movie,49787,94,\N,\N,\N,OK,2017-07-26 00:00:00
movie,49797,141,\N,\N,\N,OK,2017-07-26 00:00:00
movie,49802,50,\N,\N,\N,OK,2017-07-26 00:00:00
movie,49805,97,\N,\N,\N,OK,2017-07-26 00:00:00
movie,49806,87,\N,\N,\N,OK,2017-07-26 00:00:00
movie,49849,119,\N,\N,\N,OK,2017-07-26 00:00:00
movie,49850,105,\N,\N,\N,OK,2017-07-26 00:00:00
movie,49852,110,\N,\N,\N,OK,2017-07-26 00:00:00
movie,49870,180,\N,\N,\N,OK,2017-07-26 00:00:00
movie,49901,63,\N,\N,\N,OK,2017-07-26 00:00:00
movie,49934,107,\N,\N,\N,OK,2017-07-26 00:00:00
movie,49935,117,\N,\N,\N,OK,2017-07-26 00:00:00
movie,49943,83,\N,\N,\N,OK,2017-07-26 00:00:00
movie,49948,74,\N,\N,\N,OK,2017-07-26 00:00:00
movie,49950,91,\N,\N,\N,OK,2017-07-26 00:00:00
movie,49953,88,\N,\N,\N,OK,2017-07-26 00:00:00
movie,49958,80,\N,\N,\N,OK,2017-07-26 00:00:00
movie,49963,86,\N,\N,\N,OK,2017-07-26 00:00:00
movie,49980,101,\N,\N,\N,OK,2017-07-26 00:00:00
movie,49981,102,\N,\N,\N,OK,2017-07-26 00:00:00
movie,50004,110,\N,\N,\N,OK,2017-07-26 00:00:00
movie,50008,83,\N,\N,\N,OK,2017-07-26 00:00:00
movie,50014,146,\N,\N,\N,OK,2017-07-26 00:00:00
movie,50035,91,\N,\N,\N,OK,2017-07-26 00:00:00
movie,50037,110,\N,\N,\N,OK,2017-07-26 00:00:00
movie,50053,87,\N,\N,\N,OK,2017-07-26 00:00:00
movie,50071,101,\N,\N,\N,OK,2017-07-26 00:00:00
movie,50081,40,\N,\N,\N,OK,2017-07-26 00:00:00
movie,50087,96,\N,\N,\N,OK,2017-07-26 00:00:00
movie,50090,116,\N,\N,\N,OK,2017-07-26 00:00:00
movie,50116,106,\N,\N,\N,OK,2017-07-26 00:00:00
movie,50119,88,\N,\N,\N,OK,2017-07-26 00:00:00
movie,50135,93,\N,\N,\N,OK,2017-07-26 00:00:00
movie,50162,97,\N,\N,\N,OK,2017-07-26 00:00:00
movie,50183,111,\N,\N,\N,OK,2017-07-26 00:00:00
movie,50204,91,\N,\N,\N,OK,2017-07-26 00:00:00
movie,50210,113,\N,\N,\N,OK,2017-07-26 00:00:00
movie,50217,107,\N,\N,\N,OK,2017-07-26 00:00:00
movie,50272,90,\N,\N,\N,OK,2017-07-26 00:00:00
movie,50275,82,\N,\N,\N,OK,2017-07-26 00:00:00
movie,50285,91,\N,\N,\N,OK,2017-07-26 00:00:00
movie,50288,90,\N,\N,\N,OK,2017-07-26 00:00:00
movie,50314,116,\N,\N,\N,OK,2017-07-26 00:00:00
movie,50321,88,\N,\N,\N,OK,2017-07-26 00:00:00
movie,50327,96,\N,\N,\N,OK,2017-07-26 00:00:00
movie,50348,119,\N,\N,\N,OK,2017-07-26 00:00:00
movie,50350,133,\N,\N,\N,OK,2017-07-26 00:00:00
movie,50357,86,\N,\N,\N,OK,2017-07-26 00:00:00
movie,50359,95,\N,\N,\N,OK,2017-07-26 00:00:00
movie,50365,90,\N,\N,\N,OK,2017-07-26 00:00:00
movie,50388,105,\N,\N,\N,OK,2017-07-26 00:00:00
movie,50393,21,\N,\N,\N,OK,2017-07-26 00:00:00
movie,50456,111,\N,\N,\N,OK,2017-07-26 00:00:00
movie,50461,133,\N,\N,\N,OK,2017-07-26 00:00:00
movie,50475,125,\N,\N,\N,OK,2017-07-26 00:00:00
movie,50479,60,\N,\N,\N,OK,2017-07-26 00:00:00
movie,50497,86,\N,\N,\N,OK,2017-07-26 00:00:00
movie,50512,108,\N,\N,\N,OK,2017-07-26 00:00:00
movie,50541,108,\N,\N,\N,OK,2017-07-26 00:00:00
movie,50542,113,\N,\N,\N,OK,2017-07-26 00:00:00
movie,50544,109,\N,\N,\N,OK,2017-07-26 00:00:00
movie,50546,117,\N,\N,\N,OK,2017-07-26 00:00:00
movie,50562,80,\N,\N,\N,OK,2017-07-26 00:00:00
movie,50590,97,\N,\N,\N,OK,2017-07-26 00:00:00
movie,50601,113,\N,\N,\N,OK,2017-07-26 00:00:00
movie,50618,138,\N,\N,\N,OK,2017-07-26 00:00:00
movie,50619,117,\N,\N,\N,OK,2017-07-26 00:00:00
movie,50620,115,\N,\N,\N,OK,2017-07-26 00:00:00
movie,50646,118,\N,\N,\N,OK,2017-07-26 00:00:00
movie,50647,98,\N,\N,\N,OK,2017-07-26 00:00:00
movie,50652,88,\N,\N,\N,OK,2017-07-26 00:00:00
movie,50671,91,\N,\N,\N,OK,2017-07-26 00:00:00
movie,50674,90,\N,\N,\N,OK,2017-07-26 00:00:00
movie,50698,92,\N,\N,\N,OK,2017-07-26 00:00:00
movie,50725,97,\N,\N,\N,OK,2017-07-26 00:00:00
movie,50737,144,\N,\N,\N,OK,2017-07-26 00:00:00
movie,50765,101,\N,\N,\N,OK,2017-07-26 00:00:00
movie,50780,91,\N,\N,\N,OK,2017-07-26 00:00:00
movie,50789,115,\N,\N,\N,OK,2017-07-26 00:00:00
movie,50794,120,\N,\N,\N,OK,2017-07-26 00:00:00
movie,50797,135,\N,\N,\N,OK,2017-07-26 00:00:00
movie,50837,101,\N,\N,\N,OK,2017-07-26 00:00:00
movie,50838,91,\N,\N,\N,OK,2017-07-26 00:00:00
movie,50839,107,\N,\N,\N,OK,2017-07-26 00:00:00
movie,50845,87,\N,\N,\N,OK,2017-07-26 00:00:00
movie,50848,100,\N,\N,\N,OK,2017-07-26 00:00:00
movie,51017,106,\N,\N,\N,OK,2017-07-26 00:00:00
movie,51036,90,\N,\N,\N,OK,2017-07-26 00:00:00
movie,51038,90,\N,\N,\N,OK,2017-07-26 00:00:00
movie,51052,97,\N,\N,\N,OK,2017-07-26 00:00:00
movie,51071,114,\N,\N,\N,OK,2017-07-26 00:00:00
movie,51072,105,\N,\N,\N,OK,2017-07-26 00:00:00
movie,51090,89,\N,\N,\N,OK,2017-07-26 00:00:00
movie,51120,100,\N,\N,\N,OK,2017-07-26 00:00:00
movie,51145,110,\N,\N,\N,OK,2017-07-26 00:00:00
movie,51162,63,\N,\N,\N,OK,2017-07-26 00:00:00
movie,51170,75,\N,\N,\N,OK,2017-07-26 00:00:00
movie,51179,95,\N,\N,\N,OK,2017-07-26 00:00:00
movie,51200,120,\N,\N,\N,OK,2017-07-26 00:00:00
movie,51209,106,\N,\N,\N,OK,2017-07-26 00:00:00
movie,51230,79,\N,\N,\N,OK,2017-07-26 00:00:00
movie,51239,82,\N,\N,\N,OK,2017-07-26 00:00:00
movie,51241,97,\N,\N,\N,OK,2017-07-26 00:00:00
movie,51242,100,\N,\N,\N,OK,2017-07-26 00:00:00
movie,51247,43,\N,\N,\N,OK,2017-07-26 00:00:00
movie,51248,90,\N,\N,\N,OK,2017-07-26 00:00:00
movie,51250,81,\N,\N,\N,OK,2017-07-26 00:00:00
movie,51261,87,\N,\N,\N,OK,2017-07-26 00:00:00
movie,51273,100,\N,\N,\N,OK,2017-07-26 00:00:00
movie,51276,77,\N,\N,\N,OK,2017-07-26 00:00:00
movie,51306,91,\N,\N,\N,OK,2017-07-26 00:00:00
movie,51333,93,\N,\N,\N,OK,2017-07-26 00:00:00
movie,51352,117,\N,\N,\N,OK,2017-07-26 00:00:00
movie,51391,111,\N,\N,\N,OK,2017-07-26 00:00:00
movie,51409,100,\N,\N,\N,OK,2017-07-26 00:00:00
movie,51423,99,\N,\N,\N,OK,2017-07-26 00:00:00
movie,51447,103,\N,\N,\N,OK,2017-07-26 00:00:00
movie,51450,80,\N,\N,\N,OK,2017-07-26 00:00:00
movie,51452,235,\N,\N,\N,OK,2017-07-26 00:00:00
movie,51481,96,\N,\N,\N,OK,2017-07-26 00:00:00
movie,51497,130,\N,\N,\N,OK,2017-07-26 00:00:00
movie,51512,103,\N,\N,\N,OK,2017-07-26 00:00:00
movie,51521,90,\N,\N,\N,OK,2017-07-26 00:00:00
movie,51533,132,\N,\N,\N,OK,2017-07-26 00:00:00
movie,51540,98,\N,\N,\N,OK,2017-07-26 00:00:00
movie,51588,104,\N,\N,\N,OK,2017-07-26 00:00:00
movie,51608,119,\N,\N,\N,OK,2017-07-26 00:00:00
movie,51620,96,\N,\N,\N,OK,2017-07-26 00:00:00
movie,51679,88,\N,\N,\N,OK,2017-07-26 00:00:00
movie,51736,83,\N,\N,\N,OK,2017-07-26 00:00:00
movie,51739,94,\N,\N,\N,OK,2017-07-26 00:00:00
movie,51763,97,\N,\N,\N,OK,2017-07-26 00:00:00
movie,51794,119,\N,\N,\N,OK,2017-07-26 00:00:00
movie,51802,106,\N,\N,\N,OK,2017-07-26 00:00:00
movie,51823,94,\N,\N,\N,OK,2017-07-26 00:00:00
movie,51828,107,\N,\N,\N,OK,2017-07-26 00:00:00
movie,51859,95,\N,\N,\N,OK,2017-07-26 00:00:00
movie,51863,39,\N,\N,\N,OK,2017-07-26 00:00:00
movie,51875,86,\N,\N,\N,OK,2017-07-26 00:00:00
movie,51876,105,\N,\N,\N,OK,2017-07-26 00:00:00
movie,51927,140,\N,\N,\N,OK,2017-07-26 00:00:00
movie,51945,115,\N,\N,\N,OK,2017-07-26 00:00:00
movie,51980,160,\N,\N,\N,OK,2017-07-26 00:00:00
movie,51985,73,\N,\N,\N,OK,2017-07-26 00:00:00
movie,51991,80,\N,\N,\N,OK,2017-07-26 00:00:00
movie,51993,105,\N,\N,\N,OK,2017-07-26 00:00:00
movie,51994,98,\N,\N,\N,OK,2017-07-26 00:00:00
movie,51995,96,\N,\N,\N,OK,2017-07-26 00:00:00
movie,51996,93,\N,\N,\N,OK,2017-07-26 00:00:00
movie,51999,92,\N,\N,\N,OK,2017-07-26 00:00:00
movie,52001,85,\N,\N,\N,OK,2017-07-26 00:00:00
movie,52010,76,\N,\N,\N,OK,2017-07-26 00:00:00
movie,52013,83,\N,\N,\N,OK,2017-07-26 00:00:00
movie,52015,98,\N,\N,\N,OK,2017-07-26 00:00:00
movie,52036,112,\N,\N,\N,OK,2017-07-26 00:00:00
movie,52038,99,\N,\N,\N,OK,2017-07-26 00:00:00
movie,52060,85,\N,\N,\N,OK,2017-07-26 00:00:00
movie,52067,87,\N,\N,\N,OK,2017-07-26 00:00:00
movie,52077,108,\N,\N,\N,OK,2017-07-26 00:00:00
movie,52208,90,\N,\N,\N,OK,2017-07-26 00:00:00
movie,52258,107,\N,\N,\N,OK,2017-07-26 00:00:00
movie,52263,93,\N,\N,\N,OK,2017-07-26 00:00:00
movie,52264,70,\N,\N,\N,OK,2017-07-26 00:00:00
movie,52274,118,\N,\N,\N,OK,2017-07-26 00:00:00
movie,52333,109,\N,\N,\N,OK,2017-07-26 00:00:00
movie,52338,94,\N,\N,\N,OK,2017-07-26 00:00:00
movie,52349,100,\N,\N,\N,OK,2017-07-26 00:00:00
movie,52369,85,\N,\N,\N,OK,2017-07-26 00:00:00
movie,52449,92,\N,\N,\N,OK,2017-07-26 00:00:00
movie,52451,110,\N,\N,\N,OK,2017-07-26 00:00:00
movie,52454,90,\N,\N,\N,OK,2017-07-26 00:00:00
movie,52470,92,\N,\N,\N,OK,2017-07-26 00:00:00
movie,52475,100,\N,\N,\N,OK,2017-07-26 00:00:00
movie,52505,98,\N,\N,\N,OK,2017-07-26 00:00:00
movie,52520,88,\N,\N,\N,OK,2017-07-26 00:00:00
movie,52560,82,\N,\N,\N,OK,2017-07-26 00:00:00
movie,52587,100,\N,\N,\N,OK,2017-07-26 00:00:00
movie,52629,145,\N,\N,\N,OK,2017-07-26 00:00:00
movie,52653,97,\N,\N,\N,OK,2017-07-26 00:00:00
movie,52654,109,\N,\N,\N,OK,2017-07-26 00:00:00
movie,52696,140,\N,\N,\N,OK,2017-07-26 00:00:00
movie,52705,85,\N,\N,\N,OK,2017-07-26 00:00:00
movie,52758,86,\N,\N,\N,OK,2017-07-26 00:00:00
movie,52776,99,\N,\N,\N,OK,2017-07-26 00:00:00
movie,52780,134,\N,\N,\N,OK,2017-07-26 00:00:00
movie,52794,82,\N,\N,\N,OK,2017-07-26 00:00:00
movie,52844,116,\N,\N,\N,OK,2017-07-26 00:00:00
movie,52850,90,\N,\N,\N,OK,2017-07-26 00:00:00
movie,52855,95,\N,\N,\N,OK,2017-07-26 00:00:00
movie,52856,93,\N,\N,\N,OK,2017-07-26 00:00:00
movie,52903,80,\N,\N,\N,OK,2017-07-26 00:00:00
movie,52906,116,\N,\N,\N,OK,2017-07-26 00:00:00
movie,52939,73,\N,\N,\N,OK,2017-07-26 00:00:00
movie,53010,87,\N,\N,\N,OK,2017-07-26 00:00:00
movie,53021,125,\N,\N,\N,OK,2017-07-26 00:00:00
movie,53027,97,\N,\N,\N,OK,2017-07-26 00:00:00
movie,53048,85,\N,\N,\N,OK,2017-07-26 00:00:00
movie,53094,213,\N,\N,\N,OK,2017-07-26 00:00:00
movie,53101,75,\N,\N,\N,OK,2017-07-26 00:00:00
movie,53113,127,\N,\N,\N,OK,2017-07-26 00:00:00
movie,53116,115,\N,\N,\N,OK,2017-07-26 00:00:00
movie,53168,89,\N,\N,\N,OK,2017-07-26 00:00:00
movie,53172,108,\N,\N,\N,OK,2017-07-26 00:00:00
movie,53174,123,\N,\N,\N,OK,2017-07-26 00:00:00
movie,53182,102,\N,\N,\N,OK,2017-07-26 00:00:00
movie,53190,100,\N,\N,\N,OK,2017-07-26 00:00:00
movie,53198,246,\N,\N,\N,OK,2017-07-26 00:00:00
movie,53210,7,\N,\N,\N,OK,2017-07-26 00:00:00
movie,53229,95,\N,\N,\N,OK,2017-07-26 00:00:00
movie,53256,119,\N,\N,\N,OK,2017-07-26 00:00:00
movie,53287,84,\N,\N,\N,OK,2017-07-26 00:00:00
movie,53319,97,\N,\N,\N,OK,2017-07-26 00:00:00
movie,53344,116,\N,\N,\N,OK,2017-07-26 00:00:00
movie,53399,118,\N,\N,\N,OK,2017-07-26 00:00:00
movie,53404,104,\N,\N,\N,OK,2017-07-26 00:00:00
movie,53457,111,\N,\N,\N,OK,2017-07-26 00:00:00
movie,53459,79,\N,\N,\N,OK,2017-07-26 00:00:00
movie,53487,118,\N,\N,\N,OK,2017-07-26 00:00:00
movie,53514,118,\N,\N,\N,OK,2017-07-26 00:00:00
movie,53565,8,\N,\N,\N,OK,2017-07-26 00:00:00
movie,53567,76,\N,\N,\N,OK,2017-07-26 00:00:00
movie,53569,136,\N,\N,\N,OK,2017-07-26 00:00:00
movie,53596,104,\N,\N,\N,OK,2017-07-26 00:00:00
movie,53765,105,\N,\N,\N,OK,2017-07-26 00:00:00
movie,53776,102,\N,\N,\N,OK,2017-07-26 00:00:00
movie,53778,75,\N,\N,\N,OK,2017-07-26 00:00:00
movie,53807,129,\N,\N,\N,OK,2017-07-26 00:00:00
movie,53862,94,\N,\N,\N,OK,2017-07-26 00:00:00
movie,53879,102,\N,\N,\N,OK,2017-07-26 00:00:00
movie,53928,91,\N,\N,\N,OK,2017-07-26 00:00:00
movie,53961,74,\N,\N,\N,OK,2017-07-26 00:00:00
movie,54054,91,\N,\N,\N,OK,2017-07-26 00:00:00
movie,54075,83,\N,\N,\N,OK,2017-07-26 00:00:00
movie,54083,102,\N,\N,\N,OK,2017-07-26 00:00:00
movie,54087,119,\N,\N,\N,OK,2017-07-26 00:00:00
movie,54093,114,\N,\N,\N,OK,2017-07-26 00:00:00
movie,54138,132,\N,\N,\N,OK,2017-07-26 00:00:00
movie,54146,97,\N,\N,\N,OK,2017-07-26 00:00:00
movie,54178,111,\N,\N,\N,OK,2017-07-26 00:00:00
movie,54186,106,\N,\N,\N,OK,2017-07-26 00:00:00
movie,54271,101,\N,\N,\N,OK,2017-07-26 00:00:00
movie,54287,97,\N,\N,\N,OK,2017-07-26 00:00:00
movie,54293,201,\N,\N,\N,OK,2017-07-26 00:00:00
movie,54302,102,\N,\N,\N,OK,2017-07-26 00:00:00
movie,54318,112,\N,\N,\N,OK,2017-07-26 00:00:00
movie,54320,90,\N,\N,\N,OK,2017-07-26 00:00:00
movie,54328,96,\N,\N,\N,OK,2017-07-26 00:00:00
movie,54405,113,\N,\N,\N,OK,2017-07-26 00:00:00
movie,54445,89,\N,\N,\N,OK,2017-07-26 00:00:00
movie,54507,166,\N,\N,\N,OK,2017-07-26 00:00:00
movie,54518,105,\N,\N,\N,OK,2017-07-26 00:00:00
movie,54524,96,\N,\N,\N,OK,2017-07-26 00:00:00
movie,54527,75,\N,\N,\N,OK,2017-07-26 00:00:00
movie,54540,93,\N,\N,\N,OK,2017-07-26 00:00:00
movie,54546,86,\N,\N,\N,OK,2017-07-26 00:00:00
movie,54551,4,\N,\N,\N,OK,2017-07-26 00:00:00
movie,54557,103,\N,\N,\N,OK,2017-07-26 00:00:00
movie,54559,4,\N,\N,\N,OK,2017-07-26 00:00:00
movie,54568,122,\N,\N,\N,OK,2017-07-26 00:00:00
movie,54580,113,\N,\N,\N,OK,2017-07-26 00:00:00
movie,54597,90,\N,\N,\N,OK,2017-07-26 00:00:00
movie,54662,91,\N,\N,\N,OK,2017-07-26 00:00:00
movie,54692,79,\N,\N,\N,OK,2017-07-26 00:00:00
movie,54694,53,\N,\N,\N,OK,2017-07-26 00:00:00
movie,54700,83,\N,\N,\N,OK,2017-07-26 00:00:00
movie,54714,80,\N,\N,\N,OK,2017-07-26 00:00:00
movie,54770,122,\N,\N,\N,OK,2017-07-26 00:00:00
movie,54793,82,\N,\N,\N,OK,2017-07-26 00:00:00
movie,54825,5,\N,\N,\N,OK,2017-07-26 00:00:00
movie,54890,100,\N,\N,\N,OK,2017-07-26 00:00:00
movie,54898,98,\N,\N,\N,OK,2017-07-26 00:00:00
movie,54994,94,\N,\N,\N,OK,2017-07-26 00:00:00
movie,55045,98,\N,\N,\N,OK,2017-07-26 00:00:00
movie,55061,101,\N,\N,\N,OK,2017-07-26 00:00:00
movie,55106,109,\N,\N,\N,OK,2017-07-26 00:00:00
movie,55146,113,\N,\N,\N,OK,2017-07-26 00:00:00
movie,55151,99,\N,\N,\N,OK,2017-07-26 00:00:00
movie,55165,85,\N,\N,\N,OK,2017-07-26 00:00:00
movie,55177,91,\N,\N,\N,OK,2017-07-26 00:00:00
movie,55215,85,\N,\N,\N,OK,2017-07-26 00:00:00
movie,55244,84,\N,\N,\N,OK,2017-07-26 00:00:00
movie,55246,89,\N,\N,\N,OK,2017-07-26 00:00:00
movie,55292,131,\N,\N,\N,OK,2017-07-26 00:00:00
movie,55301,87,\N,\N,\N,OK,2017-07-26 00:00:00
movie,55306,112,\N,\N,\N,OK,2017-07-26 00:00:00
movie,55347,105,\N,\N,\N,OK,2017-07-26 00:00:00
movie,55370,120,\N,\N,\N,OK,2017-07-26 00:00:00
movie,55420,92,\N,\N,\N,OK,2017-07-26 00:00:00
movie,55465,108,\N,\N,\N,OK,2017-07-26 00:00:00
movie,55504,88,\N,\N,\N,OK,2017-07-26 00:00:00
movie,55551,115,\N,\N,\N,OK,2017-07-26 00:00:00
movie,55561,96,\N,\N,\N,OK,2017-07-26 00:00:00
movie,55596,93,\N,\N,\N,OK,2017-07-26 00:00:00
movie,55667,85,\N,\N,\N,OK,2017-07-26 00:00:00
movie,55680,95,\N,\N,\N,OK,2017-07-26 00:00:00
movie,55720,98,\N,\N,\N,OK,2017-07-26 00:00:00
movie,55721,125,\N,\N,\N,OK,2017-07-26 00:00:00
movie,55723,93,\N,\N,\N,OK,2017-07-26 00:00:00
movie,55725,106,\N,\N,\N,OK,2017-07-26 00:00:00
movie,55727,105,\N,\N,\N,OK,2017-07-26 00:00:00
movie,55728,98,\N,\N,\N,OK,2017-07-26 00:00:00
movie,55741,128,\N,\N,\N,OK,2017-07-26 00:00:00
movie,55758,106,\N,\N,\N,OK,2017-07-26 00:00:00
movie,55773,66,\N,\N,\N,OK,2017-07-26 00:00:00
movie,55779,92,\N,\N,\N,OK,2017-07-26 00:00:00
movie,55785,124,\N,\N,\N,OK,2017-07-26 00:00:00
movie,55787,120,\N,\N,\N,OK,2017-07-26 00:00:00
movie,55846,97,\N,\N,\N,OK,2017-07-26 00:00:00
movie,55861,90,\N,\N,\N,OK,2017-07-26 00:00:00
movie,55884,114,\N,\N,\N,OK,2017-07-26 00:00:00
movie,55890,103,\N,\N,\N,OK,2017-07-26 00:00:00
movie,55892,49,\N,\N,\N,OK,2017-07-26 00:00:00
movie,55903,103,\N,\N,\N,OK,2017-07-26 00:00:00
movie,55931,102,\N,\N,\N,OK,2017-07-26 00:00:00
movie,55955,88,\N,\N,\N,OK,2017-07-26 00:00:00
movie,56014,113,\N,\N,\N,OK,2017-07-26 00:00:00
movie,56041,102,\N,\N,\N,OK,2017-07-26 00:00:00
movie,56137,91,\N,\N,\N,OK,2017-07-26 00:00:00
movie,56171,90,\N,\N,\N,OK,2017-07-26 00:00:00
movie,56179,120,\N,\N,\N,OK,2017-07-26 00:00:00
movie,56180,86,\N,\N,\N,OK,2017-07-26 00:00:00
movie,56235,101,\N,\N,\N,OK,2017-07-26 00:00:00
movie,56272,98,\N,\N,\N,OK,2017-07-26 00:00:00
movie,56288,89,\N,\N,\N,OK,2017-07-26 00:00:00
movie,56292,133,\N,\N,\N,OK,2017-07-26 00:00:00
movie,56339,96,\N,\N,\N,OK,2017-07-26 00:00:00
movie,56401,105,\N,\N,\N,OK,2017-07-26 00:00:00
movie,56405,159,\N,\N,\N,OK,2017-07-26 00:00:00
movie,56415,102,\N,\N,\N,OK,2017-07-26 00:00:00
movie,56418,135,\N,\N,\N,OK,2017-07-26 00:00:00
movie,56428,89,\N,\N,\N,OK,2017-07-26 00:00:00
movie,56529,89,\N,\N,\N,OK,2017-07-26 00:00:00
movie,56590,76,\N,\N,\N,OK,2017-07-26 00:00:00
movie,56591,95,\N,\N,\N,OK,2017-07-26 00:00:00
movie,56623,84,\N,\N,\N,OK,2017-07-26 00:00:00
movie,56647,98,\N,\N,\N,OK,2017-07-26 00:00:00
movie,56672,92,\N,\N,\N,OK,2017-07-26 00:00:00
movie,56715,88,\N,\N,\N,OK,2017-07-26 00:00:00
movie,56743,111,\N,\N,\N,OK,2017-07-26 00:00:00
movie,56780,97,\N,\N,\N,OK,2017-07-26 00:00:00
movie,56812,101,\N,\N,\N,OK,2017-07-26 00:00:00
movie,56815,98,\N,\N,\N,OK,2017-07-26 00:00:00
movie,56831,90,\N,\N,\N,OK,2017-07-26 00:00:00
movie,56832,130,\N,\N,\N,OK,2017-07-26 00:00:00
movie,56853,170,\N,\N,\N,OK,2017-07-26 00:00:00
movie,56906,83,\N,\N,\N,OK,2017-07-26 00:00:00
movie,56909,108,\N,\N,\N,OK,2017-07-26 00:00:00
movie,56913,100,\N,\N,\N,OK,2017-07-26 00:00:00
movie,56919,118,\N,\N,\N,OK,2017-07-26 00:00:00
movie,56928,98,\N,\N,\N,OK,2017-07-26 00:00:00
movie,56929,90,\N,\N,\N,OK,2017-07-26 00:00:00
movie,56937,95,\N,\N,\N,OK,2017-07-26 00:00:00
movie,56965,91,\N,\N,\N,OK,2017-07-26 00:00:00
movie,56968,87,\N,\N,\N,OK,2017-07-26 00:00:00
movie,57011,81,\N,\N,\N,OK,2017-07-26 00:00:00
movie,57019,104,\N,\N,\N,OK,2017-07-26 00:00:00
movie,57022,141,\N,\N,\N,OK,2017-07-26 00:00:00
movie,57059,110,\N,\N,\N,OK,2017-07-26 00:00:00
movie,57089,86,\N,\N,\N,OK,2017-07-26 00:00:00
movie,57118,101,\N,\N,\N,OK,2017-07-26 00:00:00
movie,57119,112,\N,\N,\N,OK,2017-07-26 00:00:00
movie,57120,104,\N,\N,\N,OK,2017-07-26 00:00:00
movie,57157,94,\N,\N,\N,OK,2017-07-26 00:00:00
movie,57158,161,\N,\N,\N,OK,2017-07-26 00:00:00
movie,57165,99,\N,\N,\N,OK,2017-07-26 00:00:00
movie,57173,86,\N,\N,\N,OK,2017-07-26 00:00:00
movie,57186,97,\N,\N,\N,OK,2017-07-26 00:00:00
movie,57201,149,\N,\N,\N,OK,2017-07-26 00:00:00
movie,57209,106,\N,\N,\N,OK,2017-07-26 00:00:00
movie,57212,146,\N,\N,\N,OK,2017-07-26 00:00:00
movie,57214,88,\N,\N,\N,OK,2017-07-26 00:00:00
movie,57243,106,\N,\N,\N,OK,2017-07-26 00:00:00
movie,57276,106,\N,\N,\N,OK,2017-07-26 00:00:00
movie,57331,119,\N,\N,\N,OK,2017-07-26 00:00:00
movie,57353,102,\N,\N,\N,OK,2017-07-26 00:00:00
movie,57361,157,\N,\N,\N,OK,2017-07-26 00:00:00
movie,57389,88,\N,\N,\N,OK,2017-07-26 00:00:00
movie,57431,81,\N,\N,\N,OK,2017-07-26 00:00:00
movie,57436,85,\N,\N,\N,OK,2017-07-26 00:00:00
movie,57448,98,\N,\N,\N,OK,2017-07-26 00:00:00
movie,57500,75,\N,\N,\N,OK,2017-07-26 00:00:00
movie,57521,108,\N,\N,\N,OK,2017-07-26 00:00:00
movie,57585,91,\N,\N,\N,OK,2017-07-26 00:00:00
movie,57586,89,\N,\N,\N,OK,2017-07-26 00:00:00
movie,57627,118,\N,\N,\N,OK,2017-07-26 00:00:00
movie,57695,139,\N,\N,\N,OK,2017-07-26 00:00:00
movie,57703,133,\N,\N,\N,OK,2017-07-26 00:00:00
movie,57718,16,\N,\N,\N,OK,2017-07-26 00:00:00
movie,57737,72,\N,\N,\N,OK,2017-07-26 00:00:00
movie,57749,94,\N,\N,\N,OK,2017-07-26 00:00:00
movie,57778,104,\N,\N,\N,OK,2017-07-26 00:00:00
movie,57800,88,\N,\N,\N,OK,2017-07-26 00:00:00
movie,57809,89,\N,\N,\N,OK,2017-07-26 00:00:00
movie,57812,87,\N,\N,\N,OK,2017-07-26 00:00:00
movie,57825,111,\N,\N,\N,OK,2017-07-26 00:00:00
movie,57829,92,\N,\N,\N,OK,2017-07-26 00:00:00
movie,57834,101,\N,\N,\N,OK,2017-07-26 00:00:00
movie,57855,75,\N,\N,\N,OK,2017-07-26 00:00:00
movie,57876,91,\N,\N,\N,OK,2017-07-26 00:00:00
movie,57946,95,\N,\N,\N,OK,2017-07-26 00:00:00
movie,57976,80,\N,\N,\N,OK,2017-07-26 00:00:00
movie,57978,102,\N,\N,\N,OK,2017-07-26 00:00:00
movie,58013,100,\N,\N,\N,OK,2017-07-26 00:00:00
movie,58043,109,\N,\N,\N,OK,2017-07-26 00:00:00
movie,58048,97,\N,\N,\N,OK,2017-07-26 00:00:00
movie,58051,135,\N,\N,\N,OK,2017-07-26 00:00:00
movie,58060,110,\N,\N,\N,OK,2017-07-26 00:00:00
movie,58062,122,\N,\N,\N,OK,2017-07-26 00:00:00
movie,58102,112,\N,\N,\N,OK,2017-07-26 00:00:00
movie,58151,106,\N,\N,\N,OK,2017-07-26 00:00:00
movie,58156,100,\N,\N,\N,OK,2017-07-26 00:00:00
movie,58166,113,\N,\N,\N,OK,2017-07-26 00:00:00
movie,58204,107,\N,\N,\N,OK,2017-07-26 00:00:00
movie,58219,116,\N,\N,\N,OK,2017-07-26 00:00:00
movie,58224,94,\N,\N,\N,OK,2017-07-26 00:00:00
movie,58231,88,\N,\N,\N,OK,2017-07-26 00:00:00
movie,58232,96,\N,\N,\N,OK,2017-07-26 00:00:00
movie,58233,101,\N,\N,\N,OK,2017-07-26 00:00:00
movie,58235,131,\N,\N,\N,OK,2017-07-26 00:00:00
movie,58244,104,\N,\N,\N,OK,2017-07-26 00:00:00
movie,58251,100,\N,\N,\N,OK,2017-07-26 00:00:00
movie,58258,106,\N,\N,\N,OK,2017-07-26 00:00:00
movie,58333,119,\N,\N,\N,OK,2017-07-26 00:00:00
movie,58372,91,\N,\N,\N,OK,2017-07-26 00:00:00
movie,58383,105,\N,\N,\N,OK,2017-07-26 00:00:00
movie,58428,102,\N,\N,\N,OK,2017-07-26 00:00:00
movie,58429,103,\N,\N,\N,OK,2017-07-26 00:00:00
movie,58431,108,\N,\N,\N,OK,2017-07-26 00:00:00
movie,58443,113,\N,\N,\N,OK,2017-07-26 00:00:00
movie,58444,98,\N,\N,\N,OK,2017-07-26 00:00:00
movie,58446,98,\N,\N,\N,OK,2017-07-26 00:00:00
movie,58447,81,\N,\N,\N,OK,2017-07-26 00:00:00
movie,58448,95,\N,\N,\N,OK,2017-07-26 00:00:00
movie,58492,87,\N,\N,\N,OK,2017-07-26 00:00:00
movie,58496,106,\N,\N,\N,OK,2017-07-26 00:00:00
movie,58515,15,\N,\N,\N,OK,2017-07-26 00:00:00
movie,58522,108,\N,\N,\N,OK,2017-07-26 00:00:00
movie,58547,100,\N,\N,\N,OK,2017-07-26 00:00:00
movie,58574,129,\N,\N,\N,OK,2017-07-26 00:00:00
movie,58595,127,\N,\N,\N,OK,2017-07-26 00:00:00
movie,58625,93,\N,\N,\N,OK,2017-07-26 00:00:00
movie,58626,90,\N,\N,\N,OK,2017-07-26 00:00:00
movie,58679,92,\N,\N,\N,OK,2017-07-26 00:00:00
movie,58699,106,\N,\N,\N,OK,2017-07-26 00:00:00
movie,58704,80,\N,\N,\N,OK,2017-07-26 00:00:00
movie,58718,86,\N,\N,\N,OK,2017-07-26 00:00:00
movie,58764,92,\N,\N,\N,OK,2017-07-26 00:00:00
movie,58767,91,\N,\N,\N,OK,2017-07-26 00:00:00
movie,58770,94,\N,\N,\N,OK,2017-07-26 00:00:00
movie,58857,141,\N,\N,\N,OK,2017-07-26 00:00:00
movie,58858,88,\N,\N,\N,OK,2017-07-26 00:00:00
movie,58878,95,\N,\N,\N,OK,2017-07-26 00:00:00
movie,58882,104,\N,\N,\N,OK,2017-07-26 00:00:00
movie,58884,96,\N,\N,\N,OK,2017-07-26 00:00:00
movie,58923,255,\N,\N,\N,OK,2017-07-26 00:00:00
movie,58959,124,\N,\N,\N,OK,2017-07-26 00:00:00
movie,58985,116,\N,\N,\N,OK,2017-07-26 00:00:00
movie,59006,80,\N,\N,\N,OK,2017-07-26 00:00:00
movie,59017,213,\N,\N,\N,OK,2017-07-26 00:00:00
movie,59045,122,\N,\N,\N,OK,2017-07-26 00:00:00
movie,59065,109,\N,\N,\N,OK,2017-07-26 00:00:00
movie,59108,104,\N,\N,\N,OK,2017-07-26 00:00:00
movie,59115,86,\N,\N,\N,OK,2017-07-26 00:00:00
movie,59117,93,\N,\N,\N,OK,2017-07-26 00:00:00
movie,59118,102,\N,\N,\N,OK,2017-07-26 00:00:00
movie,59145,90,\N,\N,\N,OK,2017-07-26 00:00:00
movie,59197,91,\N,\N,\N,OK,2017-07-26 00:00:00
movie,59238,90,\N,\N,\N,OK,2017-07-26 00:00:00
movie,59255,113,\N,\N,\N,OK,2017-07-26 00:00:00
movie,59296,90,\N,\N,\N,OK,2017-07-26 00:00:00
movie,59387,77,\N,\N,\N,OK,2017-07-26 00:00:00
movie,59401,69,\N,\N,\N,OK,2017-07-26 00:00:00
movie,59419,93,\N,\N,\N,OK,2017-07-26 00:00:00
movie,59421,115,\N,\N,\N,OK,2017-07-26 00:00:00
movie,59424,130,\N,\N,\N,OK,2017-07-26 00:00:00
movie,59429,91,\N,\N,\N,OK,2017-07-26 00:00:00
movie,59435,96,\N,\N,\N,OK,2017-07-26 00:00:00
movie,59436,94,\N,\N,\N,OK,2017-07-26 00:00:00
movie,59437,100,\N,\N,\N,OK,2017-07-26 00:00:00
movie,59440,140,\N,\N,\N,OK,2017-07-26 00:00:00
movie,59441,85,\N,\N,\N,OK,2017-07-26 00:00:00
movie,59457,111,\N,\N,\N,OK,2017-07-26 00:00:00
movie,59468,128,\N,\N,\N,OK,2017-07-26 00:00:00
movie,59490,90,\N,\N,\N,OK,2017-07-26 00:00:00
movie,59507,103,\N,\N,\N,OK,2017-07-26 00:00:00
movie,59533,90,\N,\N,\N,OK,2017-07-26 00:00:00
movie,59570,95,\N,\N,\N,OK,2017-07-26 00:00:00
movie,59678,88,\N,\N,\N,OK,2017-07-26 00:00:00
movie,59722,91,\N,\N,\N,OK,2017-07-26 00:00:00
movie,59726,90,\N,\N,\N,OK,2017-07-26 00:00:00
movie,59820,133,\N,\N,\N,OK,2017-07-26 00:00:00
movie,59835,116,\N,\N,\N,OK,2017-07-26 00:00:00
movie,59852,13,\N,\N,\N,OK,2017-07-26 00:00:00
movie,59859,103,\N,\N,\N,OK,2017-07-26 00:00:00
movie,59860,109,\N,\N,\N,OK,2017-07-26 00:00:00
movie,59861,98,\N,\N,\N,OK,2017-07-26 00:00:00
movie,59883,91,\N,\N,\N,OK,2017-07-26 00:00:00
movie,59930,110,\N,\N,\N,OK,2017-07-26 00:00:00
movie,59944,128,\N,\N,\N,OK,2017-07-26 00:00:00
movie,59961,115,\N,\N,\N,OK,2017-07-26 00:00:00
movie,59962,103,\N,\N,\N,OK,2017-07-26 00:00:00
movie,59963,113,\N,\N,\N,OK,2017-07-26 00:00:00
movie,59965,106,\N,\N,\N,OK,2017-07-26 00:00:00
movie,59967,118,\N,\N,\N,OK,2017-07-26 00:00:00
movie,59968,90,\N,\N,\N,OK,2017-07-26 00:00:00
movie,59981,88,\N,\N,\N,OK,2017-07-26 00:00:00
movie,60011,106,\N,\N,\N,OK,2017-07-26 00:00:00
movie,60033,100,\N,\N,\N,OK,2017-07-26 00:00:00
movie,60062,91,\N,\N,\N,OK,2017-07-26 00:00:00
movie,60163,145,\N,\N,\N,OK,2017-07-26 00:00:00
movie,60170,90,\N,\N,\N,OK,2017-07-26 00:00:00
movie,60228,105,\N,\N,\N,OK,2017-07-26 00:00:00
movie,60243,123,\N,\N,\N,OK,2017-07-26 00:00:00
movie,60270,93,\N,\N,\N,OK,2017-07-26 00:00:00
movie,60276,95,\N,\N,\N,OK,2017-07-26 00:00:00
movie,60281,112,\N,\N,\N,OK,2017-07-26 00:00:00
movie,60285,116,\N,\N,\N,OK,2017-07-26 00:00:00
movie,60293,74,\N,\N,\N,OK,2017-07-26 00:00:00
movie,60302,81,\N,\N,\N,OK,2017-07-26 00:00:00
movie,60304,88,\N,\N,\N,OK,2017-07-26 00:00:00
movie,60307,99,\N,\N,\N,OK,2017-07-26 00:00:00
movie,60308,133,\N,\N,\N,OK,2017-07-26 00:00:00
movie,60309,122,\N,\N,\N,OK,2017-07-26 00:00:00
movie,60405,90,\N,\N,\N,OK,2017-07-26 00:00:00
movie,60420,90,\N,\N,\N,OK,2017-07-26 00:00:00
movie,60421,107,\N,\N,\N,OK,2017-07-26 00:00:00
movie,60422,119,\N,\N,\N,OK,2017-07-26 00:00:00
movie,60534,120,\N,\N,\N,OK,2017-07-26 00:00:00
movie,60540,98,\N,\N,\N,OK,2017-07-26 00:00:00
movie,60575,81,\N,\N,\N,OK,2017-07-26 00:00:00
movie,60592,96,\N,\N,\N,OK,2017-07-26 00:00:00
movie,60599,100,\N,\N,\N,OK,2017-07-26 00:00:00
movie,60604,128,\N,\N,\N,OK,2017-07-26 00:00:00
movie,60670,106,\N,\N,\N,OK,2017-07-26 00:00:00
movie,60672,97,\N,\N,\N,OK,2017-07-26 00:00:00
movie,60695,88,\N,\N,\N,OK,2017-07-26 00:00:00
movie,60747,93,\N,\N,\N,OK,2017-07-26 00:00:00
movie,60809,103,\N,\N,\N,OK,2017-07-26 00:00:00
movie,60843,47,\N,\N,\N,OK,2017-07-26 00:00:00
movie,60855,87,\N,\N,\N,OK,2017-07-26 00:00:00
movie,60895,100,\N,\N,\N,OK,2017-07-26 00:00:00
movie,60935,103,\N,\N,\N,OK,2017-07-26 00:00:00
movie,60964,115,\N,\N,\N,OK,2017-07-26 00:00:00
movie,60994,104,\N,\N,\N,OK,2017-07-26 00:00:00
movie,61005,84,\N,\N,\N,OK,2017-07-26 00:00:00
movie,61012,94,\N,\N,\N,OK,2017-07-26 00:00:00
movie,61054,92,\N,\N,\N,OK,2017-07-26 00:00:00
movie,61062,119,\N,\N,\N,OK,2017-07-26 00:00:00
movie,61178,83,\N,\N,\N,OK,2017-07-26 00:00:00
movie,61202,155,\N,\N,\N,OK,2017-07-26 00:00:00
movie,61225,115,\N,\N,\N,OK,2017-07-26 00:00:00
movie,61280,119,\N,\N,\N,OK,2017-07-26 00:00:00
movie,61337,107,\N,\N,\N,OK,2017-07-26 00:00:00
movie,61348,100,\N,\N,\N,OK,2017-07-26 00:00:00
movie,61404,84,\N,\N,\N,OK,2017-07-26 00:00:00
movie,61416,107,\N,\N,\N,OK,2017-07-26 00:00:00
movie,61418,106,\N,\N,\N,OK,2017-07-26 00:00:00
movie,61461,84,\N,\N,\N,OK,2017-07-26 00:00:00
movie,61487,94,\N,\N,\N,OK,2017-07-26 00:00:00
movie,61488,150,\N,\N,\N,OK,2017-07-26 00:00:00
movie,61537,120,\N,\N,\N,OK,2017-07-26 00:00:00
movie,61563,96,\N,\N,\N,OK,2017-07-26 00:00:00
movie,61591,136,\N,\N,\N,OK,2017-07-26 00:00:00
movie,61667,102,\N,\N,\N,OK,2017-07-26 00:00:00
movie,61722,110,\N,\N,\N,OK,2017-07-26 00:00:00
movie,61752,108,\N,\N,\N,OK,2017-07-26 00:00:00
movie,61791,105,\N,\N,\N,OK,2017-07-26 00:00:00
movie,61807,99,\N,\N,\N,OK,2017-07-26 00:00:00
movie,61872,240,\N,\N,\N,OK,2017-07-26 00:00:00
movie,61891,130,\N,\N,\N,OK,2017-07-26 00:00:00
movie,61901,87,\N,\N,\N,OK,2017-07-26 00:00:00
movie,61933,75,\N,\N,\N,OK,2017-07-26 00:00:00
movie,61940,95,\N,\N,\N,OK,2017-07-26 00:00:00
movie,61979,122,\N,\N,\N,OK,2017-07-26 00:00:00
movie,61984,131,\N,\N,\N,OK,2017-07-26 00:00:00
movie,62000,102,\N,\N,\N,OK,2017-07-26 00:00:00
movie,62008,111,\N,\N,\N,OK,2017-07-26 00:00:00
movie,62046,87,\N,\N,\N,OK,2017-07-26 00:00:00
movie,62077,101,\N,\N,\N,OK,2017-07-26 00:00:00
movie,62127,86,\N,\N,\N,OK,2017-07-26 00:00:00
movie,62128,100,\N,\N,\N,OK,2017-07-26 00:00:00
movie,62156,89,\N,\N,\N,OK,2017-07-26 00:00:00
movie,62177,93,\N,\N,\N,OK,2017-07-26 00:00:00
movie,62204,100,\N,\N,\N,OK,2017-07-26 00:00:00
movie,62206,83,\N,\N,\N,OK,2017-07-26 00:00:00
movie,62211,104,\N,\N,\N,OK,2017-07-26 00:00:00
movie,62213,113,\N,\N,\N,OK,2017-07-26 00:00:00
movie,62214,87,\N,\N,\N,OK,2017-07-26 00:00:00
movie,62215,136,\N,\N,\N,OK,2017-07-26 00:00:00
movie,62255,102,\N,\N,\N,OK,2017-07-26 00:00:00
movie,62320,95,\N,\N,\N,OK,2017-07-26 00:00:00
movie,62321,95,\N,\N,\N,OK,2017-07-26 00:00:00
movie,62368,25,\N,\N,\N,OK,2017-07-26 00:00:00
movie,62395,91,\N,\N,\N,OK,2017-07-26 00:00:00
movie,62422,106,\N,\N,\N,OK,2017-07-26 00:00:00
movie,62439,111,\N,\N,\N,OK,2017-07-26 00:00:00
movie,62441,90,\N,\N,\N,OK,2017-07-26 00:00:00
movie,62463,90,\N,\N,\N,OK,2017-07-26 00:00:00
movie,62522,104,\N,\N,\N,OK,2017-07-26 00:00:00
movie,62564,76,\N,\N,\N,OK,2017-07-26 00:00:00
movie,62580,107,\N,\N,\N,OK,2017-07-26 00:00:00
movie,62592,87,\N,\N,\N,OK,2017-07-26 00:00:00
movie,62630,109,\N,\N,\N,OK,2017-07-26 00:00:00
movie,62676,126,\N,\N,\N,OK,2017-07-26 00:00:00
movie,62694,108,\N,\N,\N,OK,2017-07-26 00:00:00
movie,62728,111,\N,\N,\N,OK,2017-07-26 00:00:00
movie,62756,154,\N,\N,\N,OK,2017-07-26 00:00:00
movie,62764,106,\N,\N,\N,OK,2017-07-26 00:00:00
movie,62796,83,\N,\N,\N,OK,2017-07-26 00:00:00
movie,62835,108,\N,\N,\N,OK,2017-07-26 00:00:00
movie,62837,113,\N,\N,\N,OK,2017-07-26 00:00:00
movie,62838,118,\N,\N,\N,OK,2017-07-26 00:00:00
movie,62871,98,\N,\N,\N,OK,2017-07-26 00:00:00
movie,62878,178,\N,\N,\N,OK,2017-07-26 00:00:00
movie,62931,125,\N,\N,\N,OK,2017-07-26 00:00:00
movie,62934,30,\N,\N,\N,OK,2017-07-26 00:00:00
movie,62977,107,\N,\N,\N,OK,2017-07-26 00:00:00
movie,62989,91,\N,\N,\N,OK,2017-07-26 00:00:00
movie,62994,91,\N,\N,\N,OK,2017-07-26 00:00:00
movie,63020,113,\N,\N,\N,OK,2017-07-26 00:00:00
movie,63064,104,\N,\N,\N,OK,2017-07-26 00:00:00
movie,63076,106,\N,\N,\N,OK,2017-07-26 00:00:00
movie,63139,106,\N,\N,\N,OK,2017-07-26 00:00:00
movie,63193,95,\N,\N,\N,OK,2017-07-26 00:00:00
movie,63197,85,\N,\N,\N,OK,2017-07-26 00:00:00
movie,63207,100,\N,\N,\N,OK,2017-07-26 00:00:00
movie,63297,90,\N,\N,\N,OK,2017-07-26 00:00:00
movie,63310,129,\N,\N,\N,OK,2017-07-26 00:00:00
movie,63311,117,\N,\N,\N,OK,2017-07-26 00:00:00
movie,63319,80,\N,\N,\N,OK,2017-07-26 00:00:00
movie,63339,94,\N,\N,\N,OK,2017-07-26 00:00:00
movie,63348,85,\N,\N,\N,OK,2017-07-26 00:00:00
movie,63350,99,\N,\N,\N,OK,2017-07-26 00:00:00
movie,63375,112,\N,\N,\N,OK,2017-07-26 00:00:00
movie,63414,152,\N,\N,\N,OK,2017-07-26 00:00:00
movie,63418,100,\N,\N,\N,OK,2017-07-26 00:00:00
movie,63441,92,\N,\N,\N,OK,2017-07-26 00:00:00
movie,63484,107,\N,\N,\N,OK,2017-07-26 00:00:00
movie,63492,106,\N,\N,\N,OK,2017-07-26 00:00:00
movie,63493,101,\N,\N,\N,OK,2017-07-26 00:00:00
movie,63498,94,\N,\N,\N,OK,2017-07-26 00:00:00
movie,63555,94,\N,\N,\N,OK,2017-07-26 00:00:00
movie,63574,117,\N,\N,\N,OK,2017-07-26 00:00:00
movie,63578,107,\N,\N,\N,OK,2017-07-26 00:00:00
movie,63579,93,\N,\N,\N,OK,2017-07-26 00:00:00
movie,63581,60,\N,\N,\N,OK,2017-07-26 00:00:00
movie,63700,85,\N,\N,\N,OK,2017-07-26 00:00:00
movie,63706,89,\N,\N,\N,OK,2017-07-26 00:00:00
movie,63710,110,\N,\N,\N,OK,2017-07-26 00:00:00
movie,63727,98,\N,\N,\N,OK,2017-07-26 00:00:00
movie,63736,88,\N,\N,\N,OK,2017-07-26 00:00:00
movie,63749,85,\N,\N,\N,OK,2017-07-26 00:00:00
movie,63831,87,\N,\N,\N,OK,2017-07-26 00:00:00
movie,63849,101,\N,\N,\N,OK,2017-07-26 00:00:00
movie,63945,103,\N,\N,\N,OK,2017-07-26 00:00:00
movie,63956,104,\N,\N,\N,OK,2017-07-26 00:00:00
movie,63964,162,\N,\N,\N,OK,2017-07-26 00:00:00
movie,64029,92,\N,\N,\N,OK,2017-07-26 00:00:00
movie,64215,117,\N,\N,\N,OK,2017-07-26 00:00:00
movie,64246,127,\N,\N,\N,OK,2017-07-26 00:00:00
movie,64288,90,\N,\N,\N,OK,2017-07-26 00:00:00
movie,64320,99,\N,\N,\N,OK,2017-07-26 00:00:00
movie,64325,105,\N,\N,\N,OK,2017-07-26 00:00:00
movie,64328,103,\N,\N,\N,OK,2017-07-26 00:00:00
movie,64353,150,\N,\N,\N,OK,2017-07-26 00:00:00
movie,64484,97,\N,\N,\N,OK,2017-07-26 00:00:00
movie,64566,86,\N,\N,\N,OK,2017-07-26 00:00:00
movie,64586,102,\N,\N,\N,OK,2017-07-26 00:00:00
movie,64635,121,\N,\N,\N,OK,2017-07-26 00:00:00
movie,64639,110,\N,\N,\N,OK,2017-07-26 00:00:00
movie,64678,83,\N,\N,\N,OK,2017-07-26 00:00:00
movie,64682,143,\N,\N,\N,OK,2017-07-26 00:00:00
movie,64685,129,\N,\N,\N,OK,2017-07-26 00:00:00
movie,64686,119,\N,\N,\N,OK,2017-07-26 00:00:00
movie,64688,109,\N,\N,\N,OK,2017-07-26 00:00:00
movie,64689,97,\N,\N,\N,OK,2017-07-26 00:00:00
movie,64690,100,\N,\N,\N,OK,2017-07-26 00:00:00
movie,64694,100,\N,\N,\N,OK,2017-07-26 00:00:00
movie,64720,120,\N,\N,\N,OK,2017-07-26 00:00:00
movie,64780,101,\N,\N,\N,OK,2017-07-26 00:00:00
movie,64786,107,\N,\N,\N,OK,2017-07-26 00:00:00
movie,64807,113,\N,\N,\N,OK,2017-07-26 00:00:00
movie,64835,100,\N,\N,\N,OK,2017-07-26 00:00:00
movie,64847,89,\N,\N,\N,OK,2017-07-26 00:00:00
movie,64854,89,\N,\N,\N,OK,2017-07-26 00:00:00
movie,64882,112,\N,\N,\N,OK,2017-07-26 00:00:00
movie,64931,115,\N,\N,\N,OK,2017-07-26 00:00:00
movie,65012,110,\N,\N,\N,OK,2017-07-26 00:00:00
movie,65015,97,\N,\N,\N,OK,2017-07-26 00:00:00
movie,65034,97,\N,\N,\N,OK,2017-07-26 00:00:00
movie,65046,101,\N,\N,\N,OK,2017-07-26 00:00:00
movie,65055,91,\N,\N,\N,OK,2017-07-26 00:00:00
movie,65056,109,\N,\N,\N,OK,2017-07-26 00:00:00
movie,65057,115,\N,\N,\N,OK,2017-07-26 00:00:00
movie,65058,89,\N,\N,\N,OK,2017-07-26 00:00:00
movie,65066,97,\N,\N,\N,OK,2017-07-26 00:00:00
movie,65075,82,\N,\N,\N,OK,2017-07-26 00:00:00
movie,65086,95,\N,\N,\N,OK,2017-07-26 00:00:00
movie,65137,95,\N,\N,\N,OK,2017-07-26 00:00:00
movie,65203,100,\N,\N,\N,OK,2017-07-26 00:00:00
movie,65215,88,\N,\N,\N,OK,2017-07-26 00:00:00
movie,65218,106,\N,\N,\N,OK,2017-07-26 00:00:00
movie,65229,82,\N,\N,\N,OK,2017-07-26 00:00:00
movie,65233,105,\N,\N,\N,OK,2017-07-26 00:00:00
movie,65291,84,\N,\N,\N,OK,2017-07-26 00:00:00
movie,65345,75,\N,\N,\N,OK,2017-07-26 00:00:00
movie,65460,83,\N,\N,\N,OK,2017-07-26 00:00:00
movie,65496,101,\N,\N,\N,OK,2017-07-26 00:00:00
movie,65521,149,\N,\N,\N,OK,2017-07-26 00:00:00
movie,65550,117,\N,\N,\N,OK,2017-07-26 00:00:00
movie,65595,12,\N,\N,\N,OK,2017-07-26 00:00:00
movie,65599,102,\N,\N,\N,OK,2017-07-26 00:00:00
movie,65632,92,\N,\N,\N,OK,2017-07-26 00:00:00
movie,65650,93,\N,\N,\N,OK,2017-07-26 00:00:00
movie,65696,97,\N,\N,\N,OK,2017-07-26 00:00:00
movie,65749,115,\N,\N,\N,OK,2017-07-26 00:00:00
movie,65754,158,\N,\N,\N,OK,2017-07-26 00:00:00
movie,65759,100,\N,\N,\N,OK,2017-07-26 00:00:00
movie,65760,112,\N,\N,\N,OK,2017-07-26 00:00:00
movie,65796,98,\N,\N,\N,OK,2017-07-26 00:00:00
movie,65851,85,\N,\N,\N,OK,2017-07-26 00:00:00
movie,65889,98,\N,\N,\N,OK,2017-07-26 00:00:00
movie,65892,73,\N,\N,\N,OK,2017-07-26 00:00:00
movie,66091,142,\N,\N,\N,OK,2017-07-26 00:00:00
movie,66092,96,\N,\N,\N,OK,2017-07-26 00:00:00
movie,66113,107,\N,\N,\N,OK,2017-07-26 00:00:00
movie,66118,94,\N,\N,\N,OK,2017-07-26 00:00:00
movie,66120,101,\N,\N,\N,OK,2017-07-26 00:00:00
movie,66125,92,\N,\N,\N,OK,2017-07-26 00:00:00
movie,66129,95,\N,\N,\N,OK,2017-07-26 00:00:00
movie,66150,95,\N,\N,\N,OK,2017-07-26 00:00:00
movie,66164,90,\N,\N,\N,OK,2017-07-26 00:00:00
movie,66193,104,\N,\N,\N,OK,2017-07-26 00:00:00
movie,66194,93,\N,\N,\N,OK,2017-07-26 00:00:00
movie,66195,93,\N,\N,\N,OK,2017-07-26 00:00:00
movie,66588,105,\N,\N,\N,OK,2017-07-26 00:00:00
movie,66600,106,\N,\N,\N,OK,2017-07-26 00:00:00
movie,66918,73,\N,\N,\N,OK,2017-07-26 00:00:00
movie,66942,93,\N,\N,\N,OK,2017-07-26 00:00:00
movie,66945,86,\N,\N,\N,OK,2017-07-26 00:00:00
movie,67067,95,\N,\N,\N,OK,2017-07-26 00:00:00
movie,67109,102,\N,\N,\N,OK,2017-07-26 00:00:00
movie,67166,10,\N,\N,\N,OK,2017-07-26 00:00:00
movie,67198,105,\N,\N,\N,OK,2017-07-26 00:00:00
movie,67308,118,\N,\N,\N,OK,2017-07-26 00:00:00
movie,67323,99,\N,\N,\N,OK,2017-07-26 00:00:00
movie,67328,97,\N,\N,\N,OK,2017-07-26 00:00:00
movie,67385,133,\N,\N,\N,OK,2017-07-26 00:00:00
movie,67509,103,\N,\N,\N,OK,2017-07-26 00:00:00
movie,67560,74,\N,\N,\N,OK,2017-07-26 00:00:00
movie,67619,90,\N,\N,\N,OK,2017-07-26 00:00:00
movie,67660,122,\N,\N,\N,OK,2017-07-26 00:00:00
movie,67675,84,\N,\N,\N,OK,2017-07-26 00:00:00
movie,67748,119,\N,\N,\N,OK,2017-07-26 00:00:00
movie,67793,115,\N,\N,\N,OK,2017-07-26 00:00:00
movie,67884,93,\N,\N,\N,OK,2017-07-26 00:00:00
movie,67885,93,\N,\N,\N,OK,2017-07-26 00:00:00
movie,67900,75,\N,\N,\N,OK,2017-07-26 00:00:00
movie,67911,97,\N,\N,\N,OK,2017-07-26 00:00:00
movie,67913,96,\N,\N,\N,OK,2017-07-26 00:00:00
movie,68064,220,\N,\N,\N,OK,2017-07-26 00:00:00
movie,68098,88,\N,\N,\N,OK,2017-07-26 00:00:00
movie,68174,89,\N,\N,\N,OK,2017-07-26 00:00:00
movie,68178,85,\N,\N,\N,OK,2017-07-26 00:00:00
movie,68179,89,\N,\N,\N,OK,2017-07-26 00:00:00
movie,68193,90,\N,\N,\N,OK,2017-07-26 00:00:00
movie,68252,100,\N,\N,\N,OK,2017-07-26 00:00:00
movie,68280,91,\N,\N,\N,OK,2017-07-26 00:00:00
movie,68309,101,\N,\N,\N,OK,2017-07-26 00:00:00
movie,68341,144,\N,\N,\N,OK,2017-07-26 00:00:00
movie,68352,105,\N,\N,\N,OK,2017-07-26 00:00:00
movie,68419,88,\N,\N,\N,OK,2017-07-26 00:00:00
movie,68427,112,\N,\N,\N,OK,2017-07-26 00:00:00
movie,68440,114,\N,\N,\N,OK,2017-07-26 00:00:00
movie,68445,85,\N,\N,\N,OK,2017-07-26 00:00:00
movie,68450,80,\N,\N,\N,OK,2017-07-26 00:00:00
movie,68472,90,\N,\N,\N,OK,2017-07-26 00:00:00
movie,68569,90,\N,\N,\N,OK,2017-07-26 00:00:00
movie,68684,93,\N,\N,\N,OK,2017-07-26 00:00:00
movie,68718,165,\N,\N,\N,OK,2017-07-26 00:00:00
movie,68721,130,\N,\N,\N,OK,2017-07-26 00:00:00
movie,68722,137,\N,\N,\N,OK,2017-07-26 00:00:00
movie,68724,109,\N,\N,\N,OK,2017-07-26 00:00:00
movie,68726,131,\N,\N,\N,OK,2017-07-26 00:00:00
movie,68727,101,\N,\N,\N,OK,2017-07-26 00:00:00
movie,68728,130,\N,\N,\N,OK,2017-07-26 00:00:00
movie,68730,161,\N,\N,\N,OK,2017-07-26 00:00:00
movie,68734,120,\N,\N,\N,OK,2017-07-26 00:00:00
movie,68735,123,\N,\N,\N,OK,2017-07-26 00:00:00
movie,68737,102,\N,\N,\N,OK,2017-07-26 00:00:00
movie,68806,92,\N,\N,\N,OK,2017-07-26 00:00:00
movie,68812,105,\N,\N,\N,OK,2017-07-26 00:00:00
movie,68817,113,\N,\N,\N,OK,2017-07-26 00:00:00
movie,68818,98,\N,\N,\N,OK,2017-07-26 00:00:00
movie,68924,112,\N,\N,\N,OK,2017-07-26 00:00:00
movie,68927,100,\N,\N,\N,OK,2017-07-26 00:00:00
movie,69225,104,\N,\N,\N,OK,2017-07-26 00:00:00
movie,69315,88,\N,\N,\N,OK,2017-07-26 00:00:00
movie,69324,92,\N,\N,\N,OK,2017-07-26 00:00:00
movie,69406,124,\N,\N,\N,OK,2017-07-26 00:00:00
movie,69480,87,\N,\N,\N,OK,2017-07-26 00:00:00
movie,69605,99,\N,\N,\N,OK,2017-07-26 00:00:00
movie,69619,101,\N,\N,\N,OK,2017-07-26 00:00:00
movie,69668,84,\N,\N,\N,OK,2017-07-26 00:00:00
movie,69735,64,\N,\N,\N,OK,2017-07-26 00:00:00
movie,69778,95,\N,\N,\N,OK,2017-07-26 00:00:00
movie,69792,103,\N,\N,\N,OK,2017-07-26 00:00:00
movie,69798,97,\N,\N,\N,OK,2017-07-26 00:00:00
movie,70006,90,\N,\N,\N,OK,2017-07-26 00:00:00
movie,70008,91,\N,\N,\N,OK,2017-07-26 00:00:00
movie,70009,93,\N,\N,\N,OK,2017-07-26 00:00:00
movie,70042,83,\N,\N,\N,OK,2017-07-26 00:00:00
movie,70057,115,\N,\N,\N,OK,2017-07-26 00:00:00
movie,70061,18,\N,\N,\N,OK,2017-07-26 00:00:00
movie,70074,92,\N,\N,\N,OK,2017-07-26 00:00:00
movie,70115,85,\N,\N,\N,OK,2017-07-26 00:00:00
movie,70160,142,\N,\N,\N,OK,2017-07-26 00:00:00
movie,70193,103,\N,\N,\N,OK,2017-07-26 00:00:00
movie,70196,98,\N,\N,\N,OK,2017-07-26 00:00:00
movie,70282,107,\N,\N,\N,OK,2017-07-26 00:00:00
movie,70338,57,\N,\N,\N,OK,2017-07-26 00:00:00
movie,70386,83,\N,\N,\N,OK,2017-07-26 00:00:00
movie,70435,93,\N,\N,\N,OK,2017-07-26 00:00:00
movie,70436,111,\N,\N,\N,OK,2017-07-26 00:00:00
movie,70448,98,\N,\N,\N,OK,2017-07-26 00:00:00
movie,70530,100,\N,\N,\N,OK,2017-07-26 00:00:00
movie,70575,95,\N,\N,\N,OK,2017-07-26 00:00:00
movie,70577,102,\N,\N,\N,OK,2017-07-26 00:00:00
movie,70578,91,\N,\N,\N,OK,2017-07-26 00:00:00
movie,70584,75,\N,\N,\N,OK,2017-07-26 00:00:00
movie,70586,85,\N,\N,\N,OK,2017-07-26 00:00:00
movie,70587,88,\N,\N,\N,OK,2017-07-26 00:00:00
movie,70588,93,\N,\N,\N,OK,2017-07-26 00:00:00
movie,70590,143,\N,\N,\N,OK,2017-07-26 00:00:00
movie,70666,95,\N,\N,\N,OK,2017-07-26 00:00:00
movie,70667,118,\N,\N,\N,OK,2017-07-26 00:00:00
movie,70670,100,\N,\N,\N,OK,2017-07-26 00:00:00
movie,70695,90,\N,\N,\N,OK,2017-07-26 00:00:00
movie,70703,97,\N,\N,\N,OK,2017-07-26 00:00:00
movie,70706,91,\N,\N,\N,OK,2017-07-26 00:00:00
movie,70712,98,\N,\N,\N,OK,2017-07-26 00:00:00
movie,70740,92,\N,\N,\N,OK,2017-07-26 00:00:00
movie,70793,92,\N,\N,\N,OK,2017-07-26 00:00:00
movie,70801,85,\N,\N,\N,OK,2017-07-26 00:00:00
movie,70808,118,\N,\N,\N,OK,2017-07-26 00:00:00
movie,70821,90,\N,\N,\N,OK,2017-07-26 00:00:00
movie,70845,100,\N,\N,\N,OK,2017-07-26 00:00:00
movie,70862,80,\N,\N,\N,OK,2017-07-26 00:00:00
movie,70868,89,\N,\N,\N,OK,2017-07-26 00:00:00
movie,70876,98,\N,\N,\N,OK,2017-07-26 00:00:00
movie,70881,95,\N,\N,\N,OK,2017-07-26 00:00:00
movie,70925,100,\N,\N,\N,OK,2017-07-26 00:00:00
movie,70954,102,\N,\N,\N,OK,2017-07-26 00:00:00
movie,70966,88,\N,\N,\N,OK,2017-07-26 00:00:00
movie,70981,124,\N,\N,\N,OK,2017-07-26 00:00:00
movie,70993,72,\N,\N,\N,OK,2017-07-26 00:00:00
movie,71157,127,\N,\N,\N,OK,2017-07-26 00:00:00
movie,71254,94,\N,\N,\N,OK,2017-07-26 00:00:00
movie,71325,107,\N,\N,\N,OK,2017-07-26 00:00:00
movie,71326,90,\N,\N,\N,OK,2017-07-26 00:00:00
movie,71469,89,\N,\N,\N,OK,2017-07-26 00:00:00
movie,71552,113,\N,\N,\N,OK,2017-07-26 00:00:00
movie,71620,117,\N,\N,\N,OK,2017-07-26 00:00:00
movie,71622,75,\N,\N,\N,OK,2017-07-26 00:00:00
movie,71626,76,\N,\N,\N,OK,2017-07-26 00:00:00
movie,71668,83,\N,\N,\N,OK,2017-07-26 00:00:00
movie,71670,88,\N,\N,\N,OK,2017-07-26 00:00:00
movie,71672,93,\N,\N,\N,OK,2017-07-26 00:00:00
movie,71676,95,\N,\N,\N,OK,2017-07-26 00:00:00
movie,71677,101,\N,\N,\N,OK,2017-07-26 00:00:00
movie,71679,95,\N,\N,\N,OK,2017-07-26 00:00:00
movie,71688,105,\N,\N,\N,OK,2017-07-26 00:00:00
movie,71689,78,\N,\N,\N,OK,2017-07-26 00:00:00
movie,71700,89,\N,\N,\N,OK,2017-07-26 00:00:00
movie,71723,79,\N,\N,\N,OK,2017-07-26 00:00:00
movie,71744,90,\N,\N,\N,OK,2017-07-26 00:00:00
movie,71859,112,\N,\N,\N,OK,2017-07-26 00:00:00
movie,71864,105,\N,\N,\N,OK,2017-07-26 00:00:00
movie,71880,91,\N,\N,\N,OK,2017-07-26 00:00:00
movie,71883,102,\N,\N,\N,OK,2017-07-26 00:00:00
movie,72013,49,\N,\N,\N,OK,2017-07-26 00:00:00
movie,72066,132,\N,\N,\N,OK,2017-07-26 00:00:00
movie,72083,88,\N,\N,\N,OK,2017-07-26 00:00:00
movie,72093,67,\N,\N,\N,OK,2017-07-26 00:00:00
movie,72095,67,\N,\N,\N,OK,2017-07-26 00:00:00
movie,72105,106,\N,\N,\N,OK,2017-07-26 00:00:00
movie,72113,80,\N,\N,\N,OK,2017-07-26 00:00:00
movie,72174,89,\N,\N,\N,OK,2017-07-26 00:00:00
movie,72185,25,\N,\N,\N,OK,2017-07-26 00:00:00
movie,72190,116,\N,\N,\N,OK,2017-07-26 00:00:00
movie,72197,88,\N,\N,\N,OK,2017-07-26 00:00:00
movie,72199,9,\N,\N,\N,OK,2017-07-26 00:00:00
movie,72203,20,\N,\N,\N,OK,2017-07-26 00:00:00
movie,72207,124,\N,\N,\N,OK,2017-07-26 00:00:00
movie,72213,129,\N,\N,\N,OK,2017-07-26 00:00:00
movie,72215,10,\N,\N,\N,OK,2017-07-26 00:00:00
movie,72246,86,\N,\N,\N,OK,2017-07-26 00:00:00
movie,72277,106,\N,\N,\N,OK,2017-07-26 00:00:00
movie,72331,94,\N,\N,\N,OK,2017-07-26 00:00:00
movie,72334,78,\N,\N,\N,OK,2017-07-26 00:00:00
movie,72358,91,\N,\N,\N,OK,2017-07-26 00:00:00
movie,72359,95,\N,\N,\N,OK,2017-07-26 00:00:00
movie,72387,94,\N,\N,\N,OK,2017-07-26 00:00:00
movie,72391,86,\N,\N,\N,OK,2017-07-26 00:00:00
movie,72431,125,\N,\N,\N,OK,2017-07-26 00:00:00
movie,72432,100,\N,\N,\N,OK,2017-07-26 00:00:00
movie,72477,105,\N,\N,\N,OK,2017-07-26 00:00:00
movie,72478,110,\N,\N,\N,OK,2017-07-26 00:00:00
movie,72525,90,\N,\N,\N,OK,2017-07-26 00:00:00
movie,72545,94,\N,\N,\N,OK,2017-07-26 00:00:00
movie,72551,103,\N,\N,\N,OK,2017-07-26 00:00:00
movie,72559,110,\N,\N,\N,OK,2017-07-26 00:00:00
movie,72560,101,\N,\N,\N,OK,2017-07-26 00:00:00
movie,72570,104,\N,\N,\N,OK,2017-07-26 00:00:00
movie,72571,83,\N,\N,\N,OK,2017-07-26 00:00:00
movie,72585,29,\N,\N,\N,OK,2017-07-26 00:00:00
movie,72660,17,\N,\N,\N,OK,2017-07-26 00:00:00
movie,72710,125,\N,\N,\N,OK,2017-07-26 00:00:00
movie,72721,90,\N,\N,\N,OK,2017-07-26 00:00:00
movie,72744,109,\N,\N,\N,OK,2017-07-26 00:00:00
movie,72784,108,\N,\N,\N,OK,2017-07-26 00:00:00
movie,72842,90,\N,\N,\N,OK,2017-07-26 00:00:00
movie,72867,143,\N,\N,\N,OK,2017-07-26 00:00:00
movie,72886,54,\N,\N,\N,OK,2017-07-26 00:00:00
movie,72890,103,\N,\N,\N,OK,2017-07-26 00:00:00
movie,72912,89,\N,\N,\N,OK,2017-07-26 00:00:00
movie,72914,97,\N,\N,\N,OK,2017-07-26 00:00:00
movie,72972,59,\N,\N,\N,OK,2017-07-26 00:00:00
movie,72976,149,\N,\N,\N,OK,2017-07-26 00:00:00
movie,73079,108,\N,\N,\N,OK,2017-07-26 00:00:00
movie,73108,81,\N,\N,\N,OK,2017-07-26 00:00:00
movie,73183,112,\N,\N,\N,OK,2017-07-26 00:00:00
movie,73211,120,\N,\N,\N,OK,2017-07-26 00:00:00
movie,73262,89,\N,\N,\N,OK,2017-07-26 00:00:00
movie,73265,94,\N,\N,\N,OK,2017-07-26 00:00:00
movie,73290,88,\N,\N,\N,OK,2017-07-26 00:00:00
movie,73358,99,\N,\N,\N,OK,2017-07-26 00:00:00
movie,73454,90,\N,\N,\N,OK,2017-07-26 00:00:00
movie,73456,79,\N,\N,\N,OK,2017-07-26 00:00:00
movie,73499,98,\N,\N,\N,OK,2017-07-26 00:00:00
movie,73500,97,\N,\N,\N,OK,2017-07-26 00:00:00
movie,73529,69,\N,\N,\N,OK,2017-07-26 00:00:00
movie,73530,64,\N,\N,\N,OK,2017-07-26 00:00:00
movie,73532,93,\N,\N,\N,OK,2017-07-26 00:00:00
movie,73541,84,\N,\N,\N,OK,2017-07-26 00:00:00
movie,73562,100,\N,\N,\N,OK,2017-07-26 00:00:00
movie,73563,87,\N,\N,\N,OK,2017-07-26 00:00:00
movie,73567,102,\N,\N,\N,OK,2017-07-26 00:00:00
movie,73582,130,\N,\N,\N,OK,2017-07-26 00:00:00
movie,73588,92,\N,\N,\N,OK,2017-07-26 00:00:00
movie,73624,106,\N,\N,\N,OK,2017-07-26 00:00:00
movie,73642,93,\N,\N,\N,OK,2017-07-26 00:00:00
movie,73686,145,\N,\N,\N,OK,2017-07-26 00:00:00
movie,73700,114,\N,\N,\N,OK,2017-07-26 00:00:00
movie,73723,86,\N,\N,\N,OK,2017-07-26 00:00:00
movie,73770,95,\N,\N,\N,OK,2017-07-26 00:00:00
movie,73818,91,\N,\N,\N,OK,2017-07-26 00:00:00
movie,73846,87,\N,\N,\N,OK,2017-07-26 00:00:00
movie,73861,104,\N,\N,\N,OK,2017-07-26 00:00:00
movie,73869,100,\N,\N,\N,OK,2017-07-26 00:00:00
movie,73872,88,\N,\N,\N,OK,2017-07-26 00:00:00
movie,73873,113,\N,\N,\N,OK,2017-07-26 00:00:00
movie,73884,75,\N,\N,\N,OK,2017-07-26 00:00:00
movie,73933,89,\N,\N,\N,OK,2017-07-26 00:00:00
movie,73935,93,\N,\N,\N,OK,2017-07-26 00:00:00
movie,73936,89,\N,\N,\N,OK,2017-07-26 00:00:00
movie,73937,100,\N,\N,\N,OK,2017-07-26 00:00:00
movie,73939,86,\N,\N,\N,OK,2017-07-26 00:00:00
movie,73943,87,\N,\N,\N,OK,2017-07-26 00:00:00
movie,73963,95,\N,\N,\N,OK,2017-07-26 00:00:00
movie,74018,88,\N,\N,\N,OK,2017-07-26 00:00:00
movie,74092,117,\N,\N,\N,OK,2017-07-26 00:00:00
movie,74119,98,\N,\N,\N,OK,2017-07-26 00:00:00
movie,74135,141,\N,\N,\N,OK,2017-07-26 00:00:00
movie,74306,104,\N,\N,\N,OK,2017-07-26 00:00:00
movie,74308,97,\N,\N,\N,OK,2017-07-26 00:00:00
movie,74336,98,\N,\N,\N,OK,2017-07-26 00:00:00
movie,74340,114,\N,\N,\N,OK,2017-07-26 00:00:00
movie,74387,92,\N,\N,\N,OK,2017-07-26 00:00:00
movie,74406,120,\N,\N,\N,OK,2017-07-26 00:00:00
movie,74447,108,\N,\N,\N,OK,2017-07-26 00:00:00
movie,74458,139,\N,\N,\N,OK,2017-07-26 00:00:00
movie,74461,86,\N,\N,\N,OK,2017-07-26 00:00:00
movie,74465,124,\N,\N,\N,OK,2017-07-26 00:00:00
movie,74471,105,\N,\N,\N,OK,2017-07-26 00:00:00
movie,74505,100,\N,\N,\N,OK,2017-07-26 00:00:00
movie,74510,89,\N,\N,\N,OK,2017-07-26 00:00:00
movie,74513,109,\N,\N,\N,OK,2017-07-26 00:00:00
movie,74518,95,\N,\N,\N,OK,2017-07-26 00:00:00
movie,74523,99,\N,\N,\N,OK,2017-07-26 00:00:00
movie,74534,124,\N,\N,\N,OK,2017-07-26 00:00:00
movie,74535,117,\N,\N,\N,OK,2017-07-26 00:00:00
movie,74536,90,\N,\N,\N,OK,2017-07-26 00:00:00
movie,74549,88,\N,\N,\N,OK,2017-07-26 00:00:00
movie,74586,90,\N,\N,\N,OK,2017-07-26 00:00:00
movie,74626,129,\N,\N,\N,OK,2017-07-26 00:00:00
movie,74639,121,\N,\N,\N,OK,2017-07-26 00:00:00
movie,74643,100,\N,\N,\N,OK,2017-07-26 00:00:00
movie,74692,99,\N,\N,\N,OK,2017-07-26 00:00:00
movie,74725,95,\N,\N,\N,OK,2017-07-26 00:00:00
movie,74726,100,\N,\N,\N,OK,2017-07-26 00:00:00
movie,74777,92,\N,\N,\N,OK,2017-07-26 00:00:00
movie,74836,86,\N,\N,\N,OK,2017-07-26 00:00:00
movie,74842,98,\N,\N,\N,OK,2017-07-26 00:00:00
movie,74849,97,\N,\N,\N,OK,2017-07-26 00:00:00
movie,74860,106,\N,\N,\N,OK,2017-07-26 00:00:00
movie,74879,150,\N,\N,\N,OK,2017-07-26 00:00:00
movie,74944,109,\N,\N,\N,OK,2017-07-26 00:00:00
movie,74945,100,\N,\N,\N,OK,2017-07-26 00:00:00
movie,74997,91,\N,\N,\N,OK,2017-07-26 00:00:00
movie,74998,105,\N,\N,\N,OK,2017-07-26 00:00:00
movie,75074,118,\N,\N,\N,OK,2017-07-26 00:00:00
movie,75170,92,\N,\N,\N,OK,2017-07-26 00:00:00
movie,75174,117,\N,\N,\N,OK,2017-07-26 00:00:00
movie,75204,80,\N,\N,\N,OK,2017-07-26 00:00:00
movie,75229,96,\N,\N,\N,OK,2017-07-26 00:00:00
movie,75233,95,\N,\N,\N,OK,2017-07-26 00:00:00
movie,75258,92,\N,\N,\N,OK,2017-07-26 00:00:00
movie,75301,80,\N,\N,\N,OK,2017-07-26 00:00:00
movie,75311,93,\N,\N,\N,OK,2017-07-26 00:00:00
movie,75345,129,\N,\N,\N,OK,2017-07-26 00:00:00
movie,75386,88,\N,\N,\N,OK,2017-07-26 00:00:00
movie,75491,100,\N,\N,\N,OK,2017-07-26 00:00:00
movie,75595,94,\N,\N,\N,OK,2017-07-26 00:00:00
movie,75612,124,\N,\N,\N,OK,2017-07-26 00:00:00
movie,75622,108,\N,\N,\N,OK,2017-07-26 00:00:00
movie,75623,92,\N,\N,\N,OK,2017-07-26 00:00:00
movie,75629,106,\N,\N,\N,OK,2017-07-26 00:00:00
movie,75638,119,\N,\N,\N,OK,2017-07-26 00:00:00
movie,75656,115,\N,\N,\N,OK,2017-07-26 00:00:00
movie,75674,110,\N,\N,\N,OK,2017-07-26 00:00:00
movie,75720,85,\N,\N,\N,OK,2017-07-26 00:00:00
movie,75725,71,\N,\N,\N,OK,2017-07-26 00:00:00
movie,75735,90,\N,\N,\N,OK,2017-07-26 00:00:00
movie,75736,93,\N,\N,\N,OK,2017-07-26 00:00:00
movie,75761,99,\N,\N,\N,OK,2017-07-26 00:00:00
movie,75780,130,\N,\N,\N,OK,2017-07-26 00:00:00
movie,75802,100,\N,\N,\N,OK,2017-07-26 00:00:00
movie,75900,99,\N,\N,\N,OK,2017-07-26 00:00:00
movie,75910,108,\N,\N,\N,OK,2017-07-26 00:00:00
movie,75931,106,\N,\N,\N,OK,2017-07-26 00:00:00
movie,75948,100,\N,\N,\N,OK,2017-07-26 00:00:00
movie,75964,208,\N,\N,\N,OK,2017-07-26 00:00:00
movie,75969,112,\N,\N,\N,OK,2017-07-26 00:00:00
movie,76013,114,\N,\N,\N,OK,2017-07-26 00:00:00
movie,76025,100,\N,\N,\N,OK,2017-07-26 00:00:00
movie,76101,87,\N,\N,\N,OK,2017-07-26 00:00:00
movie,76115,202,\N,\N,\N,OK,2017-07-26 00:00:00
movie,76122,4,\N,\N,\N,OK,2017-07-26 00:00:00
movie,76163,103,\N,\N,\N,OK,2017-07-26 00:00:00
movie,76170,126,\N,\N,\N,OK,2017-07-26 00:00:00
movie,76176,90,\N,\N,\N,OK,2017-07-26 00:00:00
movie,76180,151,\N,\N,\N,OK,2017-07-26 00:00:00
movie,76203,134,\N,\N,\N,OK,2017-07-26 00:00:00
movie,76285,106,\N,\N,\N,OK,2017-07-26 00:00:00
movie,76333,90,\N,\N,\N,OK,2017-07-26 00:00:00
movie,76338,112,\N,\N,\N,OK,2017-07-26 00:00:00
movie,76341,120,\N,\N,\N,OK,2017-07-26 00:00:00
movie,76346,6,\N,\N,\N,OK,2017-07-26 00:00:00
movie,76349,125,\N,\N,\N,OK,2017-07-26 00:00:00
movie,76360,42,\N,\N,\N,OK,2017-07-26 00:00:00
movie,76406,92,\N,\N,\N,OK,2017-07-26 00:00:00
movie,76420,15,\N,\N,\N,OK,2017-07-26 00:00:00
movie,76487,83,\N,\N,\N,OK,2017-07-26 00:00:00
movie,76489,92,\N,\N,\N,OK,2017-07-26 00:00:00
movie,76492,91,\N,\N,\N,OK,2017-07-26 00:00:00
movie,76493,83,\N,\N,\N,OK,2017-07-26 00:00:00
movie,76494,110,\N,\N,\N,OK,2017-07-26 00:00:00
movie,76516,90,\N,\N,\N,OK,2017-07-26 00:00:00
movie,76535,4,\N,\N,\N,OK,2017-07-26 00:00:00
movie,76543,93,\N,\N,\N,OK,2017-07-26 00:00:00
movie,76544,105,\N,\N,\N,OK,2017-07-26 00:00:00
movie,76589,77,\N,\N,\N,OK,2017-07-26 00:00:00
movie,76609,136,\N,\N,\N,OK,2017-07-26 00:00:00
movie,76617,92,\N,\N,\N,OK,2017-07-26 00:00:00
movie,76640,107,\N,\N,\N,OK,2017-07-26 00:00:00
movie,76649,105,\N,\N,\N,OK,2017-07-26 00:00:00
movie,76696,95,\N,\N,\N,OK,2017-07-26 00:00:00
movie,76706,89,\N,\N,\N,OK,2017-07-26 00:00:00
movie,76726,84,\N,\N,\N,OK,2017-07-26 00:00:00
movie,76757,124,\N,\N,\N,OK,2017-07-26 00:00:00
movie,76758,145,\N,\N,\N,OK,2017-07-26 00:00:00
movie,76788,149,\N,\N,\N,OK,2017-07-26 00:00:00
movie,76804,82,\N,\N,\N,OK,2017-07-26 00:00:00
movie,76808,120,\N,\N,\N,OK,2017-07-26 00:00:00
movie,76812,93,\N,\N,\N,OK,2017-07-26 00:00:00
movie,76815,89,\N,\N,\N,OK,2017-07-26 00:00:00
movie,76996,78,\N,\N,\N,OK,2017-07-26 00:00:00
movie,77016,109,\N,\N,\N,OK,2017-07-26 00:00:00
movie,77067,94,\N,\N,\N,OK,2017-07-26 00:00:00
movie,77068,86,\N,\N,\N,OK,2017-07-26 00:00:00
movie,77094,124,\N,\N,\N,OK,2017-07-26 00:00:00
movie,77117,124,\N,\N,\N,OK,2017-07-26 00:00:00
movie,77120,93,\N,\N,\N,OK,2017-07-26 00:00:00
movie,77174,90,\N,\N,\N,OK,2017-07-26 00:00:00
movie,77175,115,\N,\N,\N,OK,2017-07-26 00:00:00
movie,77221,130,\N,\N,\N,OK,2017-07-26 00:00:00
movie,77223,122,\N,\N,\N,OK,2017-07-26 00:00:00
movie,77234,90,\N,\N,\N,OK,2017-07-26 00:00:00
movie,77235,93,\N,\N,\N,OK,2017-07-26 00:00:00
movie,77261,87,\N,\N,\N,OK,2017-07-26 00:00:00
movie,77269,85,\N,\N,\N,OK,2017-07-26 00:00:00
movie,77294,17,\N,\N,\N,OK,2017-07-26 00:00:00
movie,77304,19,\N,\N,\N,OK,2017-07-26 00:00:00
movie,77338,112,\N,\N,\N,OK,2017-07-26 00:00:00
movie,77350,73,\N,\N,\N,OK,2017-07-26 00:00:00
movie,77365,105,\N,\N,\N,OK,2017-07-26 00:00:00
movie,77458,98,\N,\N,\N,OK,2017-07-26 00:00:00
movie,77459,90,\N,\N,\N,OK,2017-07-26 00:00:00
movie,77460,99,\N,\N,\N,OK,2017-07-26 00:00:00
movie,77461,110,\N,\N,\N,OK,2017-07-26 00:00:00
movie,77462,107,\N,\N,\N,OK,2017-07-26 00:00:00
movie,77469,100,\N,\N,\N,OK,2017-07-26 00:00:00
movie,77495,107,\N,\N,\N,OK,2017-07-26 00:00:00
movie,77499,74,\N,\N,\N,OK,2017-07-26 00:00:00
movie,77560,140,\N,\N,\N,OK,2017-07-26 00:00:00
movie,77561,94,\N,\N,\N,OK,2017-07-26 00:00:00
movie,77635,113,\N,\N,\N,OK,2017-07-26 00:00:00
movie,77663,91,\N,\N,\N,OK,2017-07-26 00:00:00
movie,77716,106,\N,\N,\N,OK,2017-07-26 00:00:00
movie,77759,18,\N,\N,\N,OK,2017-07-26 00:00:00
movie,77762,16,\N,\N,\N,OK,2017-07-26 00:00:00
movie,77771,85,\N,\N,\N,OK,2017-07-26 00:00:00
movie,77780,93,\N,\N,\N,OK,2017-07-26 00:00:00
movie,77801,85,\N,\N,\N,OK,2017-07-26 00:00:00
movie,77805,92,\N,\N,\N,OK,2017-07-26 00:00:00
movie,77866,109,\N,\N,\N,OK,2017-07-26 00:00:00
movie,77875,106,\N,\N,\N,OK,2017-07-26 00:00:00
movie,77877,101,\N,\N,\N,OK,2017-07-26 00:00:00
movie,77878,135,\N,\N,\N,OK,2017-07-26 00:00:00
movie,77879,96,\N,\N,\N,OK,2017-07-26 00:00:00
movie,77883,92,\N,\N,\N,OK,2017-07-26 00:00:00
movie,77887,6,\N,\N,\N,OK,2017-07-26 00:00:00
movie,77915,117,\N,\N,\N,OK,2017-07-26 00:00:00
movie,77930,110,\N,\N,\N,OK,2017-07-26 00:00:00
movie,77931,105,\N,\N,\N,OK,2017-07-26 00:00:00
movie,77936,110,\N,\N,\N,OK,2017-07-26 00:00:00
movie,77948,93,\N,\N,\N,OK,2017-07-26 00:00:00
movie,77949,107,\N,\N,\N,OK,2017-07-26 00:00:00
movie,77950,96,\N,\N,\N,OK,2017-07-26 00:00:00
movie,77951,87,\N,\N,\N,OK,2017-07-26 00:00:00
movie,77953,85,\N,\N,\N,OK,2017-07-26 00:00:00
movie,77987,90,\N,\N,\N,OK,2017-07-26 00:00:00
movie,78047,93,\N,\N,\N,OK,2017-07-26 00:00:00
movie,78049,106,\N,\N,\N,OK,2017-07-26 00:00:00
movie,78080,90,\N,\N,\N,OK,2017-07-26 00:00:00
movie,78093,90,\N,\N,\N,OK,2017-07-26 00:00:00
movie,78140,155,\N,\N,\N,OK,2017-07-26 00:00:00
movie,78182,109,\N,\N,\N,OK,2017-07-26 00:00:00
movie,78206,93,\N,\N,\N,OK,2017-07-26 00:00:00
movie,78215,100,\N,\N,\N,OK,2017-07-26 00:00:00
movie,78248,90,\N,\N,\N,OK,2017-07-26 00:00:00
movie,78294,96,\N,\N,\N,OK,2017-07-26 00:00:00
movie,78362,90,\N,\N,\N,OK,2017-07-26 00:00:00
movie,78363,105,\N,\N,\N,OK,2017-07-26 00:00:00
movie,78373,97,\N,\N,\N,OK,2017-07-26 00:00:00
movie,78381,84,\N,\N,\N,OK,2017-07-26 00:00:00
movie,78383,99,\N,\N,\N,OK,2017-07-26 00:00:00
movie,78403,86,\N,\N,\N,OK,2017-07-26 00:00:00
movie,78406,113,\N,\N,\N,OK,2017-07-26 00:00:00
movie,78461,96,\N,\N,\N,OK,2017-07-26 00:00:00
movie,78476,103,\N,\N,\N,OK,2017-07-26 00:00:00
movie,78478,103,\N,\N,\N,OK,2017-07-26 00:00:00
movie,78480,94,\N,\N,\N,OK,2017-07-26 00:00:00
movie,78570,90,\N,\N,\N,OK,2017-07-26 00:00:00
movie,78571,102,\N,\N,\N,OK,2017-07-26 00:00:00
movie,78604,96,\N,\N,\N,OK,2017-07-26 00:00:00
movie,78698,107,\N,\N,\N,OK,2017-07-26 00:00:00
movie,79000,84,\N,\N,\N,OK,2017-07-26 00:00:00
movie,79040,108,\N,\N,\N,OK,2017-07-26 00:00:00
movie,79070,98,\N,\N,\N,OK,2017-07-26 00:00:00
movie,79073,92,\N,\N,\N,OK,2017-07-26 00:00:00
movie,79078,87,\N,\N,\N,OK,2017-07-26 00:00:00
movie,79108,103,\N,\N,\N,OK,2017-07-26 00:00:00
movie,79113,89,\N,\N,\N,OK,2017-07-26 00:00:00
movie,79120,96,\N,\N,\N,OK,2017-07-26 00:00:00
movie,79172,86,\N,\N,\N,OK,2017-07-26 00:00:00
movie,79216,20,\N,\N,\N,OK,2017-07-26 00:00:00
movie,79218,26,\N,\N,\N,OK,2017-07-26 00:00:00
movie,79221,116,\N,\N,\N,OK,2017-07-26 00:00:00
movie,79224,122,\N,\N,\N,OK,2017-07-26 00:00:00
movie,79316,89,\N,\N,\N,OK,2017-07-26 00:00:00
movie,79374,111,\N,\N,\N,OK,2017-07-26 00:00:00
movie,79382,127,\N,\N,\N,OK,2017-07-26 00:00:00
movie,79406,122,\N,\N,\N,OK,2017-07-26 00:00:00
movie,79433,85,\N,\N,\N,OK,2017-07-26 00:00:00
movie,79464,159,\N,\N,\N,OK,2017-07-26 00:00:00
movie,79465,89,\N,\N,\N,OK,2017-07-26 00:00:00
movie,79515,75,\N,\N,\N,OK,2017-07-26 00:00:00
movie,79516,100,\N,\N,\N,OK,2017-07-26 00:00:00
movie,79544,96,\N,\N,\N,OK,2017-07-26 00:00:00
movie,79548,94,\N,\N,\N,OK,2017-07-26 00:00:00
movie,79553,133,\N,\N,\N,OK,2017-07-26 00:00:00
movie,79628,104,\N,\N,\N,OK,2017-07-26 00:00:00
movie,79694,82,\N,\N,\N,OK,2017-07-26 00:00:00
movie,79697,90,\N,\N,\N,OK,2017-07-26 00:00:00
movie,79698,109,\N,\N,\N,OK,2017-07-26 00:00:00
movie,79699,86,\N,\N,\N,OK,2017-07-26 00:00:00
movie,79701,20,\N,\N,\N,OK,2017-07-26 00:00:00
movie,79707,116,\N,\N,\N,OK,2017-07-26 00:00:00
movie,79723,78,\N,\N,\N,OK,2017-07-26 00:00:00
movie,79754,87,\N,\N,\N,OK,2017-07-26 00:00:00
movie,79771,120,\N,\N,\N,OK,2017-07-26 00:00:00
movie,79777,127,\N,\N,\N,OK,2017-07-26 00:00:00
movie,79842,93,\N,\N,\N,OK,2017-07-26 00:00:00
movie,79896,110,\N,\N,\N,OK,2017-07-26 00:00:00
movie,79934,90,\N,\N,\N,OK,2017-07-26 00:00:00
movie,79935,89,\N,\N,\N,OK,2017-07-26 00:00:00
movie,79940,94,\N,\N,\N,OK,2017-07-26 00:00:00
movie,79990,122,\N,\N,\N,OK,2017-07-26 00:00:00
movie,80015,107,\N,\N,\N,OK,2017-07-26 00:00:00
movie,80034,84,\N,\N,\N,OK,2017-07-26 00:00:00
movie,80035,98,\N,\N,\N,OK,2017-07-26 00:00:00
movie,80038,100,\N,\N,\N,OK,2017-07-26 00:00:00
movie,80105,106,\N,\N,\N,OK,2017-07-26 00:00:00
movie,80125,108,\N,\N,\N,OK,2017-07-26 00:00:00
movie,80169,132,\N,\N,\N,OK,2017-07-26 00:00:00
movie,80184,92,\N,\N,\N,OK,2017-07-26 00:00:00
movie,80188,93,\N,\N,\N,OK,2017-07-26 00:00:00
movie,80215,96,\N,\N,\N,OK,2017-07-26 00:00:00
movie,80271,97,\N,\N,\N,OK,2017-07-26 00:00:00
movie,80274,114,\N,\N,\N,OK,2017-07-26 00:00:00
movie,80276,174,\N,\N,\N,OK,2017-07-26 00:00:00
movie,80278,113,\N,\N,\N,OK,2017-07-26 00:00:00
movie,80280,80,\N,\N,\N,OK,2017-07-26 00:00:00
movie,80287,96,\N,\N,\N,OK,2017-07-26 00:00:00
movie,80304,84,\N,\N,\N,OK,2017-07-26 00:00:00
movie,80318,95,\N,\N,\N,OK,2017-07-26 00:00:00
movie,80321,93,\N,\N,\N,OK,2017-07-26 00:00:00
movie,80337,88,\N,\N,\N,OK,2017-07-26 00:00:00
movie,80379,62,\N,\N,\N,OK,2017-07-26 00:00:00
movie,80384,83,\N,\N,\N,OK,2017-07-26 00:00:00
movie,80389,95,\N,\N,\N,OK,2017-07-26 00:00:00
movie,80410,96,\N,\N,\N,OK,2017-07-26 00:00:00
movie,80440,95,\N,\N,\N,OK,2017-07-26 00:00:00
movie,80468,97,\N,\N,\N,OK,2017-07-26 00:00:00
movie,80518,110,\N,\N,\N,OK,2017-07-26 00:00:00
movie,80530,87,\N,\N,\N,OK,2017-07-26 00:00:00
movie,80544,93,\N,\N,\N,OK,2017-07-26 00:00:00
movie,80585,123,\N,\N,\N,OK,2017-07-26 00:00:00
movie,80591,119,\N,\N,\N,OK,2017-07-26 00:00:00
movie,80662,144,\N,\N,\N,OK,2017-07-26 00:00:00
movie,80708,84,\N,\N,\N,OK,2017-07-26 00:00:00
movie,80709,90,\N,\N,\N,OK,2017-07-26 00:00:00
movie,80713,101,\N,\N,\N,OK,2017-07-26 00:00:00
movie,80767,82,\N,\N,\N,OK,2017-07-26 00:00:00
movie,80919,87,\N,\N,\N,OK,2017-07-26 00:00:00
movie,80965,95,\N,\N,\N,OK,2017-07-26 00:00:00
movie,80973,80,\N,\N,\N,OK,2017-07-26 00:00:00
movie,81001,101,\N,\N,\N,OK,2017-07-26 00:00:00
movie,81003,24,\N,\N,\N,OK,2017-07-26 00:00:00
movie,81005,114,\N,\N,\N,OK,2017-07-26 00:00:00
movie,81010,89,\N,\N,\N,OK,2017-07-26 00:00:00
movie,81025,107,\N,\N,\N,OK,2017-07-26 00:00:00
movie,81167,192,\N,\N,\N,OK,2017-07-26 00:00:00
movie,81179,86,\N,\N,\N,OK,2017-07-26 00:00:00
movie,81188,97,\N,\N,\N,OK,2017-07-26 00:00:00
movie,81232,90,\N,\N,\N,OK,2017-07-26 00:00:00
movie,81242,123,\N,\N,\N,OK,2017-07-26 00:00:00
movie,81250,97,\N,\N,\N,OK,2017-07-26 00:00:00
movie,81273,144,\N,\N,\N,OK,2017-07-26 00:00:00
movie,81310,25,\N,\N,\N,OK,2017-07-26 00:00:00
movie,81332,96,\N,\N,\N,OK,2017-07-26 00:00:00
movie,81342,108,\N,\N,\N,OK,2017-07-26 00:00:00
movie,81390,99,\N,\N,\N,OK,2017-07-26 00:00:00
movie,81393,89,\N,\N,\N,OK,2017-07-26 00:00:00
movie,81401,146,\N,\N,\N,OK,2017-07-26 00:00:00
movie,81434,107,\N,\N,\N,OK,2017-07-26 00:00:00
movie,81440,85,\N,\N,\N,OK,2017-07-26 00:00:00
movie,81446,98,\N,\N,\N,OK,2017-07-26 00:00:00
movie,81460,122,\N,\N,\N,OK,2017-07-26 00:00:00
movie,81481,125,\N,\N,\N,OK,2017-07-26 00:00:00
movie,81530,90,\N,\N,\N,OK,2017-07-26 00:00:00
movie,81534,115,\N,\N,\N,OK,2017-07-26 00:00:00
movie,81540,85,\N,\N,\N,OK,2017-07-26 00:00:00
movie,81684,26,\N,\N,\N,OK,2017-07-26 00:00:00
movie,81704,94,\N,\N,\N,OK,2017-07-26 00:00:00
movie,81796,95,\N,\N,\N,OK,2017-07-26 00:00:00
movie,81836,111,\N,\N,\N,OK,2017-07-26 00:00:00
movie,81857,93,\N,\N,\N,OK,2017-07-26 00:00:00
movie,81870,125,\N,\N,\N,OK,2017-07-26 00:00:00
movie,81895,93,\N,\N,\N,OK,2017-07-26 00:00:00
movie,81900,79,\N,\N,\N,OK,2017-07-26 00:00:00
movie,81949,82,\N,\N,\N,OK,2017-07-26 00:00:00
movie,82099,92,\N,\N,\N,OK,2017-07-26 00:00:00
movie,82269,134,\N,\N,\N,OK,2017-07-26 00:00:00
movie,82327,108,\N,\N,\N,OK,2017-07-26 00:00:00
movie,82390,107,\N,\N,\N,OK,2017-07-26 00:00:00
movie,82424,7,\N,\N,\N,OK,2017-07-26 00:00:00
movie,82450,109,\N,\N,\N,OK,2017-07-26 00:00:00
movie,82469,94,\N,\N,\N,OK,2017-07-26 00:00:00
movie,82485,88,\N,\N,\N,OK,2017-07-26 00:00:00
movie,82501,85,\N,\N,\N,OK,2017-07-26 00:00:00
movie,82505,101,\N,\N,\N,OK,2017-07-26 00:00:00
movie,82507,110,\N,\N,\N,OK,2017-07-26 00:00:00
movie,82510,98,\N,\N,\N,OK,2017-07-26 00:00:00
movie,82520,97,\N,\N,\N,OK,2017-07-26 00:00:00
movie,82525,131,\N,\N,\N,OK,2017-07-26 00:00:00
movie,82529,100,\N,\N,\N,OK,2017-07-26 00:00:00
movie,82532,83,\N,\N,\N,OK,2017-07-26 00:00:00
movie,82533,99,\N,\N,\N,OK,2017-07-26 00:00:00
movie,82618,93,\N,\N,\N,OK,2017-07-26 00:00:00
movie,82620,113,\N,\N,\N,OK,2017-07-26 00:00:00
movie,82623,45,\N,\N,\N,OK,2017-07-26 00:00:00
movie,82631,121,\N,\N,\N,OK,2017-07-26 00:00:00
movie,82633,115,\N,\N,\N,OK,2017-07-26 00:00:00
movie,82639,86,\N,\N,\N,OK,2017-07-26 00:00:00
movie,82650,94,\N,\N,\N,OK,2017-07-26 00:00:00
movie,82654,97,\N,\N,\N,OK,2017-07-26 00:00:00
movie,82657,97,\N,\N,\N,OK,2017-07-26 00:00:00
movie,82675,91,\N,\N,\N,OK,2017-07-26 00:00:00
movie,82679,87,\N,\N,\N,OK,2017-07-26 00:00:00
movie,82682,113,\N,\N,\N,OK,2017-07-26 00:00:00
movie,82684,117,\N,\N,\N,OK,2017-07-26 00:00:00
movie,82687,95,\N,\N,\N,OK,2017-07-26 00:00:00
movie,82690,108,\N,\N,\N,OK,2017-07-26 00:00:00
movie,82693,122,\N,\N,\N,OK,2017-07-26 00:00:00
movie,82695,157,\N,\N,\N,OK,2017-07-26 00:00:00
movie,82696,100,\N,\N,\N,OK,2017-07-26 00:00:00
movie,82700,100,\N,\N,\N,OK,2017-07-26 00:00:00
movie,82702,102,\N,\N,\N,OK,2017-07-26 00:00:00
movie,82703,92,\N,\N,\N,OK,2017-07-26 00:00:00
movie,82743,90,\N,\N,\N,OK,2017-07-26 00:00:00
movie,82825,122,\N,\N,\N,OK,2017-07-26 00:00:00
movie,82881,6,\N,\N,\N,OK,2017-07-26 00:00:00
movie,82941,94,\N,\N,\N,OK,2017-07-26 00:00:00
movie,82990,95,\N,\N,\N,OK,2017-07-26 00:00:00
movie,82992,130,\N,\N,\N,OK,2017-07-26 00:00:00
movie,83186,94,\N,\N,\N,OK,2017-07-26 00:00:00
movie,83188,80,\N,\N,\N,OK,2017-07-26 00:00:00
movie,83191,180,\N,\N,\N,OK,2017-07-26 00:00:00
movie,83201,13,\N,\N,\N,OK,2017-07-26 00:00:00
movie,83384,84,\N,\N,\N,OK,2017-07-26 00:00:00
movie,83389,91,\N,\N,\N,OK,2017-07-26 00:00:00
movie,83403,77,\N,\N,\N,OK,2017-07-26 00:00:00
movie,83456,95,\N,\N,\N,OK,2017-07-26 00:00:00
movie,83501,78,\N,\N,\N,OK,2017-07-26 00:00:00
movie,83542,172,\N,\N,\N,OK,2017-07-26 00:00:00
movie,83564,7,\N,\N,\N,OK,2017-07-26 00:00:00
movie,83583,94,\N,\N,\N,OK,2017-07-26 00:00:00
movie,83589,105,\N,\N,\N,OK,2017-07-26 00:00:00
movie,83660,121,\N,\N,\N,OK,2017-07-26 00:00:00
movie,83666,94,\N,\N,\N,OK,2017-07-26 00:00:00
movie,83686,96,\N,\N,\N,OK,2017-07-26 00:00:00
movie,83706,122,\N,\N,\N,OK,2017-07-26 00:00:00
movie,83714,107,\N,\N,\N,OK,2017-07-26 00:00:00
movie,83718,91,\N,\N,\N,OK,2017-07-26 00:00:00
movie,83721,128,\N,\N,\N,OK,2017-07-26 00:00:00
movie,83727,114,\N,\N,\N,OK,2017-07-26 00:00:00
movie,83770,137,\N,\N,\N,OK,2017-07-26 00:00:00
movie,83801,102,\N,\N,\N,OK,2017-07-26 00:00:00
movie,83860,107,\N,\N,\N,OK,2017-07-26 00:00:00
movie,83869,92,\N,\N,\N,OK,2017-07-26 00:00:00
movie,83880,87,\N,\N,\N,OK,2017-07-26 00:00:00
movie,83896,87,\N,\N,\N,OK,2017-07-26 00:00:00
movie,83899,95,\N,\N,\N,OK,2017-07-26 00:00:00
movie,83900,92,\N,\N,\N,OK,2017-07-26 00:00:00
movie,84105,86,\N,\N,\N,OK,2017-07-26 00:00:00
movie,84111,105,\N,\N,\N,OK,2017-07-26 00:00:00
movie,84165,91,\N,\N,\N,OK,2017-07-26 00:00:00
movie,84166,82,\N,\N,\N,OK,2017-07-26 00:00:00
movie,84169,91,\N,\N,\N,OK,2017-07-26 00:00:00
movie,84170,90,\N,\N,\N,OK,2017-07-26 00:00:00
movie,84174,87,\N,\N,\N,OK,2017-07-26 00:00:00
movie,84175,93,\N,\N,\N,OK,2017-07-26 00:00:00
movie,84178,83,\N,\N,\N,OK,2017-07-26 00:00:00
movie,84184,91,\N,\N,\N,OK,2017-07-26 00:00:00
movie,84185,74,\N,\N,\N,OK,2017-07-26 00:00:00
movie,84188,90,\N,\N,\N,OK,2017-07-26 00:00:00
movie,84194,81,\N,\N,\N,OK,2017-07-26 00:00:00
movie,84199,95,\N,\N,\N,OK,2017-07-26 00:00:00
movie,84200,85,\N,\N,\N,OK,2017-07-26 00:00:00
movie,84201,93,\N,\N,\N,OK,2017-07-26 00:00:00
movie,84203,92,\N,\N,\N,OK,2017-07-26 00:00:00
movie,84204,94,\N,\N,\N,OK,2017-07-26 00:00:00
movie,84214,96,\N,\N,\N,OK,2017-07-26 00:00:00
movie,84226,85,\N,\N,\N,OK,2017-07-26 00:00:00
movie,84228,92,\N,\N,\N,OK,2017-07-26 00:00:00
movie,84254,154,\N,\N,\N,OK,2017-07-26 00:00:00
movie,84281,95,\N,\N,\N,OK,2017-07-26 00:00:00
movie,84286,120,\N,\N,\N,OK,2017-07-26 00:00:00
movie,84287,95,\N,\N,\N,OK,2017-07-26 00:00:00
movie,84288,93,\N,\N,\N,OK,2017-07-26 00:00:00
movie,84290,101,\N,\N,\N,OK,2017-07-26 00:00:00
movie,84305,94,\N,\N,\N,OK,2017-07-26 00:00:00
movie,84306,97,\N,\N,\N,OK,2017-07-26 00:00:00
movie,84308,104,\N,\N,\N,OK,2017-07-26 00:00:00
movie,84309,106,\N,\N,\N,OK,2017-07-26 00:00:00
movie,84317,83,\N,\N,\N,OK,2017-07-26 00:00:00
movie,84319,95,\N,\N,\N,OK,2017-07-26 00:00:00
movie,84327,100,\N,\N,\N,OK,2017-07-26 00:00:00
movie,84329,85,\N,\N,\N,OK,2017-07-26 00:00:00
movie,84330,102,\N,\N,\N,OK,2017-07-26 00:00:00
movie,84332,85,\N,\N,\N,OK,2017-07-26 00:00:00
movie,84333,98,\N,\N,\N,OK,2017-07-26 00:00:00
movie,84334,85,\N,\N,\N,OK,2017-07-26 00:00:00
movie,84336,101,\N,\N,\N,OK,2017-07-26 00:00:00
movie,84338,105,\N,\N,\N,OK,2017-07-26 00:00:00
movie,84340,81,\N,\N,\N,OK,2017-07-26 00:00:00
movie,84341,85,\N,\N,\N,OK,2017-07-26 00:00:00
movie,84342,106,\N,\N,\N,OK,2017-07-26 00:00:00
movie,84344,92,\N,\N,\N,OK,2017-07-26 00:00:00
movie,84348,116,\N,\N,\N,OK,2017-07-26 00:00:00
movie,84351,150,\N,\N,\N,OK,2017-07-26 00:00:00
movie,84354,92,\N,\N,\N,OK,2017-07-26 00:00:00
movie,84355,90,\N,\N,\N,OK,2017-07-26 00:00:00
movie,84383,90,\N,\N,\N,OK,2017-07-26 00:00:00
movie,84404,92,\N,\N,\N,OK,2017-07-26 00:00:00
movie,84427,122,\N,\N,\N,OK,2017-07-26 00:00:00
movie,84449,88,\N,\N,\N,OK,2017-07-26 00:00:00
movie,84479,95,\N,\N,\N,OK,2017-07-26 00:00:00
movie,84520,76,\N,\N,\N,OK,2017-07-26 00:00:00
movie,84575,90,\N,\N,\N,OK,2017-07-26 00:00:00
movie,84577,90,\N,\N,\N,OK,2017-07-26 00:00:00
movie,84742,90,\N,\N,\N,OK,2017-07-26 00:00:00
movie,84797,98,\N,\N,\N,OK,2017-07-26 00:00:00
movie,84858,174,\N,\N,\N,OK,2017-07-26 00:00:00
movie,84892,102,\N,\N,\N,OK,2017-07-26 00:00:00
movie,84954,97,\N,\N,\N,OK,2017-07-26 00:00:00
movie,85032,91,\N,\N,\N,OK,2017-07-26 00:00:00
movie,85033,120,\N,\N,\N,OK,2017-07-26 00:00:00
movie,85038,110,\N,\N,\N,OK,2017-07-26 00:00:00
movie,85050,157,\N,\N,\N,OK,2017-07-26 00:00:00
movie,85052,145,\N,\N,\N,OK,2017-07-26 00:00:00
movie,85058,98,\N,\N,\N,OK,2017-07-26 00:00:00
movie,85207,78,\N,\N,\N,OK,2017-07-26 00:00:00
movie,85242,95,\N,\N,\N,OK,2017-07-26 00:00:00
movie,85328,99,\N,\N,\N,OK,2017-07-26 00:00:00
movie,85349,85,\N,\N,\N,OK,2017-07-26 00:00:00
movie,85350,164,\N,\N,\N,OK,2017-07-26 00:00:00
movie,85373,85,\N,\N,\N,OK,2017-07-26 00:00:00
movie,85414,92,\N,\N,\N,OK,2017-07-26 00:00:00
movie,85431,97,\N,\N,\N,OK,2017-07-26 00:00:00
movie,85435,97,\N,\N,\N,OK,2017-07-26 00:00:00
movie,85439,86,\N,\N,\N,OK,2017-07-26 00:00:00
movie,85444,89,\N,\N,\N,OK,2017-07-26 00:00:00
movie,85446,99,\N,\N,\N,OK,2017-07-26 00:00:00
movie,85449,113,\N,\N,\N,OK,2017-07-26 00:00:00
movie,85525,79,\N,\N,\N,OK,2017-07-26 00:00:00
movie,85533,110,\N,\N,\N,OK,2017-07-26 00:00:00
movie,85542,117,\N,\N,\N,OK,2017-07-26 00:00:00
movie,85545,96,\N,\N,\N,OK,2017-07-26 00:00:00
movie,85546,110,\N,\N,\N,OK,2017-07-26 00:00:00
movie,85621,115,\N,\N,\N,OK,2017-07-26 00:00:00
movie,85689,68,\N,\N,\N,OK,2017-07-26 00:00:00
movie,85692,130,\N,\N,\N,OK,2017-07-26 00:00:00
movie,85735,98,\N,\N,\N,OK,2017-07-26 00:00:00
movie,85739,112,\N,\N,\N,OK,2017-07-26 00:00:00
movie,85743,118,\N,\N,\N,OK,2017-07-26 00:00:00
movie,85778,105,\N,\N,\N,OK,2017-07-26 00:00:00
movie,85836,126,\N,\N,\N,OK,2017-07-26 00:00:00
movie,85860,82,\N,\N,\N,OK,2017-07-26 00:00:00
movie,85870,148,\N,\N,\N,OK,2017-07-26 00:00:00
movie,85872,84,\N,\N,\N,OK,2017-07-26 00:00:00
movie,85878,99,\N,\N,\N,OK,2017-07-26 00:00:00
movie,85889,97,\N,\N,\N,OK,2017-07-26 00:00:00
movie,85949,86,\N,\N,\N,OK,2017-07-26 00:00:00
movie,86000,108,\N,\N,\N,OK,2017-07-26 00:00:00
movie,86004,149,\N,\N,\N,OK,2017-07-26 00:00:00
movie,86282,551,\N,\N,\N,OK,2017-07-26 00:00:00
movie,86304,78,\N,\N,\N,OK,2017-07-26 00:00:00
movie,86305,114,\N,\N,\N,OK,2017-07-26 00:00:00
movie,86331,103,\N,\N,\N,OK,2017-07-26 00:00:00
movie,86391,96,\N,\N,\N,OK,2017-07-26 00:00:00
movie,86412,15,\N,\N,\N,OK,2017-07-26 00:00:00
movie,86467,102,\N,\N,\N,OK,2017-07-26 00:00:00
movie,86517,23,\N,\N,\N,OK,2017-07-26 00:00:00
movie,86541,88,\N,\N,\N,OK,2017-07-26 00:00:00
movie,86555,116,\N,\N,\N,OK,2017-07-26 00:00:00
movie,86593,98,\N,\N,\N,OK,2017-07-26 00:00:00
movie,86597,106,\N,\N,\N,OK,2017-07-26 00:00:00
movie,86703,90,\N,\N,\N,OK,2017-07-26 00:00:00
movie,86705,60,\N,\N,\N,OK,2017-07-26 00:00:00
movie,86759,97,\N,\N,\N,OK,2017-07-26 00:00:00
movie,86812,85,\N,\N,\N,OK,2017-07-26 00:00:00
movie,86820,85,\N,\N,\N,OK,2017-07-26 00:00:00
movie,86822,90,\N,\N,\N,OK,2017-07-26 00:00:00
movie,86825,99,\N,\N,\N,OK,2017-07-26 00:00:00
movie,86828,85,\N,\N,\N,OK,2017-07-26 00:00:00
movie,86829,105,\N,\N,\N,OK,2017-07-26 00:00:00
movie,86834,139,\N,\N,\N,OK,2017-07-26 00:00:00
movie,86835,118,\N,\N,\N,OK,2017-07-26 00:00:00
movie,86837,127,\N,\N,\N,OK,2017-07-26 00:00:00
movie,86838,110,\N,\N,\N,OK,2017-07-26 00:00:00
movie,86843,80,\N,\N,\N,OK,2017-07-26 00:00:00
movie,86868,120,\N,\N,\N,OK,2017-07-26 00:00:00
movie,86971,84,\N,\N,\N,OK,2017-07-26 00:00:00
movie,86983,95,\N,\N,\N,OK,2017-07-26 00:00:00
movie,87061,78,\N,\N,\N,OK,2017-07-26 00:00:00
movie,87078,96,\N,\N,\N,OK,2017-07-26 00:00:00
movie,87093,105,\N,\N,\N,OK,2017-07-26 00:00:00
movie,87101,126,\N,\N,\N,OK,2017-07-26 00:00:00
movie,87178,104,\N,\N,\N,OK,2017-07-26 00:00:00
movie,87368,87,\N,\N,\N,OK,2017-07-26 00:00:00
movie,87380,87,\N,\N,\N,OK,2017-07-26 00:00:00
movie,87421,119,\N,\N,\N,OK,2017-07-26 00:00:00
movie,87428,116,\N,\N,\N,OK,2017-07-26 00:00:00
movie,87436,123,\N,\N,\N,OK,2017-07-26 00:00:00
movie,87440,90,\N,\N,\N,OK,2017-07-26 00:00:00
movie,87492,134,\N,\N,\N,OK,2017-07-26 00:00:00
movie,87496,121,\N,\N,\N,OK,2017-07-26 00:00:00
movie,87499,116,\N,\N,\N,OK,2017-07-26 00:00:00
movie,87502,138,\N,\N,\N,OK,2017-07-26 00:00:00
movie,87504,94,\N,\N,\N,OK,2017-07-26 00:00:00
movie,87516,104,\N,\N,\N,OK,2017-07-26 00:00:00
movie,87567,90,\N,\N,\N,OK,2017-07-26 00:00:00
movie,87587,83,\N,\N,\N,OK,2017-07-26 00:00:00
movie,87729,139,\N,\N,\N,OK,2017-07-26 00:00:00
movie,87818,90,\N,\N,\N,OK,2017-07-26 00:00:00
movie,87825,111,\N,\N,\N,OK,2017-07-26 00:00:00
movie,87826,105,\N,\N,\N,OK,2017-07-26 00:00:00
movie,87827,127,\N,\N,\N,OK,2017-07-26 00:00:00
movie,87852,76,\N,\N,\N,OK,2017-07-26 00:00:00
movie,88005,101,\N,\N,\N,OK,2017-07-26 00:00:00
movie,88036,116,\N,\N,\N,OK,2017-07-26 00:00:00
movie,88042,104,\N,\N,\N,OK,2017-07-26 00:00:00
movie,88057,92,\N,\N,\N,OK,2017-07-26 00:00:00
movie,88107,86,\N,\N,\N,OK,2017-07-26 00:00:00
movie,88273,137,\N,\N,\N,OK,2017-07-26 00:00:00
movie,88284,105,\N,\N,\N,OK,2017-07-26 00:00:00
movie,88435,87,\N,\N,\N,OK,2017-07-26 00:00:00
movie,88557,96,\N,\N,\N,OK,2017-07-26 00:00:00
movie,88573,105,\N,\N,\N,OK,2017-07-26 00:00:00
movie,88751,93,\N,\N,\N,OK,2017-07-26 00:00:00
movie,88794,137,\N,\N,\N,OK,2017-07-26 00:00:00
movie,88818,103,\N,\N,\N,OK,2017-07-26 00:00:00
movie,88920,120,\N,\N,\N,OK,2017-07-26 00:00:00
movie,88953,94,\N,\N,\N,OK,2017-07-26 00:00:00
movie,89008,90,\N,\N,\N,OK,2017-07-26 00:00:00
movie,89185,90,\N,\N,\N,OK,2017-07-26 00:00:00
movie,89237,96,\N,\N,\N,OK,2017-07-26 00:00:00
movie,89247,80,\N,\N,\N,OK,2017-07-26 00:00:00
movie,89292,95,\N,\N,\N,OK,2017-07-26 00:00:00
movie,89325,103,\N,\N,\N,OK,2017-07-26 00:00:00
movie,89326,93,\N,\N,\N,OK,2017-07-26 00:00:00
movie,89333,95,\N,\N,\N,OK,2017-07-26 00:00:00
movie,89455,110,\N,\N,\N,OK,2017-07-26 00:00:00
movie,89492,134,\N,\N,\N,OK,2017-07-26 00:00:00
movie,89501,133,\N,\N,\N,OK,2017-07-26 00:00:00
movie,89584,160,\N,\N,\N,OK,2017-07-26 00:00:00
movie,89623,93,\N,\N,\N,OK,2017-07-26 00:00:00
movie,89691,90,\N,\N,\N,OK,2017-07-26 00:00:00
movie,89704,94,\N,\N,\N,OK,2017-07-26 00:00:00
movie,89708,102,\N,\N,\N,OK,2017-07-26 00:00:00
movie,89825,89,\N,\N,\N,OK,2017-07-26 00:00:00
movie,89874,90,\N,\N,\N,OK,2017-07-26 00:00:00
movie,89888,92,\N,\N,\N,OK,2017-07-26 00:00:00
movie,90118,87,\N,\N,\N,OK,2017-07-26 00:00:00
movie,90122,97,\N,\N,\N,OK,2017-07-26 00:00:00
movie,90125,144,\N,\N,\N,OK,2017-07-26 00:00:00
movie,90147,107,\N,\N,\N,OK,2017-07-26 00:00:00
movie,90351,93,\N,\N,\N,OK,2017-07-26 00:00:00
movie,90369,103,\N,\N,\N,OK,2017-07-26 00:00:00
movie,91010,118,\N,\N,\N,OK,2017-07-26 00:00:00
movie,91052,92,\N,\N,\N,OK,2017-07-26 00:00:00
movie,91070,100,\N,\N,\N,OK,2017-07-26 00:00:00
movie,91073,113,\N,\N,\N,OK,2017-07-26 00:00:00
movie,91088,97,\N,\N,\N,OK,2017-07-26 00:00:00
movie,91186,118,\N,\N,\N,OK,2017-07-26 00:00:00
movie,91262,20,\N,\N,\N,OK,2017-07-26 00:00:00
movie,91314,165,\N,\N,\N,OK,2017-07-26 00:00:00
movie,91333,94,\N,\N,\N,OK,2017-07-26 00:00:00
movie,91342,74,\N,\N,\N,OK,2017-07-26 00:00:00
movie,91356,88,\N,\N,\N,OK,2017-07-26 00:00:00
movie,91417,22,\N,\N,\N,OK,2017-07-26 00:00:00
movie,91549,85,\N,\N,\N,OK,2017-07-26 00:00:00
movie,91550,88,\N,\N,\N,OK,2017-07-26 00:00:00
movie,91551,97,\N,\N,\N,OK,2017-07-26 00:00:00
movie,91586,106,\N,\N,\N,OK,2017-07-26 00:00:00
movie,91673,10,\N,\N,\N,OK,2017-07-26 00:00:00
movie,91679,103,\N,\N,\N,OK,2017-07-26 00:00:00
movie,91690,90,\N,\N,\N,OK,2017-07-26 00:00:00
movie,91694,135,\N,\N,\N,OK,2017-07-26 00:00:00
movie,91739,107,\N,\N,\N,OK,2017-07-26 00:00:00
movie,91745,118,\N,\N,\N,OK,2017-07-26 00:00:00
movie,91926,80,\N,\N,\N,OK,2017-07-26 00:00:00
movie,91979,102,\N,\N,\N,OK,2017-07-26 00:00:00
movie,92000,82,\N,\N,\N,OK,2017-07-26 00:00:00
movie,92060,13,\N,\N,\N,OK,2017-07-26 00:00:00
movie,92171,83,\N,\N,\N,OK,2017-07-26 00:00:00
movie,92182,85,\N,\N,\N,OK,2017-07-26 00:00:00
movie,92321,45,\N,\N,\N,OK,2017-07-26 00:00:00
movie,92393,90,\N,\N,\N,OK,2017-07-26 00:00:00
movie,92395,78,\N,\N,\N,OK,2017-07-26 00:00:00
movie,92398,108,\N,\N,\N,OK,2017-07-26 00:00:00
movie,92424,85,\N,\N,\N,OK,2017-07-26 00:00:00
movie,92493,105,\N,\N,\N,OK,2017-07-26 00:00:00
movie,92499,114,\N,\N,\N,OK,2017-07-26 00:00:00
movie,92591,100,\N,\N,\N,OK,2017-07-26 00:00:00
movie,92647,99,\N,\N,\N,OK,2017-07-26 00:00:00
movie,92769,90,\N,\N,\N,OK,2017-07-26 00:00:00
movie,93077,95,\N,\N,\N,OK,2017-07-26 00:00:00
movie,93188,139,\N,\N,\N,OK,2017-07-26 00:00:00
movie,93394,84,\N,\N,\N,OK,2017-07-26 00:00:00
movie,93456,98,\N,\N,\N,OK,2017-07-26 00:00:00
movie,93676,96,\N,\N,\N,OK,2017-07-26 00:00:00
movie,93828,99,\N,\N,\N,OK,2017-07-26 00:00:00
movie,93837,94,\N,\N,\N,OK,2017-07-26 00:00:00
movie,93840,94,\N,\N,\N,OK,2017-07-26 00:00:00
movie,93856,88,\N,\N,\N,OK,2017-07-26 00:00:00
movie,93858,110,\N,\N,\N,OK,2017-07-26 00:00:00
movie,94047,137,\N,\N,\N,OK,2017-07-26 00:00:00
movie,94104,89,\N,\N,\N,OK,2017-07-26 00:00:00
movie,94196,78,\N,\N,\N,OK,2017-07-26 00:00:00
movie,94204,89,\N,\N,\N,OK,2017-07-26 00:00:00
movie,94329,101,\N,\N,\N,OK,2017-07-26 00:00:00
movie,94348,101,\N,\N,\N,OK,2017-07-26 00:00:00
movie,94352,91,\N,\N,\N,OK,2017-07-26 00:00:00
movie,94363,99,\N,\N,\N,OK,2017-07-26 00:00:00
movie,94365,103,\N,\N,\N,OK,2017-07-26 00:00:00
movie,94380,90,\N,\N,\N,OK,2017-07-26 00:00:00
movie,94478,80,\N,\N,\N,OK,2017-07-26 00:00:00
movie,94590,115,\N,\N,\N,OK,2017-07-26 00:00:00
movie,94671,122,\N,\N,\N,OK,2017-07-26 00:00:00
movie,94706,138,\N,\N,\N,OK,2017-07-26 00:00:00
movie,94818,85,\N,\N,\N,OK,2017-07-26 00:00:00
movie,94887,87,\N,\N,\N,OK,2017-07-26 00:00:00
movie,94901,102,\N,\N,\N,OK,2017-07-26 00:00:00
movie,94904,129,\N,\N,\N,OK,2017-07-26 00:00:00
movie,95448,115,\N,\N,\N,OK,2017-07-26 00:00:00
movie,95516,108,\N,\N,\N,OK,2017-07-26 00:00:00
movie,95610,123,\N,\N,\N,OK,2017-07-26 00:00:00
movie,95675,85,\N,\N,\N,OK,2017-07-26 00:00:00
movie,95682,94,\N,\N,\N,OK,2017-07-26 00:00:00
movie,95755,96,\N,\N,\N,OK,2017-07-26 00:00:00
movie,95775,100,\N,\N,\N,OK,2017-07-26 00:00:00
movie,95853,114,\N,\N,\N,OK,2017-07-26 00:00:00
movie,95963,88,\N,\N,\N,OK,2017-07-26 00:00:00
movie,96231,120,\N,\N,\N,OK,2017-07-26 00:00:00
movie,96398,135,\N,\N,\N,OK,2017-07-26 00:00:00
movie,96399,145,\N,\N,\N,OK,2017-07-26 00:00:00
movie,96599,98,\N,\N,\N,OK,2017-07-26 00:00:00
movie,96648,85,\N,\N,\N,OK,2017-07-26 00:00:00
movie,96664,108,\N,\N,\N,OK,2017-07-26 00:00:00
movie,96721,123,\N,\N,\N,OK,2017-07-26 00:00:00
movie,96724,130,\N,\N,\N,OK,2017-07-26 00:00:00
movie,96821,76,\N,\N,\N,OK,2017-07-26 00:00:00
movie,96936,90,\N,\N,\N,OK,2017-07-26 00:00:00
movie,96944,92,\N,\N,\N,OK,2017-07-26 00:00:00
movie,96973,92,\N,\N,\N,OK,2017-07-26 00:00:00
movie,97006,111,\N,\N,\N,OK,2017-07-26 00:00:00
movie,97020,102,\N,\N,\N,OK,2017-07-26 00:00:00
movie,97051,93,\N,\N,\N,OK,2017-07-26 00:00:00
movie,97340,104,\N,\N,\N,OK,2017-07-26 00:00:00
movie,97365,123,\N,\N,\N,OK,2017-07-26 00:00:00
movie,97367,140,\N,\N,\N,OK,2017-07-26 00:00:00
movie,97370,108,\N,\N,\N,OK,2017-07-26 00:00:00
movie,97406,115,\N,\N,\N,OK,2017-07-26 00:00:00
movie,97430,96,\N,\N,\N,OK,2017-07-26 00:00:00
movie,97434,89,\N,\N,\N,OK,2017-07-26 00:00:00
movie,97447,100,\N,\N,\N,OK,2017-07-26 00:00:00
movie,97481,63,\N,\N,\N,OK,2017-07-26 00:00:00
movie,97605,85,\N,\N,\N,OK,2017-07-26 00:00:00
movie,97614,95,\N,\N,\N,OK,2017-07-26 00:00:00
movie,97630,157,\N,\N,\N,OK,2017-07-26 00:00:00
movie,97632,90,\N,\N,\N,OK,2017-07-26 00:00:00
movie,97690,93,\N,\N,\N,OK,2017-07-26 00:00:00
movie,97795,80,\N,\N,\N,OK,2017-07-26 00:00:00
movie,97899,105,\N,\N,\N,OK,2017-07-26 00:00:00
movie,97989,131,\N,\N,\N,OK,2017-07-26 00:00:00
movie,98066,98,\N,\N,\N,OK,2017-07-26 00:00:00
movie,98120,129,\N,\N,\N,OK,2017-07-26 00:00:00
movie,98162,76,\N,\N,\N,OK,2017-07-26 00:00:00
movie,98205,90,\N,\N,\N,OK,2017-07-26 00:00:00
movie,98339,90,\N,\N,\N,OK,2017-07-26 00:00:00
movie,98344,144,\N,\N,\N,OK,2017-07-26 00:00:00
movie,98357,109,\N,\N,\N,OK,2017-07-26 00:00:00
movie,98368,87,\N,\N,\N,OK,2017-07-26 00:00:00
movie,98545,96,\N,\N,\N,OK,2017-07-26 00:00:00
movie,98548,114,\N,\N,\N,OK,2017-07-26 00:00:00
movie,98566,101,\N,\N,\N,OK,2017-07-26 00:00:00
movie,98567,120,\N,\N,\N,OK,2017-07-26 00:00:00
movie,98568,90,\N,\N,\N,OK,2017-07-26 00:00:00
movie,98581,93,\N,\N,\N,OK,2017-07-26 00:00:00
movie,98582,95,\N,\N,\N,OK,2017-07-26 00:00:00
movie,98586,90,\N,\N,\N,OK,2017-07-26 00:00:00
movie,98631,129,\N,\N,\N,OK,2017-07-26 00:00:00
movie,98851,90,\N,\N,\N,OK,2017-07-26 00:00:00
movie,98857,3,\N,\N,\N,OK,2017-07-26 00:00:00
movie,98932,114,\N,\N,\N,OK,2017-07-26 00:00:00
movie,98948,90,\N,\N,\N,OK,2017-07-26 00:00:00
movie,99223,93,\N,\N,\N,OK,2017-07-26 00:00:00
movie,99367,91,\N,\N,\N,OK,2017-07-26 00:00:00
movie,99479,112,\N,\N,\N,OK,2017-07-26 00:00:00
movie,99579,100,\N,\N,\N,OK,2017-07-26 00:00:00
movie,99770,110,\N,\N,\N,OK,2017-07-26 00:00:00
movie,99861,141,\N,\N,\N,OK,2017-07-26 00:00:00
movie,100024,100,\N,\N,\N,OK,2017-07-26 00:00:00
movie,100042,110,\N,\N,\N,OK,2017-07-26 00:00:00
movie,100046,94,\N,\N,\N,OK,2017-07-26 00:00:00
movie,100089,90,\N,\N,\N,OK,2017-07-26 00:00:00
movie,100183,101,\N,\N,\N,OK,2017-07-26 00:00:00
movie,100241,92,\N,\N,\N,OK,2017-07-26 00:00:00
movie,100270,104,\N,\N,\N,OK,2017-07-26 00:00:00
movie,100271,120,\N,\N,\N,OK,2017-07-26 00:00:00
movie,100272,77,\N,\N,\N,OK,2017-07-26 00:00:00
movie,100275,79,\N,\N,\N,OK,2017-07-26 00:00:00
movie,100402,136,\N,\N,\N,OK,2017-07-26 00:00:00
movie,100416,94,\N,\N,\N,OK,2017-07-26 00:00:00
movie,100493,55,\N,\N,\N,OK,2017-07-26 00:00:00
movie,100529,87,\N,\N,\N,OK,2017-07-26 00:00:00
movie,100544,98,\N,\N,\N,OK,2017-07-26 00:00:00
movie,100683,88,\N,\N,\N,OK,2017-07-26 00:00:00
movie,100830,100,\N,\N,\N,OK,2017-07-26 00:00:00
movie,100898,96,\N,\N,\N,OK,2017-07-26 00:00:00
movie,101173,123,\N,\N,\N,OK,2017-07-26 00:00:00
movie,101176,87,\N,\N,\N,OK,2017-07-26 00:00:00
movie,101179,95,\N,\N,\N,OK,2017-07-26 00:00:00
movie,101267,93,\N,\N,\N,OK,2017-07-26 00:00:00
movie,101299,146,\N,\N,\N,OK,2017-07-26 00:00:00
movie,101325,96,\N,\N,\N,OK,2017-07-26 00:00:00
movie,101449,78,\N,\N,\N,OK,2017-07-26 00:00:00
movie,101519,100,\N,\N,\N,OK,2017-07-26 00:00:00
movie,101520,86,\N,\N,\N,OK,2017-07-26 00:00:00
movie,101669,112,\N,\N,\N,OK,2017-07-26 00:00:00
movie,101731,109,\N,\N,\N,OK,2017-07-26 00:00:00
movie,101733,85,\N,\N,\N,OK,2017-07-26 00:00:00
movie,102000,100,\N,\N,\N,OK,2017-07-26 00:00:00
movie,102001,109,\N,\N,\N,OK,2017-07-26 00:00:00
movie,102051,103,\N,\N,\N,OK,2017-07-26 00:00:00
movie,102059,100,\N,\N,\N,OK,2017-07-26 00:00:00
movie,102207,105,\N,\N,\N,OK,2017-07-26 00:00:00
movie,102222,94,\N,\N,\N,OK,2017-07-26 00:00:00
movie,102304,112,\N,\N,\N,OK,2017-07-26 00:00:00
movie,102362,118,\N,\N,\N,OK,2017-07-26 00:00:00
movie,102382,142,\N,\N,\N,OK,2017-07-26 00:00:00
movie,102461,90,\N,\N,\N,OK,2017-07-26 00:00:00
movie,102517,75,\N,\N,\N,OK,2017-07-26 00:00:00
movie,102629,98,\N,\N,\N,OK,2017-07-26 00:00:00
movie,102630,95,\N,\N,\N,OK,2017-07-26 00:00:00
movie,102632,143,\N,\N,\N,OK,2017-07-26 00:00:00
movie,102651,97,\N,\N,\N,OK,2017-07-26 00:00:00
movie,102780,118,\N,\N,\N,OK,2017-07-26 00:00:00
movie,102784,108,\N,\N,\N,OK,2017-07-26 00:00:00
movie,102899,117,\N,\N,\N,OK,2017-07-26 00:00:00
movie,102959,103,\N,\N,\N,OK,2017-07-26 00:00:00
movie,103173,90,\N,\N,\N,OK,2017-07-26 00:00:00
movie,103195,90,\N,\N,\N,OK,2017-07-26 00:00:00
movie,103243,122,\N,\N,\N,OK,2017-07-26 00:00:00
movie,103269,76,\N,\N,\N,OK,2017-07-26 00:00:00
movie,103328,115,\N,\N,\N,OK,2017-07-26 00:00:00
movie,103332,104,\N,\N,\N,OK,2017-07-26 00:00:00
movie,103344,95,\N,\N,\N,OK,2017-07-26 00:00:00
movie,103370,114,\N,\N,\N,OK,2017-07-26 00:00:00
movie,103516,99,\N,\N,\N,OK,2017-07-26 00:00:00
movie,103597,105,\N,\N,\N,OK,2017-07-26 00:00:00
movie,103620,89,\N,\N,\N,OK,2017-07-26 00:00:00
movie,103640,132,\N,\N,\N,OK,2017-07-26 00:00:00
movie,103663,115,\N,\N,\N,OK,2017-07-26 00:00:00
movie,103686,120,\N,\N,\N,OK,2017-07-26 00:00:00
movie,103689,115,\N,\N,\N,OK,2017-07-26 00:00:00
movie,103707,100,\N,\N,\N,OK,2017-07-26 00:00:00
movie,103731,130,\N,\N,\N,OK,2017-07-26 00:00:00
movie,103732,76,\N,\N,\N,OK,2017-07-26 00:00:00
movie,103740,150,\N,\N,\N,OK,2017-07-26 00:00:00
movie,103742,130,\N,\N,\N,OK,2017-07-26 00:00:00
movie,103747,101,\N,\N,\N,OK,2017-07-26 00:00:00
movie,103750,115,\N,\N,\N,OK,2017-07-26 00:00:00
movie,103753,89,\N,\N,\N,OK,2017-07-26 00:00:00
movie,103758,110,\N,\N,\N,OK,2017-07-26 00:00:00
movie,104185,85,\N,\N,\N,OK,2017-07-26 00:00:00
movie,104301,104,\N,\N,\N,OK,2017-07-26 00:00:00
movie,104329,96,\N,\N,\N,OK,2017-07-26 00:00:00
movie,104515,103,\N,\N,\N,OK,2017-07-26 00:00:00
movie,104522,26,\N,\N,\N,OK,2017-07-26 00:00:00
movie,104524,127,\N,\N,\N,OK,2017-07-26 00:00:00
movie,104634,105,\N,\N,\N,OK,2017-07-26 00:00:00
movie,104711,109,\N,\N,\N,OK,2017-07-26 00:00:00
movie,104755,101,\N,\N,\N,OK,2017-07-26 00:00:00
movie,104859,75,\N,\N,\N,OK,2017-07-26 00:00:00
movie,105001,103,\N,\N,\N,OK,2017-07-26 00:00:00
movie,105024,127,\N,\N,\N,OK,2017-07-26 00:00:00
movie,105045,115,\N,\N,\N,OK,2017-07-26 00:00:00
movie,105077,112,\N,\N,\N,OK,2017-07-26 00:00:00
movie,105210,108,\N,\N,\N,OK,2017-07-26 00:00:00
movie,105526,97,\N,\N,\N,OK,2017-07-26 00:00:00
movie,105528,92,\N,\N,\N,OK,2017-07-26 00:00:00
movie,105531,110,\N,\N,\N,OK,2017-07-26 00:00:00
movie,105538,76,\N,\N,\N,OK,2017-07-26 00:00:00
movie,105554,112,\N,\N,\N,OK,2017-07-26 00:00:00
movie,105680,112,\N,\N,\N,OK,2017-07-26 00:00:00
movie,105768,111,\N,\N,\N,OK,2017-07-26 00:00:00
movie,105789,104,\N,\N,\N,OK,2017-07-26 00:00:00
movie,105864,93,\N,\N,\N,OK,2017-07-26 00:00:00
movie,105885,95,\N,\N,\N,OK,2017-07-26 00:00:00
movie,105945,108,\N,\N,\N,OK,2017-07-26 00:00:00
movie,105965,89,\N,\N,\N,OK,2017-07-26 00:00:00
movie,106021,100,\N,\N,\N,OK,2017-07-26 00:00:00
movie,106135,95,\N,\N,\N,OK,2017-07-26 00:00:00
movie,106143,115,\N,\N,\N,OK,2017-07-26 00:00:00
movie,106417,133,\N,\N,\N,OK,2017-07-26 00:00:00
movie,106646,180,\N,\N,\N,OK,2017-07-26 00:00:00
movie,106685,100,\N,\N,\N,OK,2017-07-26 00:00:00
movie,106717,82,\N,\N,\N,OK,2017-07-26 00:00:00
movie,106747,107,\N,\N,\N,OK,2017-07-26 00:00:00
movie,106845,87,\N,\N,\N,OK,2017-07-26 00:00:00
movie,107100,86,\N,\N,\N,OK,2017-07-26 00:00:00
movie,107170,24,\N,\N,\N,OK,2017-07-26 00:00:00
movie,107235,118,\N,\N,\N,OK,2017-07-26 00:00:00
movie,107257,110,\N,\N,\N,OK,2017-07-26 00:00:00
movie,107569,103,\N,\N,\N,OK,2017-07-26 00:00:00
movie,107811,93,\N,\N,\N,OK,2017-07-26 00:00:00
movie,107846,115,\N,\N,\N,OK,2017-07-26 00:00:00
movie,107916,71,\N,\N,\N,OK,2017-07-26 00:00:00
movie,107985,109,\N,\N,\N,OK,2017-07-26 00:00:00
movie,108181,81,\N,\N,\N,OK,2017-07-26 00:00:00
movie,108251,90,\N,\N,\N,OK,2017-07-26 00:00:00
movie,108312,111,\N,\N,\N,OK,2017-07-26 00:00:00
movie,108401,86,\N,\N,\N,OK,2017-07-26 00:00:00
movie,108553,87,\N,\N,\N,OK,2017-07-26 00:00:00
movie,108726,86,\N,\N,\N,OK,2017-07-26 00:00:00
movie,108972,117,\N,\N,\N,OK,2017-07-26 00:00:00
movie,109091,117,\N,\N,\N,OK,2017-07-26 00:00:00
movie,109099,100,\N,\N,\N,OK,2017-07-26 00:00:00
movie,109261,89,\N,\N,\N,OK,2017-07-26 00:00:00
movie,109410,128,\N,\N,\N,OK,2017-07-26 00:00:00
movie,109414,107,\N,\N,\N,OK,2017-07-26 00:00:00
movie,109417,110,\N,\N,\N,OK,2017-07-26 00:00:00
movie,109418,100,\N,\N,\N,OK,2017-07-26 00:00:00
movie,109421,106,\N,\N,\N,OK,2017-07-26 00:00:00
movie,109424,134,\N,\N,\N,OK,2017-07-26 00:00:00
movie,109428,91,\N,\N,\N,OK,2017-07-26 00:00:00
movie,109431,111,\N,\N,\N,OK,2017-07-26 00:00:00
movie,109439,100,\N,\N,\N,OK,2017-07-26 00:00:00
movie,109443,119,\N,\N,\N,OK,2017-07-26 00:00:00
movie,109445,102,\N,\N,\N,OK,2017-07-26 00:00:00
movie,109451,95,\N,\N,\N,OK,2017-07-26 00:00:00
movie,109453,90,\N,\N,\N,OK,2017-07-26 00:00:00
movie,109463,85,\N,\N,\N,OK,2017-07-26 00:00:00
movie,109479,105,\N,\N,\N,OK,2017-07-26 00:00:00
movie,109491,124,\N,\N,\N,OK,2017-07-26 00:00:00
movie,109500,94,\N,\N,\N,OK,2017-07-26 00:00:00
movie,109513,100,\N,\N,\N,OK,2017-07-26 00:00:00
movie,109520,90,\N,\N,\N,OK,2017-07-26 00:00:00
movie,109560,93,\N,\N,\N,OK,2017-07-26 00:00:00
movie,109584,91,\N,\N,\N,OK,2017-07-26 00:00:00
movie,109689,75,\N,\N,\N,OK,2017-07-26 00:00:00
movie,109729,99,\N,\N,\N,OK,2017-07-26 00:00:00
movie,109843,121,\N,\N,\N,OK,2017-07-26 00:00:00
movie,110112,92,\N,\N,\N,OK,2017-07-26 00:00:00
movie,110122,90,\N,\N,\N,OK,2017-07-26 00:00:00
movie,110146,103,\N,\N,\N,OK,2017-07-26 00:00:00
movie,110147,417,\N,\N,\N,OK,2017-07-26 00:00:00
movie,110148,87,\N,\N,\N,OK,2017-07-26 00:00:00
movie,110160,168,\N,\N,\N,OK,2017-07-26 00:00:00
movie,110272,93,\N,\N,\N,OK,2017-07-26 00:00:00
movie,110323,110,\N,\N,\N,OK,2017-07-26 00:00:00
movie,110354,99,\N,\N,\N,OK,2017-07-26 00:00:00
movie,110390,100,\N,\N,\N,OK,2017-07-26 00:00:00
movie,110391,104,\N,\N,\N,OK,2017-07-26 00:00:00
movie,110392,85,\N,\N,\N,OK,2017-07-26 00:00:00
movie,110398,118,\N,\N,\N,OK,2017-07-26 00:00:00
movie,110402,170,\N,\N,\N,OK,2017-07-26 00:00:00
movie,110410,107,\N,\N,\N,OK,2017-07-26 00:00:00
movie,110415,126,\N,\N,\N,OK,2017-07-26 00:00:00
movie,110416,93,\N,\N,\N,OK,2017-07-26 00:00:00
movie,110420,117,\N,\N,\N,OK,2017-07-26 00:00:00
movie,110428,95,\N,\N,\N,OK,2017-07-26 00:00:00
movie,110552,104,\N,\N,\N,OK,2017-07-26 00:00:00
movie,110972,95,\N,\N,\N,OK,2017-07-26 00:00:00
movie,111083,108,\N,\N,\N,OK,2017-07-26 00:00:00
movie,111190,100,\N,\N,\N,OK,2017-07-26 00:00:00
movie,111237,104,\N,\N,\N,OK,2017-07-26 00:00:00
movie,111440,89,\N,\N,\N,OK,2017-07-26 00:00:00
movie,111443,95,\N,\N,\N,OK,2017-07-26 00:00:00
movie,111473,111,\N,\N,\N,OK,2017-07-26 00:00:00
movie,111479,101,\N,\N,\N,OK,2017-07-26 00:00:00
movie,111794,87,\N,\N,\N,OK,2017-07-26 00:00:00
movie,111839,155,\N,\N,\N,OK,2017-07-26 00:00:00
movie,111969,97,\N,\N,\N,OK,2017-07-26 00:00:00
movie,112090,106,\N,\N,\N,OK,2017-07-26 00:00:00
movie,112130,93,\N,\N,\N,OK,2017-07-26 00:00:00
movie,112160,81,\N,\N,\N,OK,2017-07-26 00:00:00
movie,112198,109,\N,\N,\N,OK,2017-07-26 00:00:00
movie,112200,112,\N,\N,\N,OK,2017-07-26 00:00:00
movie,112205,111,\N,\N,\N,OK,2017-07-26 00:00:00
movie,112304,94,\N,\N,\N,OK,2017-07-26 00:00:00
movie,112336,98,\N,\N,\N,OK,2017-07-26 00:00:00
movie,112454,100,\N,\N,\N,OK,2017-07-26 00:00:00
movie,112949,115,\N,\N,\N,OK,2017-07-26 00:00:00
movie,113082,76,\N,\N,\N,OK,2017-07-26 00:00:00
movie,113096,89,\N,\N,\N,OK,2017-07-26 00:00:00
movie,113148,94,\N,\N,\N,OK,2017-07-26 00:00:00
movie,113273,94,\N,\N,\N,OK,2017-07-26 00:00:00
movie,113279,72,\N,\N,\N,OK,2017-07-26 00:00:00
movie,113286,98,\N,\N,\N,OK,2017-07-26 00:00:00
movie,113294,91,\N,\N,\N,OK,2017-07-26 00:00:00
movie,113329,99,\N,\N,\N,OK,2017-07-26 00:00:00
movie,113388,127,\N,\N,\N,OK,2017-07-26 00:00:00
movie,113594,92,\N,\N,\N,OK,2017-07-26 00:00:00
movie,113739,71,\N,\N,\N,OK,2017-07-26 00:00:00
movie,113833,133,\N,\N,\N,OK,2017-07-26 00:00:00
movie,113916,98,\N,\N,\N,OK,2017-07-26 00:00:00
movie,113947,98,\N,\N,\N,OK,2017-07-26 00:00:00
movie,114150,112,\N,\N,\N,OK,2017-07-26 00:00:00
movie,114155,108,\N,\N,\N,OK,2017-07-26 00:00:00
movie,114172,90,\N,\N,\N,OK,2017-07-26 00:00:00
movie,114285,117,\N,\N,\N,OK,2017-07-26 00:00:00
movie,114286,90,\N,\N,\N,OK,2017-07-26 00:00:00
movie,114478,89,\N,\N,\N,OK,2017-07-26 00:00:00
movie,114574,87,\N,\N,\N,OK,2017-07-26 00:00:00
movie,114606,88,\N,\N,\N,OK,2017-07-26 00:00:00
movie,114719,103,\N,\N,\N,OK,2017-07-26 00:00:00
movie,114750,108,\N,\N,\N,OK,2017-07-26 00:00:00
movie,114779,86,\N,\N,\N,OK,2017-07-26 00:00:00
movie,114796,270,\N,\N,\N,OK,2017-07-26 00:00:00
movie,114887,70,\N,\N,\N,OK,2017-07-26 00:00:00
movie,114955,90,\N,\N,\N,OK,2017-07-26 00:00:00
movie,114958,87,\N,\N,\N,OK,2017-07-26 00:00:00
movie,114982,70,\N,\N,\N,OK,2017-07-26 00:00:00
movie,115023,127,\N,\N,\N,OK,2017-07-26 00:00:00
movie,115084,90,\N,\N,\N,OK,2017-07-26 00:00:00
movie,115189,60,\N,\N,\N,OK,2017-07-26 00:00:00
movie,115199,86,\N,\N,\N,OK,2017-07-26 00:00:00
movie,115210,86,\N,\N,\N,OK,2017-07-26 00:00:00
movie,115223,96,\N,\N,\N,OK,2017-07-26 00:00:00
movie,115276,86,\N,\N,\N,OK,2017-07-26 00:00:00
movie,115283,88,\N,\N,\N,OK,2017-07-26 00:00:00
movie,115290,85,\N,\N,\N,OK,2017-07-26 00:00:00
movie,115348,106,\N,\N,\N,OK,2017-07-26 00:00:00
movie,115442,104,\N,\N,\N,OK,2017-07-26 00:00:00
movie,115782,128,\N,\N,\N,OK,2017-07-26 00:00:00
movie,115929,105,\N,\N,\N,OK,2017-07-26 00:00:00
movie,116149,95,\N,\N,\N,OK,2017-07-26 00:00:00
movie,116185,140,\N,\N,\N,OK,2017-07-26 00:00:00
movie,116227,114,\N,\N,\N,OK,2017-07-26 00:00:00
movie,116231,97,\N,\N,\N,OK,2017-07-26 00:00:00
movie,116248,120,\N,\N,\N,OK,2017-07-26 00:00:00
movie,116303,110,\N,\N,\N,OK,2017-07-26 00:00:00
movie,116440,5,\N,\N,\N,OK,2017-07-26 00:00:00
movie,116463,86,\N,\N,\N,OK,2017-07-26 00:00:00
movie,116488,121,\N,\N,\N,OK,2017-07-26 00:00:00
movie,116613,112,\N,\N,\N,OK,2017-07-26 00:00:00
movie,116711,102,\N,\N,\N,OK,2017-07-26 00:00:00
movie,116741,119,\N,\N,\N,OK,2017-07-26 00:00:00
movie,116745,114,\N,\N,\N,OK,2017-07-26 00:00:00
movie,116776,48,\N,\N,\N,OK,2017-07-26 00:00:00
movie,116811,92,\N,\N,\N,OK,2017-07-26 00:00:00
movie,116844,90,\N,\N,\N,OK,2017-07-26 00:00:00
movie,116977,87,\N,\N,\N,OK,2017-07-26 00:00:00
movie,116979,94,\N,\N,\N,OK,2017-07-26 00:00:00
movie,117098,93,\N,\N,\N,OK,2017-07-26 00:00:00
movie,117120,85,\N,\N,\N,OK,2017-07-26 00:00:00
movie,117251,131,\N,\N,\N,OK,2017-07-26 00:00:00
movie,117259,101,\N,\N,\N,OK,2017-07-26 00:00:00
movie,117263,120,\N,\N,\N,OK,2017-07-26 00:00:00
movie,117319,147,\N,\N,\N,OK,2017-07-26 00:00:00
movie,117506,90,\N,\N,\N,OK,2017-07-26 00:00:00
movie,117534,100,\N,\N,\N,OK,2017-07-26 00:00:00
movie,117553,90,\N,\N,\N,OK,2017-07-26 00:00:00
movie,117629,84,\N,\N,\N,OK,2017-07-26 00:00:00
movie,117691,320,\N,\N,\N,OK,2017-07-26 00:00:00
movie,117751,150,\N,\N,\N,OK,2017-07-26 00:00:00
movie,117856,89,\N,\N,\N,OK,2017-07-26 00:00:00
movie,117923,91,\N,\N,\N,OK,2017-07-26 00:00:00
movie,117942,104,\N,\N,\N,OK,2017-07-26 00:00:00
movie,117974,88,\N,\N,\N,OK,2017-07-26 00:00:00
movie,117978,96,\N,\N,\N,OK,2017-07-26 00:00:00
movie,118051,144,\N,\N,\N,OK,2017-07-26 00:00:00
movie,118098,122,\N,\N,\N,OK,2017-07-26 00:00:00
movie,118289,113,\N,\N,\N,OK,2017-07-26 00:00:00
movie,118293,80,\N,\N,\N,OK,2017-07-26 00:00:00
movie,118309,501,\N,\N,\N,OK,2017-07-26 00:00:00
movie,118340,121,\N,\N,\N,OK,2017-07-26 00:00:00
movie,118406,109,\N,\N,\N,OK,2017-07-26 00:00:00
movie,118412,98,\N,\N,\N,OK,2017-07-26 00:00:00
movie,118430,97,\N,\N,\N,OK,2017-07-26 00:00:00
movie,118451,129,\N,\N,\N,OK,2017-07-26 00:00:00
movie,118612,90,\N,\N,\N,OK,2017-07-26 00:00:00
movie,118624,113,\N,\N,\N,OK,2017-07-26 00:00:00
movie,118628,133,\N,\N,\N,OK,2017-07-26 00:00:00
movie,118677,88,\N,\N,\N,OK,2017-07-26 00:00:00
movie,118683,97,\N,\N,\N,OK,2017-07-26 00:00:00
movie,118737,95,\N,\N,\N,OK,2017-07-26 00:00:00
movie,118769,95,\N,\N,\N,OK,2017-07-26 00:00:00
movie,118957,93,\N,\N,\N,OK,2017-07-26 00:00:00
movie,119193,182,\N,\N,\N,OK,2017-07-26 00:00:00
movie,119273,105,\N,\N,\N,OK,2017-07-26 00:00:00
movie,119278,90,\N,\N,\N,OK,2017-07-26 00:00:00
movie,119283,118,\N,\N,\N,OK,2017-07-26 00:00:00
movie,119321,81,\N,\N,\N,OK,2017-07-26 00:00:00
movie,119360,103,\N,\N,\N,OK,2017-07-26 00:00:00
movie,119450,130,\N,\N,\N,OK,2017-07-26 00:00:00
movie,119478,93,\N,\N,\N,OK,2017-07-26 00:00:00
movie,119569,12,\N,\N,\N,OK,2017-07-26 00:00:00
movie,119675,118,\N,\N,\N,OK,2017-07-26 00:00:00
movie,119685,84,\N,\N,\N,OK,2017-07-26 00:00:00
movie,119698,83,\N,\N,\N,OK,2017-07-26 00:00:00
movie,119738,94,\N,\N,\N,OK,2017-07-26 00:00:00
movie,119892,119,\N,\N,\N,OK,2017-07-26 00:00:00
movie,119893,85,\N,\N,\N,OK,2017-07-26 00:00:00
movie,120143,118,\N,\N,\N,OK,2017-07-26 00:00:00
movie,120292,97,\N,\N,\N,OK,2017-07-26 00:00:00
movie,120328,88,\N,\N,\N,OK,2017-07-26 00:00:00
movie,120457,111,\N,\N,\N,OK,2017-07-26 00:00:00
movie,120467,99,\N,\N,\N,OK,2017-07-26 00:00:00
movie,120475,20,\N,\N,\N,OK,2017-07-26 00:00:00
movie,120478,90,\N,\N,\N,OK,2017-07-26 00:00:00
movie,120605,10,\N,\N,\N,OK,2017-07-26 00:00:00
movie,120713,98,\N,\N,\N,OK,2017-07-26 00:00:00
movie,120802,90,\N,\N,\N,OK,2017-07-26 00:00:00
movie,120843,66,\N,\N,\N,OK,2017-07-26 00:00:00
movie,120852,129,\N,\N,\N,OK,2017-07-26 00:00:00
movie,120942,120,\N,\N,\N,OK,2017-07-26 00:00:00
movie,121210,111,\N,\N,\N,OK,2017-07-26 00:00:00
movie,121491,109,\N,\N,\N,OK,2017-07-26 00:00:00
movie,121565,102,\N,\N,\N,OK,2017-07-26 00:00:00
movie,121598,148,\N,\N,\N,OK,2017-07-26 00:00:00
movie,121602,110,\N,\N,\N,OK,2017-07-26 00:00:00
movie,121606,93,\N,\N,\N,OK,2017-07-26 00:00:00
movie,121642,127,\N,\N,\N,OK,2017-07-26 00:00:00
movie,121674,128,\N,\N,\N,OK,2017-07-26 00:00:00
movie,121676,93,\N,\N,\N,OK,2017-07-26 00:00:00
movie,121677,130,\N,\N,\N,OK,2017-07-26 00:00:00
movie,121734,90,\N,\N,\N,OK,2017-07-26 00:00:00
movie,121789,105,\N,\N,\N,OK,2017-07-26 00:00:00
movie,121791,102,\N,\N,\N,OK,2017-07-26 00:00:00
movie,121793,114,\N,\N,\N,OK,2017-07-26 00:00:00
movie,121823,100,\N,\N,\N,OK,2017-07-26 00:00:00
movie,121824,95,\N,\N,\N,OK,2017-07-26 00:00:00
movie,121826,98,\N,\N,\N,OK,2017-07-26 00:00:00
movie,121828,110,\N,\N,\N,OK,2017-07-26 00:00:00
movie,121830,116,\N,\N,\N,OK,2017-07-26 00:00:00
movie,121831,105,\N,\N,\N,OK,2017-07-26 00:00:00
movie,121835,108,\N,\N,\N,OK,2017-07-26 00:00:00
movie,121856,115,\N,\N,\N,OK,2017-07-26 00:00:00
movie,121869,105,\N,\N,\N,OK,2017-07-26 00:00:00
movie,121872,89,\N,\N,\N,OK,2017-07-26 00:00:00
movie,121873,113,\N,\N,\N,OK,2017-07-26 00:00:00
movie,121875,105,\N,\N,\N,OK,2017-07-26 00:00:00
movie,121879,105,\N,\N,\N,OK,2017-07-26 00:00:00
movie,121936,110,\N,\N,\N,OK,2017-07-26 00:00:00
movie,121986,86,\N,\N,\N,OK,2017-07-26 00:00:00
movie,122044,102,\N,\N,\N,OK,2017-07-26 00:00:00
movie,122081,94,\N,\N,\N,OK,2017-07-26 00:00:00
movie,122088,90,\N,\N,\N,OK,2017-07-26 00:00:00
movie,122089,122,\N,\N,\N,OK,2017-07-26 00:00:00
movie,122126,122,\N,\N,\N,OK,2017-07-26 00:00:00
movie,122192,89,\N,\N,\N,OK,2017-07-26 00:00:00
movie,122198,151,\N,\N,\N,OK,2017-07-26 00:00:00
movie,122293,85,\N,\N,\N,OK,2017-07-26 00:00:00
movie,122336,129,\N,\N,\N,OK,2017-07-26 00:00:00
movie,122369,87,\N,\N,\N,OK,2017-07-26 00:00:00
movie,122372,91,\N,\N,\N,OK,2017-07-26 00:00:00
movie,122796,87,\N,\N,\N,OK,2017-07-26 00:00:00
movie,122800,96,\N,\N,\N,OK,2017-07-26 00:00:00
movie,122857,114,\N,\N,\N,OK,2017-07-26 00:00:00
movie,122906,123,\N,\N,\N,OK,2017-07-26 00:00:00
movie,122917,144,\N,\N,\N,OK,2017-07-26 00:00:00
movie,122924,91,\N,\N,\N,OK,2017-07-26 00:00:00
movie,122928,92,\N,\N,\N,OK,2017-07-26 00:00:00
movie,122930,91,\N,\N,\N,OK,2017-07-26 00:00:00
movie,123025,76,\N,\N,\N,OK,2017-07-26 00:00:00
movie,123047,97,\N,\N,\N,OK,2017-07-26 00:00:00
movie,123103,89,\N,\N,\N,OK,2017-07-26 00:00:00
movie,123105,84,\N,\N,\N,OK,2017-07-26 00:00:00
movie,123107,87,\N,\N,\N,OK,2017-07-26 00:00:00
movie,123109,86,\N,\N,\N,OK,2017-07-26 00:00:00
movie,123229,98,\N,\N,\N,OK,2017-07-26 00:00:00
movie,123235,79,\N,\N,\N,OK,2017-07-26 00:00:00
movie,123359,97,\N,\N,\N,OK,2017-07-26 00:00:00
movie,123362,105,\N,\N,\N,OK,2017-07-26 00:00:00
movie,123377,104,\N,\N,\N,OK,2017-07-26 00:00:00
movie,123553,130,\N,\N,\N,OK,2017-07-26 00:00:00
movie,123665,145,\N,\N,\N,OK,2017-07-26 00:00:00
movie,123678,115,\N,\N,\N,OK,2017-07-26 00:00:00
movie,123723,82,\N,\N,\N,OK,2017-07-26 00:00:00
movie,123757,87,\N,\N,\N,OK,2017-07-26 00:00:00
movie,124067,119,\N,\N,\N,OK,2017-07-26 00:00:00
movie,124071,96,\N,\N,\N,OK,2017-07-26 00:00:00
movie,124075,90,\N,\N,\N,OK,2017-07-26 00:00:00
movie,124157,135,\N,\N,\N,OK,2017-07-26 00:00:00
movie,124294,113,\N,\N,\N,OK,2017-07-26 00:00:00
movie,124459,100,\N,\N,\N,OK,2017-07-26 00:00:00
movie,124461,86,\N,\N,\N,OK,2017-07-26 00:00:00
movie,124470,86,\N,\N,\N,OK,2017-07-26 00:00:00
movie,124471,131,\N,\N,\N,OK,2017-07-26 00:00:00
movie,124472,60,\N,\N,\N,OK,2017-07-26 00:00:00
movie,124623,90,\N,\N,\N,OK,2017-07-26 00:00:00
movie,124626,70,\N,\N,\N,OK,2017-07-26 00:00:00
movie,124680,92,\N,\N,\N,OK,2017-07-26 00:00:00
movie,124829,86,\N,\N,\N,OK,2017-07-26 00:00:00
movie,124837,105,\N,\N,\N,OK,2017-07-26 00:00:00
movie,124905,123,\N,\N,\N,OK,2017-07-26 00:00:00
movie,124972,96,\N,\N,\N,OK,2017-07-26 00:00:00
movie,125052,86,\N,\N,\N,OK,2017-07-26 00:00:00
movie,125124,101,\N,\N,\N,OK,2017-07-26 00:00:00
movie,125336,900,\N,\N,\N,OK,2017-07-26 00:00:00
movie,125395,104,\N,\N,\N,OK,2017-07-26 00:00:00
movie,125464,26,\N,\N,\N,OK,2017-07-26 00:00:00
movie,125490,110,\N,\N,\N,OK,2017-07-26 00:00:00
movie,125504,86,\N,\N,\N,OK,2017-07-26 00:00:00
movie,125509,91,\N,\N,\N,OK,2017-07-26 00:00:00
movie,125537,90,\N,\N,\N,OK,2017-07-26 00:00:00
movie,125587,83,\N,\N,\N,OK,2017-07-26 00:00:00
movie,125623,105,\N,\N,\N,OK,2017-07-26 00:00:00
movie,125709,104,\N,\N,\N,OK,2017-07-26 00:00:00
movie,126117,89,\N,\N,\N,OK,2017-07-26 00:00:00
movie,126148,103,\N,\N,\N,OK,2017-07-26 00:00:00
movie,126172,90,\N,\N,\N,OK,2017-07-26 00:00:00
movie,126250,116,\N,\N,\N,OK,2017-07-26 00:00:00
movie,126277,98,\N,\N,\N,OK,2017-07-26 00:00:00
movie,126314,84,\N,\N,\N,OK,2017-07-26 00:00:00
movie,126315,93,\N,\N,\N,OK,2017-07-26 00:00:00
movie,126319,78,\N,\N,\N,OK,2017-07-26 00:00:00
movie,126323,88,\N,\N,\N,OK,2017-07-26 00:00:00
movie,126337,92,\N,\N,\N,OK,2017-07-26 00:00:00
movie,126644,80,\N,\N,\N,OK,2017-07-26 00:00:00
movie,126757,91,\N,\N,\N,OK,2017-07-26 00:00:00
movie,126797,116,\N,\N,\N,OK,2017-07-26 00:00:00
movie,126846,63,\N,\N,\N,OK,2017-07-26 00:00:00
movie,126862,84,\N,\N,\N,OK,2017-07-26 00:00:00
movie,126889,122,\N,\N,\N,OK,2017-07-26 00:00:00
movie,126963,85,\N,\N,\N,OK,2017-07-26 00:00:00
movie,127144,4,\N,\N,\N,OK,2017-07-26 00:00:00
movie,127329,94,\N,\N,\N,OK,2017-07-26 00:00:00
movie,127370,93,\N,\N,\N,OK,2017-07-26 00:00:00
movie,127372,105,\N,\N,\N,OK,2017-07-26 00:00:00
movie,127373,93,\N,\N,\N,OK,2017-07-26 00:00:00
movie,127374,101,\N,\N,\N,OK,2017-07-26 00:00:00
movie,127380,97,\N,\N,\N,OK,2017-07-26 00:00:00
movie,127493,96,\N,\N,\N,OK,2017-07-26 00:00:00
movie,127501,155,\N,\N,\N,OK,2017-07-26 00:00:00
movie,127509,131,\N,\N,\N,OK,2017-07-26 00:00:00
movie,127517,115,\N,\N,\N,OK,2017-07-26 00:00:00
movie,127521,115,\N,\N,\N,OK,2017-07-26 00:00:00
movie,127533,134,\N,\N,\N,OK,2017-07-26 00:00:00
movie,127544,103,\N,\N,\N,OK,2017-07-26 00:00:00
movie,127560,116,\N,\N,\N,OK,2017-07-26 00:00:00
movie,127585,131,\N,\N,\N,OK,2017-07-26 00:00:00
movie,127602,97,\N,\N,\N,OK,2017-07-26 00:00:00
movie,127608,151,\N,\N,\N,OK,2017-07-26 00:00:00
movie,127651,89,\N,\N,\N,OK,2017-07-26 00:00:00
movie,127846,103,\N,\N,\N,OK,2017-07-26 00:00:00
movie,127847,100,\N,\N,\N,OK,2017-07-26 00:00:00
movie,127853,105,\N,\N,\N,OK,2017-07-26 00:00:00
movie,127856,102,\N,\N,\N,OK,2017-07-26 00:00:00
movie,127864,104,\N,\N,\N,OK,2017-07-26 00:00:00
movie,127867,100,\N,\N,\N,OK,2017-07-26 00:00:00
movie,127872,140,\N,\N,\N,OK,2017-07-26 00:00:00
movie,127884,87,\N,\N,\N,OK,2017-07-26 00:00:00
movie,127913,95,\N,\N,\N,OK,2017-07-26 00:00:00
movie,127918,101,\N,\N,\N,OK,2017-07-26 00:00:00
movie,127962,87,\N,\N,\N,OK,2017-07-26 00:00:00
movie,128113,128,\N,\N,\N,OK,2017-07-26 00:00:00
movie,128136,98,\N,\N,\N,OK,2017-07-26 00:00:00
movie,128154,96,\N,\N,\N,OK,2017-07-26 00:00:00
movie,128158,98,\N,\N,\N,OK,2017-07-26 00:00:00
movie,128190,136,\N,\N,\N,OK,2017-07-26 00:00:00
movie,128206,129,\N,\N,\N,OK,2017-07-26 00:00:00
movie,128207,143,\N,\N,\N,OK,2017-07-26 00:00:00
movie,128215,102,\N,\N,\N,OK,2017-07-26 00:00:00
movie,128216,108,\N,\N,\N,OK,2017-07-26 00:00:00
movie,128241,106,\N,\N,\N,OK,2017-07-26 00:00:00
movie,128246,122,\N,\N,\N,OK,2017-07-26 00:00:00
movie,128248,87,\N,\N,\N,OK,2017-07-26 00:00:00
movie,128270,112,\N,\N,\N,OK,2017-07-26 00:00:00
movie,128311,87,\N,\N,\N,OK,2017-07-26 00:00:00
movie,128564,83,\N,\N,\N,OK,2017-07-26 00:00:00
movie,128767,99,\N,\N,\N,OK,2017-07-26 00:00:00
movie,128876,90,\N,\N,\N,OK,2017-07-26 00:00:00
movie,129112,98,\N,\N,\N,OK,2017-07-26 00:00:00
movie,129139,104,\N,\N,\N,OK,2017-07-26 00:00:00
movie,129229,9,\N,\N,\N,OK,2017-07-26 00:00:00
movie,129418,85,\N,\N,\N,OK,2017-07-26 00:00:00
movie,129533,86,\N,\N,\N,OK,2017-07-26 00:00:00
movie,129609,119,\N,\N,\N,OK,2017-07-26 00:00:00
movie,129670,115,\N,\N,\N,OK,2017-07-26 00:00:00
movie,129728,103,\N,\N,\N,OK,2017-07-26 00:00:00
movie,129734,113,\N,\N,\N,OK,2017-07-26 00:00:00
movie,129850,108,\N,\N,\N,OK,2017-07-26 00:00:00
movie,130150,111,\N,\N,\N,OK,2017-07-26 00:00:00
movie,130267,90,\N,\N,\N,OK,2017-07-26 00:00:00
movie,130358,88,\N,\N,\N,OK,2017-07-26 00:00:00
movie,130593,97,\N,\N,\N,OK,2017-07-26 00:00:00
movie,130627,7,\N,\N,\N,OK,2017-07-26 00:00:00
movie,130739,88,\N,\N,\N,OK,2017-07-26 00:00:00
movie,130747,133,\N,\N,\N,OK,2017-07-26 00:00:00
movie,130824,288,\N,\N,\N,OK,2017-07-26 00:00:00
movie,130925,7,\N,\N,\N,OK,2017-07-26 00:00:00
movie,131313,110,\N,\N,\N,OK,2017-07-26 00:00:00
movie,131631,123,\N,\N,\N,OK,2017-07-26 00:00:00
movie,131634,137,\N,\N,\N,OK,2017-07-26 00:00:00
movie,131739,135,\N,\N,\N,OK,2017-07-26 00:00:00
movie,131916,94,\N,\N,\N,OK,2017-07-26 00:00:00
movie,131957,100,\N,\N,\N,OK,2017-07-26 00:00:00
movie,132064,90,\N,\N,\N,OK,2017-07-26 00:00:00
movie,132137,93,\N,\N,\N,OK,2017-07-26 00:00:00
movie,132232,100,\N,\N,\N,OK,2017-07-26 00:00:00
movie,132316,176,\N,\N,\N,OK,2017-07-26 00:00:00
movie,132342,119,\N,\N,\N,OK,2017-07-26 00:00:00
movie,132344,108,\N,\N,\N,OK,2017-07-26 00:00:00
movie,132363,132,\N,\N,\N,OK,2017-07-26 00:00:00
movie,132601,80,\N,\N,\N,OK,2017-07-26 00:00:00
movie,132712,101,\N,\N,\N,OK,2017-07-26 00:00:00
movie,132759,100,\N,\N,\N,OK,2017-07-26 00:00:00
movie,132923,85,\N,\N,\N,OK,2017-07-26 00:00:00
movie,132957,93,\N,\N,\N,OK,2017-07-26 00:00:00
movie,133121,100,\N,\N,\N,OK,2017-07-26 00:00:00
movie,133200,131,\N,\N,\N,OK,2017-07-26 00:00:00
movie,133365,100,\N,\N,\N,OK,2017-07-26 00:00:00
movie,133369,85,\N,\N,\N,OK,2017-07-26 00:00:00
movie,133441,95,\N,\N,\N,OK,2017-07-26 00:00:00
movie,133446,99,\N,\N,\N,OK,2017-07-26 00:00:00
movie,133458,121,\N,\N,\N,OK,2017-07-26 00:00:00
movie,133459,95,\N,\N,\N,OK,2017-07-26 00:00:00
movie,133463,93,\N,\N,\N,OK,2017-07-26 00:00:00
movie,133469,97,\N,\N,\N,OK,2017-07-26 00:00:00
movie,133521,80,\N,\N,\N,OK,2017-07-26 00:00:00
movie,133557,91,\N,\N,\N,OK,2017-07-26 00:00:00
movie,133558,94,\N,\N,\N,OK,2017-07-26 00:00:00
movie,133601,110,\N,\N,\N,OK,2017-07-26 00:00:00
movie,133694,106,\N,\N,\N,OK,2017-07-26 00:00:00
movie,133698,104,\N,\N,\N,OK,2017-07-26 00:00:00
movie,133701,12,\N,\N,\N,OK,2017-07-26 00:00:00
movie,133764,120,\N,\N,\N,OK,2017-07-26 00:00:00
movie,133790,100,\N,\N,\N,OK,2017-07-26 00:00:00
movie,133805,100,\N,\N,\N,OK,2017-07-26 00:00:00
movie,133919,283,\N,\N,\N,OK,2017-07-26 00:00:00
movie,133931,83,\N,\N,\N,OK,2017-07-26 00:00:00
movie,133977,131,\N,\N,\N,OK,2017-07-26 00:00:00
movie,134096,103,\N,\N,\N,OK,2017-07-26 00:00:00
movie,134126,96,\N,\N,\N,OK,2017-07-26 00:00:00
movie,134215,140,\N,\N,\N,OK,2017-07-26 00:00:00
movie,134350,126,\N,\N,\N,OK,2017-07-26 00:00:00
movie,134366,95,\N,\N,\N,OK,2017-07-26 00:00:00
movie,134368,90,\N,\N,\N,OK,2017-07-26 00:00:00
movie,134371,112,\N,\N,\N,OK,2017-07-26 00:00:00
movie,134374,130,\N,\N,\N,OK,2017-07-26 00:00:00
movie,134375,87,\N,\N,\N,OK,2017-07-26 00:00:00
movie,134411,112,\N,\N,\N,OK,2017-07-26 00:00:00
movie,134415,91,\N,\N,\N,OK,2017-07-26 00:00:00
movie,134481,392,\N,\N,\N,OK,2017-07-26 00:00:00
movie,134597,94,\N,\N,\N,OK,2017-07-26 00:00:00
movie,134632,70,\N,\N,\N,OK,2017-07-26 00:00:00
movie,134673,111,\N,\N,\N,OK,2017-07-26 00:00:00
movie,134777,270,\N,\N,\N,OK,2017-07-26 00:00:00
movie,134812,95,\N,\N,\N,OK,2017-07-26 00:00:00
movie,134908,115,\N,\N,\N,OK,2017-07-26 00:00:00
movie,135047,97,\N,\N,\N,OK,2017-07-26 00:00:00
movie,135225,125,\N,\N,\N,OK,2017-07-26 00:00:00
movie,135281,115,\N,\N,\N,OK,2017-07-26 00:00:00
movie,135309,86,\N,\N,\N,OK,2017-07-26 00:00:00
movie,135368,97,\N,\N,\N,OK,2017-07-26 00:00:00
movie,135397,124,\N,\N,\N,OK,2017-07-26 00:00:00
movie,135579,88,\N,\N,\N,OK,2017-07-26 00:00:00
movie,135598,114,\N,\N,\N,OK,2017-07-26 00:00:00
movie,135647,96,\N,\N,\N,OK,2017-07-26 00:00:00
movie,135670,81,\N,\N,\N,OK,2017-07-26 00:00:00
movie,135708,79,\N,\N,\N,OK,2017-07-26 00:00:00
movie,135718,125,\N,\N,\N,OK,2017-07-26 00:00:00
movie,135812,109,\N,\N,\N,OK,2017-07-26 00:00:00
movie,135858,90,\N,\N,\N,OK,2017-07-26 00:00:00
movie,135921,98,\N,\N,\N,OK,2017-07-26 00:00:00
movie,135990,90,\N,\N,\N,OK,2017-07-26 00:00:00
movie,136080,76,\N,\N,\N,OK,2017-07-26 00:00:00
movie,136278,92,\N,\N,\N,OK,2017-07-26 00:00:00
movie,136386,92,\N,\N,\N,OK,2017-07-26 00:00:00
movie,136400,109,\N,\N,\N,OK,2017-07-26 00:00:00
movie,136403,111,\N,\N,\N,OK,2017-07-26 00:00:00
movie,136418,100,\N,\N,\N,OK,2017-07-26 00:00:00
movie,136459,83,\N,\N,\N,OK,2017-07-26 00:00:00
movie,136466,81,\N,\N,\N,OK,2017-07-26 00:00:00
movie,136476,90,\N,\N,\N,OK,2017-07-26 00:00:00
movie,136585,85,\N,\N,\N,OK,2017-07-26 00:00:00
movie,136735,106,\N,\N,\N,OK,2017-07-26 00:00:00
movie,136793,85,\N,\N,\N,OK,2017-07-26 00:00:00
movie,136795,117,\N,\N,\N,OK,2017-07-26 00:00:00
movie,136797,130,\N,\N,\N,OK,2017-07-26 00:00:00
movie,136799,92,\N,\N,\N,OK,2017-07-26 00:00:00
movie,136835,83,\N,\N,\N,OK,2017-07-26 00:00:00
movie,136850,83,\N,\N,\N,OK,2017-07-26 00:00:00
movie,136911,108,\N,\N,\N,OK,2017-07-26 00:00:00
movie,137093,105,\N,\N,\N,OK,2017-07-26 00:00:00
movie,137094,105,\N,\N,\N,OK,2017-07-26 00:00:00
movie,137106,100,\N,\N,\N,OK,2017-07-26 00:00:00
movie,137113,113,\N,\N,\N,OK,2017-07-26 00:00:00
movie,137116,89,\N,\N,\N,OK,2017-07-26 00:00:00
movie,137145,90,\N,\N,\N,OK,2017-07-26 00:00:00
movie,137174,105,\N,\N,\N,OK,2017-07-26 00:00:00
movie,137182,112,\N,\N,\N,OK,2017-07-26 00:00:00
movie,137193,90,\N,\N,\N,OK,2017-07-26 00:00:00
movie,137217,92,\N,\N,\N,OK,2017-07-26 00:00:00
movie,137312,85,\N,\N,\N,OK,2017-07-26 00:00:00
movie,137315,102,\N,\N,\N,OK,2017-07-26 00:00:00
movie,137321,118,\N,\N,\N,OK,2017-07-26 00:00:00
movie,137333,91,\N,\N,\N,OK,2017-07-26 00:00:00
movie,137347,112,\N,\N,\N,OK,2017-07-26 00:00:00
movie,137366,124,\N,\N,\N,OK,2017-07-26 00:00:00
movie,137400,142,\N,\N,\N,OK,2017-07-26 00:00:00
movie,137409,102,\N,\N,\N,OK,2017-07-26 00:00:00
movie,137528,86,\N,\N,\N,OK,2017-07-26 00:00:00
movie,137563,96,\N,\N,\N,OK,2017-07-26 00:00:00
movie,137566,90,\N,\N,\N,OK,2017-07-26 00:00:00
movie,137698,130,\N,\N,\N,OK,2017-07-26 00:00:00
movie,137968,113,\N,\N,\N,OK,2017-07-26 00:00:00
movie,138038,89,\N,\N,\N,OK,2017-07-26 00:00:00
movie,138103,127,\N,\N,\N,OK,2017-07-26 00:00:00
movie,138122,145,\N,\N,\N,OK,2017-07-26 00:00:00
movie,138222,90,\N,\N,\N,OK,2017-07-26 00:00:00
movie,138372,91,\N,\N,\N,OK,2017-07-26 00:00:00
movie,138376,106,\N,\N,\N,OK,2017-07-26 00:00:00
movie,138496,89,\N,\N,\N,OK,2017-07-26 00:00:00
movie,138544,85,\N,\N,\N,OK,2017-07-26 00:00:00
movie,138665,110,\N,\N,\N,OK,2017-07-26 00:00:00
movie,138697,90,\N,\N,\N,OK,2017-07-26 00:00:00
movie,138735,90,\N,\N,\N,OK,2017-07-26 00:00:00
movie,138832,110,\N,\N,\N,OK,2017-07-26 00:00:00
movie,138843,112,\N,\N,\N,OK,2017-07-26 00:00:00
movie,138941,105,\N,\N,\N,OK,2017-07-26 00:00:00
movie,138977,88,\N,\N,\N,OK,2017-07-26 00:00:00
movie,139038,86,\N,\N,\N,OK,2017-07-26 00:00:00
movie,139156,110,\N,\N,\N,OK,2017-07-26 00:00:00
movie,139329,145,\N,\N,\N,OK,2017-07-26 00:00:00
movie,139374,90,\N,\N,\N,OK,2017-07-26 00:00:00
movie,139380,105,\N,\N,\N,OK,2017-07-26 00:00:00
movie,139406,110,\N,\N,\N,OK,2017-07-26 00:00:00
movie,139455,99,\N,\N,\N,OK,2017-07-26 00:00:00
movie,139463,100,\N,\N,\N,OK,2017-07-26 00:00:00
movie,139519,97,\N,\N,\N,OK,2017-07-26 00:00:00
movie,139567,97,\N,\N,\N,OK,2017-07-26 00:00:00
movie,139651,95,\N,\N,\N,OK,2017-07-26 00:00:00
movie,139659,86,\N,\N,\N,OK,2017-07-26 00:00:00
movie,139715,87,\N,\N,\N,OK,2017-07-26 00:00:00
movie,139862,120,\N,\N,\N,OK,2017-07-26 00:00:00
movie,139933,95,\N,\N,\N,OK,2017-07-26 00:00:00
movie,139997,83,\N,\N,\N,OK,2017-07-26 00:00:00
movie,140174,90,\N,\N,\N,OK,2017-07-26 00:00:00
movie,140207,320,\N,\N,\N,OK,2017-07-26 00:00:00
movie,140208,80,\N,\N,\N,OK,2017-07-26 00:00:00
movie,140212,119,\N,\N,\N,OK,2017-07-26 00:00:00
movie,140222,92,\N,\N,\N,OK,2017-07-26 00:00:00
movie,140300,95,\N,\N,\N,OK,2017-07-26 00:00:00
movie,140380,135,\N,\N,\N,OK,2017-07-26 00:00:00
movie,140420,7,\N,\N,\N,OK,2017-07-26 00:00:00
movie,140441,96,\N,\N,\N,OK,2017-07-26 00:00:00
movie,140554,95,\N,\N,\N,OK,2017-07-26 00:00:00
movie,140607,136,\N,\N,\N,OK,2017-07-26 00:00:00
movie,140818,120,\N,\N,\N,OK,2017-07-26 00:00:00
movie,140823,125,\N,\N,\N,OK,2017-07-26 00:00:00
movie,140846,145,\N,\N,\N,OK,2017-07-26 00:00:00
movie,140870,89,\N,\N,\N,OK,2017-07-26 00:00:00
movie,140894,55,\N,\N,\N,OK,2017-07-26 00:00:00
movie,141043,96,\N,\N,\N,OK,2017-07-26 00:00:00
movie,141102,90,\N,\N,\N,OK,2017-07-26 00:00:00
movie,141131,100,\N,\N,\N,OK,2017-07-26 00:00:00
movie,141423,6,\N,\N,\N,OK,2017-07-26 00:00:00
movie,141489,191,\N,\N,\N,OK,2017-07-26 00:00:00
movie,141581,98,\N,\N,\N,OK,2017-07-26 00:00:00
movie,141614,79,\N,\N,\N,OK,2017-07-26 00:00:00
movie,141679,96,\N,\N,\N,OK,2017-07-26 00:00:00
movie,141714,300,\N,\N,\N,OK,2017-07-26 00:00:00
movie,141733,91,\N,\N,\N,OK,2017-07-26 00:00:00
movie,141819,135,\N,\N,\N,OK,2017-07-26 00:00:00
movie,142061,78,\N,\N,\N,OK,2017-07-26 00:00:00
movie,142132,92,\N,\N,\N,OK,2017-07-26 00:00:00
movie,142308,88,\N,\N,\N,OK,2017-07-26 00:00:00
movie,142320,100,\N,\N,\N,OK,2017-07-26 00:00:00
movie,142487,115,\N,\N,\N,OK,2017-07-26 00:00:00
movie,142563,2,\N,\N,\N,OK,2017-07-26 00:00:00
movie,142635,97,\N,\N,\N,OK,2017-07-26 00:00:00
movie,143049,107,\N,\N,\N,OK,2017-07-26 00:00:00
movie,143142,90,\N,\N,\N,OK,2017-07-26 00:00:00
movie,143146,90,\N,\N,\N,OK,2017-07-26 00:00:00
movie,143634,8,\N,\N,\N,OK,2017-07-26 00:00:00
movie,143800,107,\N,\N,\N,OK,2017-07-26 00:00:00
movie,144204,100,\N,\N,\N,OK,2017-07-26 00:00:00
movie,144288,110,\N,\N,\N,OK,2017-07-26 00:00:00
movie,144336,110,\N,\N,\N,OK,2017-07-26 00:00:00
movie,144340,107,\N,\N,\N,OK,2017-07-26 00:00:00
movie,144789,90,\N,\N,\N,OK,2017-07-26 00:00:00
movie,144953,101,\N,\N,\N,OK,2017-07-26 00:00:00
movie,145132,86,\N,\N,\N,OK,2017-07-26 00:00:00
movie,145135,97,\N,\N,\N,OK,2017-07-26 00:00:00
movie,145197,96,\N,\N,\N,OK,2017-07-26 00:00:00
movie,145220,112,\N,\N,\N,OK,2017-07-26 00:00:00
movie,145221,119,\N,\N,\N,OK,2017-07-26 00:00:00
movie,145247,114,\N,\N,\N,OK,2017-07-26 00:00:00
movie,145312,90,\N,\N,\N,OK,2017-07-26 00:00:00
movie,145316,6,\N,\N,\N,OK,2017-07-26 00:00:00
movie,145711,90,\N,\N,\N,OK,2017-07-26 00:00:00
movie,145760,20,\N,\N,\N,OK,2017-07-26 00:00:00
movie,146015,93,\N,\N,\N,OK,2017-07-26 00:00:00
movie,146198,115,\N,\N,\N,OK,2017-07-26 00:00:00
movie,146203,88,\N,\N,\N,OK,2017-07-26 00:00:00
movie,146216,116,\N,\N,\N,OK,2017-07-26 00:00:00
movie,146223,96,\N,\N,\N,OK,2017-07-26 00:00:00
movie,146227,90,\N,\N,\N,OK,2017-07-26 00:00:00
movie,146229,86,\N,\N,\N,OK,2017-07-26 00:00:00
movie,146233,153,\N,\N,\N,OK,2017-07-26 00:00:00
movie,146238,91,\N,\N,\N,OK,2017-07-26 00:00:00
movie,146239,105,\N,\N,\N,OK,2017-07-26 00:00:00
movie,146243,86,\N,\N,\N,OK,2017-07-26 00:00:00
movie,146301,88,\N,\N,\N,OK,2017-07-26 00:00:00
movie,146304,123,\N,\N,\N,OK,2017-07-26 00:00:00
movie,146375,96,\N,\N,\N,OK,2017-07-26 00:00:00
movie,146381,90,\N,\N,\N,OK,2017-07-26 00:00:00
movie,146490,90,\N,\N,\N,OK,2017-07-26 00:00:00
movie,146578,93,\N,\N,\N,OK,2017-07-26 00:00:00
movie,146599,115,\N,\N,\N,OK,2017-07-26 00:00:00
movie,146631,101,\N,\N,\N,OK,2017-07-26 00:00:00
movie,146712,65,\N,\N,\N,OK,2017-07-26 00:00:00
movie,146724,120,\N,\N,\N,OK,2017-07-26 00:00:00
movie,146837,60,\N,\N,\N,OK,2017-07-26 00:00:00
movie,146955,96,\N,\N,\N,OK,2017-07-26 00:00:00
movie,147129,50,\N,\N,\N,OK,2017-07-26 00:00:00
movie,147132,90,\N,\N,\N,OK,2017-07-26 00:00:00
movie,147405,125,\N,\N,\N,OK,2017-07-26 00:00:00
movie,147441,150,\N,\N,\N,OK,2017-07-26 00:00:00
movie,147538,62,\N,\N,\N,OK,2017-07-26 00:00:00
movie,147729,92,\N,\N,\N,OK,2017-07-26 00:00:00
movie,147773,103,\N,\N,\N,OK,2017-07-26 00:00:00
movie,148184,56,\N,\N,\N,OK,2017-07-26 00:00:00
movie,148265,145,\N,\N,\N,OK,2017-07-26 00:00:00
movie,148284,155,\N,\N,\N,OK,2017-07-26 00:00:00
movie,148347,80,\N,\N,\N,OK,2017-07-26 00:00:00
movie,148435,74,\N,\N,\N,OK,2017-07-26 00:00:00
movie,149085,100,\N,\N,\N,OK,2017-07-26 00:00:00
movie,149087,97,\N,\N,\N,OK,2017-07-26 00:00:00
movie,149235,84,\N,\N,\N,OK,2017-07-26 00:00:00
movie,149509,120,\N,\N,\N,OK,2017-07-26 00:00:00
movie,149645,360,\N,\N,\N,OK,2017-07-26 00:00:00
movie,149722,86,\N,\N,\N,OK,2017-07-26 00:00:00
movie,149786,90,\N,\N,\N,OK,2017-07-26 00:00:00
movie,149870,126,\N,\N,\N,OK,2017-07-26 00:00:00
movie,149871,137,\N,\N,\N,OK,2017-07-26 00:00:00
movie,149893,97,\N,\N,\N,OK,2017-07-26 00:00:00
movie,149910,81,\N,\N,\N,OK,2017-07-26 00:00:00
movie,150117,97,\N,\N,\N,OK,2017-07-26 00:00:00
movie,150202,101,\N,\N,\N,OK,2017-07-26 00:00:00
movie,150213,71,\N,\N,\N,OK,2017-07-26 00:00:00
movie,150229,91,\N,\N,\N,OK,2017-07-26 00:00:00
movie,150230,86,\N,\N,\N,OK,2017-07-26 00:00:00
movie,150540,94,\N,\N,\N,OK,2017-07-26 00:00:00
movie,150689,105,\N,\N,\N,OK,2017-07-26 00:00:00
movie,150897,92,\N,\N,\N,OK,2017-07-26 00:00:00
movie,151368,101,\N,\N,\N,OK,2017-07-26 00:00:00
movie,151535,78,\N,\N,\N,OK,2017-07-26 00:00:00
movie,151693,89,\N,\N,\N,OK,2017-07-26 00:00:00
movie,151743,105,\N,\N,\N,OK,2017-07-26 00:00:00
movie,151826,93,\N,\N,\N,OK,2017-07-26 00:00:00
movie,151870,104,\N,\N,\N,OK,2017-07-26 00:00:00
movie,151933,100,\N,\N,\N,OK,2017-07-26 00:00:00
movie,151960,91,\N,\N,\N,OK,2017-07-26 00:00:00
movie,152042,131,\N,\N,\N,OK,2017-07-26 00:00:00
movie,152044,109,\N,\N,\N,OK,2017-07-26 00:00:00
movie,152100,98,\N,\N,\N,OK,2017-07-26 00:00:00
movie,152113,94,\N,\N,\N,OK,2017-07-26 00:00:00
movie,152259,99,\N,\N,\N,OK,2017-07-26 00:00:00
movie,152426,180,\N,\N,\N,OK,2017-07-26 00:00:00
movie,152532,117,\N,\N,\N,OK,2017-07-26 00:00:00
movie,152584,179,\N,\N,\N,OK,2017-07-26 00:00:00
movie,152599,117,\N,\N,\N,OK,2017-07-26 00:00:00
movie,152601,126,\N,\N,\N,OK,2017-07-26 00:00:00
movie,152603,123,\N,\N,\N,OK,2017-07-26 00:00:00
movie,152736,104,\N,\N,\N,OK,2017-07-26 00:00:00
movie,152737,121,\N,\N,\N,OK,2017-07-26 00:00:00
movie,152742,124,\N,\N,\N,OK,2017-07-26 00:00:00
movie,152745,110,\N,\N,\N,OK,2017-07-26 00:00:00
movie,152747,106,\N,\N,\N,OK,2017-07-26 00:00:00
movie,152748,96,\N,\N,\N,OK,2017-07-26 00:00:00
movie,152756,86,\N,\N,\N,OK,2017-07-26 00:00:00
movie,152760,118,\N,\N,\N,OK,2017-07-26 00:00:00
movie,152780,130,\N,\N,\N,OK,2017-07-26 00:00:00
movie,152790,84,\N,\N,\N,OK,2017-07-26 00:00:00
movie,152792,114,\N,\N,\N,OK,2017-07-26 00:00:00
movie,152795,122,\N,\N,\N,OK,2017-07-26 00:00:00
movie,152989,90,\N,\N,\N,OK,2017-07-26 00:00:00
movie,153133,92,\N,\N,\N,OK,2017-07-26 00:00:00
movie,153158,106,\N,\N,\N,OK,2017-07-26 00:00:00
movie,153518,97,\N,\N,\N,OK,2017-07-26 00:00:00
movie,153738,84,\N,\N,\N,OK,2017-07-26 00:00:00
movie,153779,110,\N,\N,\N,OK,2017-07-26 00:00:00
movie,153795,88,\N,\N,\N,OK,2017-07-26 00:00:00
movie,153820,91,\N,\N,\N,OK,2017-07-26 00:00:00
movie,154030,121,\N,\N,\N,OK,2017-07-26 00:00:00
movie,154282,89,\N,\N,\N,OK,2017-07-26 00:00:00
movie,154400,106,\N,\N,\N,OK,2017-07-26 00:00:00
movie,154441,104,\N,\N,\N,OK,2017-07-26 00:00:00
movie,155084,93,\N,\N,\N,OK,2017-07-26 00:00:00
movie,155890,80,\N,\N,\N,OK,2017-07-26 00:00:00
movie,156022,132,\N,\N,\N,OK,2017-07-26 00:00:00
movie,156236,104,\N,\N,\N,OK,2017-07-26 00:00:00
movie,156268,84,\N,\N,\N,OK,2017-07-26 00:00:00
movie,156643,118,\N,\N,\N,OK,2017-07-26 00:00:00
movie,156700,93,\N,\N,\N,OK,2017-07-26 00:00:00
movie,156708,95,\N,\N,\N,OK,2017-07-26 00:00:00
movie,156711,97,\N,\N,\N,OK,2017-07-26 00:00:00
movie,156713,92,\N,\N,\N,OK,2017-07-26 00:00:00
movie,156717,105,\N,\N,\N,OK,2017-07-26 00:00:00
movie,156965,96,\N,\N,\N,OK,2017-07-26 00:00:00
movie,157058,80,\N,\N,\N,OK,2017-07-26 00:00:00
movie,157099,91,\N,\N,\N,OK,2017-07-26 00:00:00
movie,157115,81,\N,\N,\N,OK,2017-07-26 00:00:00
movie,157117,106,\N,\N,\N,OK,2017-07-26 00:00:00
movie,157123,78,\N,\N,\N,OK,2017-07-26 00:00:00
movie,157289,19,\N,\N,\N,OK,2017-07-26 00:00:00
movie,157293,160,\N,\N,\N,OK,2017-07-26 00:00:00
movie,157336,169,\N,\N,\N,OK,2017-07-26 00:00:00
movie,157350,139,\N,\N,\N,OK,2017-07-26 00:00:00
movie,157351,96,\N,\N,\N,OK,2017-07-26 00:00:00
movie,157353,119,\N,\N,\N,OK,2017-07-26 00:00:00
movie,157354,85,\N,\N,\N,OK,2017-07-26 00:00:00
movie,157360,93,\N,\N,\N,OK,2017-07-26 00:00:00
movie,157370,104,\N,\N,\N,OK,2017-07-26 00:00:00
movie,157375,98,\N,\N,\N,OK,2017-07-26 00:00:00
movie,157386,95,\N,\N,\N,OK,2017-07-26 00:00:00
movie,157409,98,\N,\N,\N,OK,2017-07-26 00:00:00
movie,157424,91,\N,\N,\N,OK,2017-07-26 00:00:00
movie,157449,90,\N,\N,\N,OK,2017-07-26 00:00:00
movie,157544,91,\N,\N,\N,OK,2017-07-26 00:00:00
movie,157547,104,\N,\N,\N,OK,2017-07-26 00:00:00
movie,157820,131,\N,\N,\N,OK,2017-07-26 00:00:00
movie,157823,112,\N,\N,\N,OK,2017-07-26 00:00:00
movie,157825,91,\N,\N,\N,OK,2017-07-26 00:00:00
movie,157827,109,\N,\N,\N,OK,2017-07-26 00:00:00
movie,157829,119,\N,\N,\N,OK,2017-07-26 00:00:00
movie,157832,100,\N,\N,\N,OK,2017-07-26 00:00:00
movie,157834,107,\N,\N,\N,OK,2017-07-26 00:00:00
movie,157841,105,\N,\N,\N,OK,2017-07-26 00:00:00
movie,157843,128,\N,\N,\N,OK,2017-07-26 00:00:00
movie,157845,103,\N,\N,\N,OK,2017-07-26 00:00:00
movie,157847,118,\N,\N,\N,OK,2017-07-26 00:00:00
movie,157849,121,\N,\N,\N,OK,2017-07-26 00:00:00
movie,157851,112,\N,\N,\N,OK,2017-07-26 00:00:00
movie,158011,94,\N,\N,\N,OK,2017-07-26 00:00:00
movie,158015,86,\N,\N,\N,OK,2017-07-26 00:00:00
movie,158091,114,\N,\N,\N,OK,2017-07-26 00:00:00
movie,158182,109,\N,\N,\N,OK,2017-07-26 00:00:00
movie,158413,79,\N,\N,\N,OK,2017-07-26 00:00:00
movie,158426,101,\N,\N,\N,OK,2017-07-26 00:00:00
movie,158445,127,\N,\N,\N,OK,2017-07-26 00:00:00
movie,158455,86,\N,\N,\N,OK,2017-07-26 00:00:00
movie,158519,120,\N,\N,\N,OK,2017-07-26 00:00:00
movie,158739,93,\N,\N,\N,OK,2017-07-26 00:00:00
movie,158743,91,\N,\N,\N,OK,2017-07-26 00:00:00
movie,158752,90,\N,\N,\N,OK,2017-07-26 00:00:00
movie,158848,115,\N,\N,\N,OK,2017-07-26 00:00:00
movie,158852,130,\N,\N,\N,OK,2017-07-26 00:00:00
movie,158884,75,\N,\N,\N,OK,2017-07-26 00:00:00
movie,158907,98,\N,\N,\N,OK,2017-07-26 00:00:00
movie,158908,108,\N,\N,\N,OK,2017-07-26 00:00:00
movie,158914,105,\N,\N,\N,OK,2017-07-26 00:00:00
movie,158916,95,\N,\N,\N,OK,2017-07-26 00:00:00
movie,158921,80,\N,\N,\N,OK,2017-07-26 00:00:00
movie,158990,83,\N,\N,\N,OK,2017-07-26 00:00:00
movie,158999,83,\N,\N,\N,OK,2017-07-26 00:00:00
movie,159004,87,\N,\N,\N,OK,2017-07-26 00:00:00
movie,159008,88,\N,\N,\N,OK,2017-07-26 00:00:00
movie,159012,103,\N,\N,\N,OK,2017-07-26 00:00:00
movie,159014,89,\N,\N,\N,OK,2017-07-26 00:00:00
movie,159037,88,\N,\N,\N,OK,2017-07-26 00:00:00
movie,159092,98,\N,\N,\N,OK,2017-07-26 00:00:00
movie,159095,85,\N,\N,\N,OK,2017-07-26 00:00:00
movie,159100,80,\N,\N,\N,OK,2017-07-26 00:00:00
movie,159117,95,\N,\N,\N,OK,2017-07-26 00:00:00
movie,159121,87,\N,\N,\N,OK,2017-07-26 00:00:00
movie,159128,105,\N,\N,\N,OK,2017-07-26 00:00:00
movie,159151,111,\N,\N,\N,OK,2017-07-26 00:00:00
movie,159211,87,\N,\N,\N,OK,2017-07-26 00:00:00
movie,159389,88,\N,\N,\N,OK,2017-07-26 00:00:00
movie,159622,79,\N,\N,\N,OK,2017-07-26 00:00:00
movie,159638,107,\N,\N,\N,OK,2017-07-26 00:00:00
movie,159667,91,\N,\N,\N,OK,2017-07-26 00:00:00
movie,159704,200,\N,\N,\N,OK,2017-07-26 00:00:00
movie,159770,83,\N,\N,\N,OK,2017-07-26 00:00:00
movie,159824,89,\N,\N,\N,OK,2017-07-26 00:00:00
movie,159932,116,\N,\N,\N,OK,2017-07-26 00:00:00
movie,159937,84,\N,\N,\N,OK,2017-07-26 00:00:00
movie,159967,100,\N,\N,\N,OK,2017-07-26 00:00:00
movie,160046,19,\N,\N,\N,OK,2017-07-26 00:00:00
movie,160068,105,\N,\N,\N,OK,2017-07-26 00:00:00
movie,160070,101,\N,\N,\N,OK,2017-07-26 00:00:00
movie,160085,110,\N,\N,\N,OK,2017-07-26 00:00:00
movie,160118,116,\N,\N,\N,OK,2017-07-26 00:00:00
movie,160139,111,\N,\N,\N,OK,2017-07-26 00:00:00
movie,160165,102,\N,\N,\N,OK,2017-07-26 00:00:00
movie,160588,98,\N,\N,\N,OK,2017-07-26 00:00:00
movie,160704,120,\N,\N,\N,OK,2017-07-26 00:00:00
movie,160768,117,\N,\N,\N,OK,2017-07-26 00:00:00
movie,160833,105,\N,\N,\N,OK,2017-07-26 00:00:00
movie,160859,82,\N,\N,\N,OK,2017-07-26 00:00:00
movie,161080,92,\N,\N,\N,OK,2017-07-26 00:00:00
movie,161143,22,\N,\N,\N,OK,2017-07-26 00:00:00
movie,161321,96,\N,\N,\N,OK,2017-07-26 00:00:00
movie,161491,100,\N,\N,\N,OK,2017-07-26 00:00:00
movie,161495,108,\N,\N,\N,OK,2017-07-26 00:00:00
movie,161795,117,\N,\N,\N,OK,2017-07-26 00:00:00
movie,161808,114,\N,\N,\N,OK,2017-07-26 00:00:00
movie,162145,95,\N,\N,\N,OK,2017-07-26 00:00:00
movie,162215,101,\N,\N,\N,OK,2017-07-26 00:00:00
movie,162282,120,\N,\N,\N,OK,2017-07-26 00:00:00
movie,162903,128,\N,\N,\N,OK,2017-07-26 00:00:00
movie,163814,90,\N,\N,\N,OK,2017-07-26 00:00:00
movie,164251,102,\N,\N,\N,OK,2017-07-26 00:00:00
movie,164331,89,\N,\N,\N,OK,2017-07-26 00:00:00
movie,164372,76,\N,\N,\N,OK,2017-07-26 00:00:00
movie,164457,116,\N,\N,\N,OK,2017-07-26 00:00:00
movie,164558,92,\N,\N,\N,OK,2017-07-26 00:00:00
movie,165095,8,\N,\N,\N,OK,2017-07-26 00:00:00
movie,165213,134,\N,\N,\N,OK,2017-07-26 00:00:00
movie,165463,93,\N,\N,\N,OK,2017-07-26 00:00:00
movie,165477,94,\N,\N,\N,OK,2017-07-26 00:00:00
movie,165567,80,\N,\N,\N,OK,2017-07-26 00:00:00
movie,165739,88,\N,\N,\N,OK,2017-07-26 00:00:00
movie,165864,86,\N,\N,\N,OK,2017-07-26 00:00:00
movie,165904,144,\N,\N,\N,OK,2017-07-26 00:00:00
movie,166076,75,\N,\N,\N,OK,2017-07-26 00:00:00
movie,166089,100,\N,\N,\N,OK,2017-07-26 00:00:00
movie,166271,97,\N,\N,\N,OK,2017-07-26 00:00:00
movie,166424,100,\N,\N,\N,OK,2017-07-26 00:00:00
movie,166426,129,\N,\N,\N,OK,2017-07-26 00:00:00
movie,166452,114,\N,\N,\N,OK,2017-07-26 00:00:00
movie,166660,83,\N,\N,\N,OK,2017-07-26 00:00:00
movie,166666,111,\N,\N,\N,OK,2017-07-26 00:00:00
movie,166680,94,\N,\N,\N,OK,2017-07-26 00:00:00
movie,166747,46,\N,\N,\N,OK,2017-07-26 00:00:00
movie,166822,80,\N,\N,\N,OK,2017-07-26 00:00:00
movie,166879,100,\N,\N,\N,OK,2017-07-26 00:00:00
movie,167032,97,\N,\N,\N,OK,2017-07-26 00:00:00
movie,167073,111,\N,\N,\N,OK,2017-07-26 00:00:00
movie,167179,118,\N,\N,\N,OK,2017-07-26 00:00:00
movie,167221,94,\N,\N,\N,OK,2017-07-26 00:00:00
movie,167305,95,\N,\N,\N,OK,2017-07-26 00:00:00
movie,167313,45,\N,\N,\N,OK,2017-07-26 00:00:00
movie,167364,102,\N,\N,\N,OK,2017-07-26 00:00:00
movie,167449,113,\N,\N,\N,OK,2017-07-26 00:00:00
movie,167502,88,\N,\N,\N,OK,2017-07-26 00:00:00
movie,167575,89,\N,\N,\N,OK,2017-07-26 00:00:00
movie,167581,100,\N,\N,\N,OK,2017-07-26 00:00:00
movie,167666,45,\N,\N,\N,OK,2017-07-26 00:00:00
movie,167683,118,\N,\N,\N,OK,2017-07-26 00:00:00
movie,167810,95,\N,\N,\N,OK,2017-07-26 00:00:00
movie,167963,102,\N,\N,\N,OK,2017-07-26 00:00:00
movie,167966,77,\N,\N,\N,OK,2017-07-26 00:00:00
movie,168027,90,\N,\N,\N,OK,2017-07-26 00:00:00
movie,168055,96,\N,\N,\N,OK,2017-07-26 00:00:00
movie,168098,98,\N,\N,\N,OK,2017-07-26 00:00:00
movie,168138,100,\N,\N,\N,OK,2017-07-26 00:00:00
movie,168245,120,\N,\N,\N,OK,2017-07-26 00:00:00
movie,168259,137,\N,\N,\N,OK,2017-07-26 00:00:00
movie,168379,114,\N,\N,\N,OK,2017-07-26 00:00:00
movie,168399,106,\N,\N,\N,OK,2017-07-26 00:00:00
movie,168530,99,\N,\N,\N,OK,2017-07-26 00:00:00
movie,168672,138,\N,\N,\N,OK,2017-07-26 00:00:00
movie,168676,100,\N,\N,\N,OK,2017-07-26 00:00:00
movie,168903,75,\N,\N,\N,OK,2017-07-26 00:00:00
movie,169020,95,\N,\N,\N,OK,2017-07-26 00:00:00
movie,169209,94,\N,\N,\N,OK,2017-07-26 00:00:00
movie,169219,100,\N,\N,\N,OK,2017-07-26 00:00:00
movie,169298,87,\N,\N,\N,OK,2017-07-26 00:00:00
movie,169314,95,\N,\N,\N,OK,2017-07-26 00:00:00
movie,169607,83,\N,\N,\N,OK,2017-07-26 00:00:00
movie,169644,81,\N,\N,\N,OK,2017-07-26 00:00:00
movie,169758,90,\N,\N,\N,OK,2017-07-26 00:00:00
movie,169813,96,\N,\N,\N,OK,2017-07-26 00:00:00
movie,169881,155,\N,\N,\N,OK,2017-07-26 00:00:00
movie,169885,45,\N,\N,\N,OK,2017-07-26 00:00:00
movie,169917,113,\N,\N,\N,OK,2017-07-26 00:00:00
movie,169934,88,\N,\N,\N,OK,2017-07-26 00:00:00
movie,170178,88,\N,\N,\N,OK,2017-07-26 00:00:00
movie,170261,104,\N,\N,\N,OK,2017-07-26 00:00:00
movie,170522,85,\N,\N,\N,OK,2017-07-26 00:00:00
movie,170657,110,\N,\N,\N,OK,2017-07-26 00:00:00
movie,170687,97,\N,\N,\N,OK,2017-07-26 00:00:00
movie,170689,103,\N,\N,\N,OK,2017-07-26 00:00:00
movie,170759,120,\N,\N,\N,OK,2017-07-26 00:00:00
movie,171160,138,\N,\N,\N,OK,2017-07-26 00:00:00
movie,171274,148,\N,\N,\N,OK,2017-07-26 00:00:00
movie,171337,110,\N,\N,\N,OK,2017-07-26 00:00:00
movie,171372,95,\N,\N,\N,OK,2017-07-26 00:00:00
movie,171424,100,\N,\N,\N,OK,2017-07-26 00:00:00
movie,171540,110,\N,\N,\N,OK,2017-07-26 00:00:00
movie,171581,86,\N,\N,\N,OK,2017-07-26 00:00:00
movie,171587,114,\N,\N,\N,OK,2017-07-26 00:00:00
movie,171759,97,\N,\N,\N,OK,2017-07-26 00:00:00
movie,171776,90,\N,\N,\N,OK,2017-07-26 00:00:00
movie,171846,137,\N,\N,\N,OK,2017-07-26 00:00:00
movie,171857,97,\N,\N,\N,OK,2017-07-26 00:00:00
movie,171910,90,\N,\N,\N,OK,2017-07-26 00:00:00
movie,171982,27,\N,\N,\N,OK,2017-07-26 00:00:00
movie,172226,101,\N,\N,\N,OK,2017-07-26 00:00:00
movie,172385,102,\N,\N,\N,OK,2017-07-26 00:00:00
movie,172386,90,\N,\N,\N,OK,2017-07-26 00:00:00
movie,172391,85,\N,\N,\N,OK,2017-07-26 00:00:00
movie,172520,104,\N,\N,\N,OK,2017-07-26 00:00:00
movie,172533,90,\N,\N,\N,OK,2017-07-26 00:00:00
movie,172545,98,\N,\N,\N,OK,2017-07-26 00:00:00
movie,172631,105,\N,\N,\N,OK,2017-07-26 00:00:00
movie,172721,85,\N,\N,\N,OK,2017-07-26 00:00:00
movie,172767,90,\N,\N,\N,OK,2017-07-26 00:00:00
movie,172785,87,\N,\N,\N,OK,2017-07-26 00:00:00
movie,172803,97,\N,\N,\N,OK,2017-07-26 00:00:00
movie,172828,85,\N,\N,\N,OK,2017-07-26 00:00:00
movie,172847,85,\N,\N,\N,OK,2017-07-26 00:00:00
movie,172897,90,\N,\N,\N,OK,2017-07-26 00:00:00
movie,173153,92,\N,\N,\N,OK,2017-07-26 00:00:00
movie,173185,92,\N,\N,\N,OK,2017-07-26 00:00:00
movie,173210,106,\N,\N,\N,OK,2017-07-26 00:00:00
movie,173301,86,\N,\N,\N,OK,2017-07-26 00:00:00
movie,173443,98,\N,\N,\N,OK,2017-07-26 00:00:00
movie,173484,94,\N,\N,\N,OK,2017-07-26 00:00:00
movie,173495,84,\N,\N,\N,OK,2017-07-26 00:00:00
movie,173908,94,\N,\N,\N,OK,2017-07-26 00:00:00
movie,173980,100,\N,\N,\N,OK,2017-07-26 00:00:00
movie,174188,85,\N,\N,\N,OK,2017-07-26 00:00:00
movie,174311,107,\N,\N,\N,OK,2017-07-26 00:00:00
movie,174316,91,\N,\N,\N,OK,2017-07-26 00:00:00
movie,174321,91,\N,\N,\N,OK,2017-07-26 00:00:00
movie,174323,92,\N,\N,\N,OK,2017-07-26 00:00:00
movie,174326,86,\N,\N,\N,OK,2017-07-26 00:00:00
movie,174337,90,\N,\N,\N,OK,2017-07-26 00:00:00
movie,174340,83,\N,\N,\N,OK,2017-07-26 00:00:00
movie,174343,90,\N,\N,\N,OK,2017-07-26 00:00:00
movie,174344,90,\N,\N,\N,OK,2017-07-26 00:00:00
movie,174366,79,\N,\N,\N,OK,2017-07-26 00:00:00
movie,174372,85,\N,\N,\N,OK,2017-07-26 00:00:00
movie,174598,63,\N,\N,\N,OK,2017-07-26 00:00:00
movie,174645,104,\N,\N,\N,OK,2017-07-26 00:00:00
movie,174675,92,\N,\N,\N,OK,2017-07-26 00:00:00
movie,174678,90,\N,\N,\N,OK,2017-07-26 00:00:00
movie,174682,92,\N,\N,\N,OK,2017-07-26 00:00:00
movie,174733,130,\N,\N,\N,OK,2017-07-26 00:00:00
movie,174751,98,\N,\N,\N,OK,2017-07-26 00:00:00
movie,174772,90,\N,\N,\N,OK,2017-07-26 00:00:00
movie,174787,89,\N,\N,\N,OK,2017-07-26 00:00:00
movie,175112,78,\N,\N,\N,OK,2017-07-26 00:00:00
movie,175291,85,\N,\N,\N,OK,2017-07-26 00:00:00
movie,175528,96,\N,\N,\N,OK,2017-07-26 00:00:00
movie,175555,100,\N,\N,\N,OK,2017-07-26 00:00:00
movie,175574,91,\N,\N,\N,OK,2017-07-26 00:00:00
movie,175774,122,\N,\N,\N,OK,2017-07-26 00:00:00
movie,176068,95,\N,\N,\N,OK,2017-07-26 00:00:00
movie,176124,114,\N,\N,\N,OK,2017-07-26 00:00:00
movie,176241,89,\N,\N,\N,OK,2017-07-26 00:00:00
movie,176339,90,\N,\N,\N,OK,2017-07-26 00:00:00
movie,176570,89,\N,\N,\N,OK,2017-07-26 00:00:00
movie,176983,108,\N,\N,\N,OK,2017-07-26 00:00:00
movie,177047,91,\N,\N,\N,OK,2017-07-26 00:00:00
movie,177203,90,\N,\N,\N,OK,2017-07-26 00:00:00
movie,177221,101,\N,\N,\N,OK,2017-07-26 00:00:00
movie,177271,71,\N,\N,\N,OK,2017-07-26 00:00:00
movie,177358,135,\N,\N,\N,OK,2017-07-26 00:00:00
movie,177494,107,\N,\N,\N,OK,2017-07-26 00:00:00
movie,177566,87,\N,\N,\N,OK,2017-07-26 00:00:00
movie,177572,102,\N,\N,\N,OK,2017-07-26 00:00:00
movie,177677,131,\N,\N,\N,OK,2017-07-26 00:00:00
movie,177699,90,\N,\N,\N,OK,2017-07-26 00:00:00
movie,177888,110,\N,\N,\N,OK,2017-07-26 00:00:00
movie,177945,121,\N,\N,\N,OK,2017-07-26 00:00:00
movie,178290,80,\N,\N,\N,OK,2017-07-26 00:00:00
movie,178446,270,\N,\N,\N,OK,2017-07-26 00:00:00
movie,178603,87,\N,\N,\N,OK,2017-07-26 00:00:00
movie,178682,60,\N,\N,\N,OK,2017-07-26 00:00:00
movie,178809,95,\N,\N,\N,OK,2017-07-26 00:00:00
movie,178862,73,\N,\N,\N,OK,2017-07-26 00:00:00
movie,178915,100,\N,\N,\N,OK,2017-07-26 00:00:00
movie,178946,81,\N,\N,\N,OK,2017-07-26 00:00:00
movie,179109,100,\N,\N,\N,OK,2017-07-26 00:00:00
movie,179111,90,\N,\N,\N,OK,2017-07-26 00:00:00
movie,179144,142,\N,\N,\N,OK,2017-07-26 00:00:00
movie,179150,95,\N,\N,\N,OK,2017-07-26 00:00:00
movie,179267,63,\N,\N,\N,OK,2017-07-26 00:00:00
movie,179538,104,\N,\N,\N,OK,2017-07-26 00:00:00
movie,179826,100,\N,\N,\N,OK,2017-07-26 00:00:00
movie,180147,108,\N,\N,\N,OK,2017-07-26 00:00:00
movie,180296,84,\N,\N,\N,OK,2017-07-26 00:00:00
movie,180299,150,\N,\N,\N,OK,2017-07-26 00:00:00
movie,180305,79,\N,\N,\N,OK,2017-07-26 00:00:00
movie,180314,120,\N,\N,\N,OK,2017-07-26 00:00:00
movie,180679,85,\N,\N,\N,OK,2017-07-26 00:00:00
movie,180863,117,\N,\N,\N,OK,2017-07-26 00:00:00
movie,180891,127,\N,\N,\N,OK,2017-07-26 00:00:00
movie,180894,95,\N,\N,\N,OK,2017-07-26 00:00:00
movie,180900,125,\N,\N,\N,OK,2017-07-26 00:00:00
movie,180948,85,\N,\N,\N,OK,2017-07-26 00:00:00
movie,180951,101,\N,\N,\N,OK,2017-07-26 00:00:00
movie,181009,102,\N,\N,\N,OK,2017-07-26 00:00:00
movie,181283,137,\N,\N,\N,OK,2017-07-26 00:00:00
movie,181330,74,\N,\N,\N,OK,2017-07-26 00:00:00
movie,181533,97,\N,\N,\N,OK,2017-07-26 00:00:00
movie,181656,76,\N,\N,\N,OK,2017-07-26 00:00:00
movie,181886,91,\N,\N,\N,OK,2017-07-26 00:00:00
movie,182131,26,\N,\N,\N,OK,2017-07-26 00:00:00
movie,182228,88,\N,\N,\N,OK,2017-07-26 00:00:00
movie,182246,102,\N,\N,\N,OK,2017-07-26 00:00:00
movie,182560,113,\N,\N,\N,OK,2017-07-26 00:00:00
movie,182827,133,\N,\N,\N,OK,2017-07-26 00:00:00
movie,182873,90,\N,\N,\N,OK,2017-07-26 00:00:00
movie,182972,7,\N,\N,\N,OK,2017-07-26 00:00:00
movie,183011,75,\N,\N,\N,OK,2017-07-26 00:00:00
movie,183258,84,\N,\N,\N,OK,2017-07-26 00:00:00
movie,183662,94,\N,\N,\N,OK,2017-07-26 00:00:00
movie,183836,95,\N,\N,\N,OK,2017-07-26 00:00:00
movie,183894,240,\N,\N,\N,OK,2017-07-26 00:00:00
movie,183910,84,\N,\N,\N,OK,2017-07-26 00:00:00
movie,184020,100,\N,\N,\N,OK,2017-07-26 00:00:00
movie,184098,105,\N,\N,\N,OK,2017-07-26 00:00:00
movie,184125,99,\N,\N,\N,OK,2017-07-26 00:00:00
movie,184149,93,\N,\N,\N,OK,2017-07-26 00:00:00
movie,184155,134,\N,\N,\N,OK,2017-07-26 00:00:00
movie,184219,111,\N,\N,\N,OK,2017-07-26 00:00:00
movie,184314,95,\N,\N,\N,OK,2017-07-26 00:00:00
movie,184315,99,\N,\N,\N,OK,2017-07-26 00:00:00
movie,184341,105,\N,\N,\N,OK,2017-07-26 00:00:00
movie,184345,87,\N,\N,\N,OK,2017-07-26 00:00:00
movie,184346,118,\N,\N,\N,OK,2017-07-26 00:00:00
movie,184352,105,\N,\N,\N,OK,2017-07-26 00:00:00
movie,184608,90,\N,\N,\N,OK,2017-07-26 00:00:00
movie,184992,85,\N,\N,\N,OK,2017-07-26 00:00:00
movie,185008,159,\N,\N,\N,OK,2017-07-26 00:00:00
movie,185341,95,\N,\N,\N,OK,2017-07-26 00:00:00
movie,185460,80,\N,\N,\N,OK,2017-07-26 00:00:00
movie,185471,88,\N,\N,\N,OK,2017-07-26 00:00:00
movie,185497,90,\N,\N,\N,OK,2017-07-26 00:00:00
movie,185567,110,\N,\N,\N,OK,2017-07-26 00:00:00
movie,185574,58,\N,\N,\N,OK,2017-07-26 00:00:00
movie,185640,119,\N,\N,\N,OK,2017-07-26 00:00:00
movie,185738,90,\N,\N,\N,OK,2017-07-26 00:00:00
movie,185789,88,\N,\N,\N,OK,2017-07-26 00:00:00
movie,186161,90,\N,\N,\N,OK,2017-07-26 00:00:00
movie,186729,106,\N,\N,\N,OK,2017-07-26 00:00:00
movie,186759,93,\N,\N,\N,OK,2017-07-26 00:00:00
movie,186929,113,\N,\N,\N,OK,2017-07-26 00:00:00
movie,186935,105,\N,\N,\N,OK,2017-07-26 00:00:00
movie,186971,122,\N,\N,\N,OK,2017-07-26 00:00:00
movie,186975,250,\N,\N,\N,OK,2017-07-26 00:00:00
movie,186976,110,\N,\N,\N,OK,2017-07-26 00:00:00
movie,186988,96,\N,\N,\N,OK,2017-07-26 00:00:00
movie,186991,94,\N,\N,\N,OK,2017-07-26 00:00:00
movie,186992,97,\N,\N,\N,OK,2017-07-26 00:00:00
movie,186997,95,\N,\N,\N,OK,2017-07-26 00:00:00
movie,187017,112,\N,\N,\N,OK,2017-07-26 00:00:00
movie,187022,133,\N,\N,\N,OK,2017-07-26 00:00:00
movie,187462,86,\N,\N,\N,OK,2017-07-26 00:00:00
movie,187541,90,\N,\N,\N,OK,2017-07-26 00:00:00
movie,187596,95,\N,\N,\N,OK,2017-07-26 00:00:00
movie,187662,146,\N,\N,\N,OK,2017-07-26 00:00:00
movie,188161,116,\N,\N,\N,OK,2017-07-26 00:00:00
movie,188166,90,\N,\N,\N,OK,2017-07-26 00:00:00
movie,188183,123,\N,\N,\N,OK,2017-07-26 00:00:00
movie,188207,99,\N,\N,\N,OK,2017-07-26 00:00:00
movie,188222,104,\N,\N,\N,OK,2017-07-26 00:00:00
movie,188357,100,\N,\N,\N,OK,2017-07-26 00:00:00
movie,188489,82,\N,\N,\N,OK,2017-07-26 00:00:00
movie,188507,93,\N,\N,\N,OK,2017-07-26 00:00:00
movie,188538,96,\N,\N,\N,OK,2017-07-26 00:00:00
movie,188598,99,\N,\N,\N,OK,2017-07-26 00:00:00
movie,188761,90,\N,\N,\N,OK,2017-07-26 00:00:00
movie,188927,122,\N,\N,\N,OK,2017-07-26 00:00:00
movie,189197,540,\N,\N,\N,OK,2017-07-26 00:00:00
movie,189204,83,\N,\N,\N,OK,2017-07-26 00:00:00
movie,189215,585,\N,\N,\N,OK,2017-07-26 00:00:00
movie,190469,99,\N,\N,\N,OK,2017-07-26 00:00:00
movie,190754,120,\N,\N,\N,OK,2017-07-26 00:00:00
movie,190847,98,\N,\N,\N,OK,2017-07-26 00:00:00
movie,190853,90,\N,\N,\N,OK,2017-07-26 00:00:00
movie,190859,133,\N,\N,\N,OK,2017-07-26 00:00:00
movie,190880,85,\N,\N,\N,OK,2017-07-26 00:00:00
movie,190955,128,\N,\N,\N,OK,2017-07-26 00:00:00
movie,191104,122,\N,\N,\N,OK,2017-07-26 00:00:00
movie,191121,140,\N,\N,\N,OK,2017-07-26 00:00:00
movie,191294,102,\N,\N,\N,OK,2017-07-26 00:00:00
movie,191421,131,\N,\N,\N,OK,2017-07-26 00:00:00
movie,191489,68,\N,\N,\N,OK,2017-07-26 00:00:00
movie,191502,77,\N,\N,\N,OK,2017-07-26 00:00:00
movie,191562,111,\N,\N,\N,OK,2017-07-26 00:00:00
movie,191619,90,\N,\N,\N,OK,2017-07-26 00:00:00
movie,191714,104,\N,\N,\N,OK,2017-07-26 00:00:00
movie,191717,99,\N,\N,\N,OK,2017-07-26 00:00:00
movie,191720,90,\N,\N,\N,OK,2017-07-26 00:00:00
movie,191726,128,\N,\N,\N,OK,2017-07-26 00:00:00
movie,191820,122,\N,\N,\N,OK,2017-07-26 00:00:00
movie,191850,6,\N,\N,\N,OK,2017-07-26 00:00:00
movie,191874,94,\N,\N,\N,OK,2017-07-26 00:00:00
movie,192040,550,\N,\N,\N,OK,2017-07-26 00:00:00
movie,192102,113,\N,\N,\N,OK,2017-07-26 00:00:00
movie,192126,84,\N,\N,\N,OK,2017-07-26 00:00:00
movie,192132,100,\N,\N,\N,OK,2017-07-26 00:00:00
movie,192133,118,\N,\N,\N,OK,2017-07-26 00:00:00
movie,192134,93,\N,\N,\N,OK,2017-07-26 00:00:00
movie,192136,141,\N,\N,\N,OK,2017-07-26 00:00:00
movie,192141,103,\N,\N,\N,OK,2017-07-26 00:00:00
movie,192145,137,\N,\N,\N,OK,2017-07-26 00:00:00
movie,192149,96,\N,\N,\N,OK,2017-07-26 00:00:00
movie,192160,104,\N,\N,\N,OK,2017-07-26 00:00:00
movie,192345,88,\N,\N,\N,OK,2017-07-26 00:00:00
movie,192538,99,\N,\N,\N,OK,2017-07-26 00:00:00
movie,192558,132,\N,\N,\N,OK,2017-07-26 00:00:00
movie,192577,115,\N,\N,\N,OK,2017-07-26 00:00:00
movie,192623,93,\N,\N,\N,OK,2017-07-26 00:00:00
movie,192695,177,\N,\N,\N,OK,2017-07-26 00:00:00
movie,192712,90,\N,\N,\N,OK,2017-07-26 00:00:00
movie,192813,88,\N,\N,\N,OK,2017-07-26 00:00:00
movie,192911,61,\N,\N,\N,OK,2017-07-26 00:00:00
movie,192936,248,\N,\N,\N,OK,2017-07-26 00:00:00
movie,193216,10,\N,\N,\N,OK,2017-07-26 00:00:00
movie,193380,400,\N,\N,\N,OK,2017-07-26 00:00:00
movie,193610,109,\N,\N,\N,OK,2017-07-26 00:00:00
movie,193612,98,\N,\N,\N,OK,2017-07-26 00:00:00
movie,193613,93,\N,\N,\N,OK,2017-07-26 00:00:00
movie,193687,97,\N,\N,\N,OK,2017-07-26 00:00:00
movie,193722,100,\N,\N,\N,OK,2017-07-26 00:00:00
movie,193726,125,\N,\N,\N,OK,2017-07-26 00:00:00
movie,193756,121,\N,\N,\N,OK,2017-07-26 00:00:00
movie,193893,104,\N,\N,\N,OK,2017-07-26 00:00:00
movie,193976,30,\N,\N,\N,OK,2017-07-26 00:00:00
movie,194101,91,\N,\N,\N,OK,2017-07-26 00:00:00
movie,194113,33,\N,\N,\N,OK,2017-07-26 00:00:00
movie,194121,87,\N,\N,\N,OK,2017-07-26 00:00:00
movie,194310,73,\N,\N,\N,OK,2017-07-26 00:00:00
movie,194523,130,\N,\N,\N,OK,2017-07-26 00:00:00
movie,194537,105,\N,\N,\N,OK,2017-07-26 00:00:00
movie,194662,119,\N,\N,\N,OK,2017-07-26 00:00:00
movie,194722,101,\N,\N,\N,OK,2017-07-26 00:00:00
movie,195269,95,\N,\N,\N,OK,2017-07-26 00:00:00
movie,195276,119,\N,\N,\N,OK,2017-07-26 00:00:00
movie,195423,108,\N,\N,\N,OK,2017-07-26 00:00:00
movie,195589,96,\N,\N,\N,OK,2017-07-26 00:00:00
movie,195590,98,\N,\N,\N,OK,2017-07-26 00:00:00
movie,195757,105,\N,\N,\N,OK,2017-07-26 00:00:00
movie,195862,76,\N,\N,\N,OK,2017-07-26 00:00:00
movie,196024,100,\N,\N,\N,OK,2017-07-26 00:00:00
movie,196032,127,\N,\N,\N,OK,2017-07-26 00:00:00
movie,196254,75,\N,\N,\N,OK,2017-07-26 00:00:00
movie,196325,112,\N,\N,\N,OK,2017-07-26 00:00:00
movie,196649,8,\N,\N,\N,OK,2017-07-26 00:00:00
movie,196750,58,\N,\N,\N,OK,2017-07-26 00:00:00
movie,196761,60,\N,\N,\N,OK,2017-07-26 00:00:00
movie,196830,84,\N,\N,\N,OK,2017-07-26 00:00:00
movie,196867,119,\N,\N,\N,OK,2017-07-26 00:00:00
movie,197033,79,\N,\N,\N,OK,2017-07-26 00:00:00
movie,197082,96,\N,\N,\N,OK,2017-07-26 00:00:00
movie,197089,104,\N,\N,\N,OK,2017-07-26 00:00:00
movie,197467,97,\N,\N,\N,OK,2017-07-26 00:00:00
movie,197481,88,\N,\N,\N,OK,2017-07-26 00:00:00
movie,197583,110,\N,\N,\N,OK,2017-07-26 00:00:00
movie,197599,100,\N,\N,\N,OK,2017-07-26 00:00:00
movie,197624,87,\N,\N,\N,OK,2017-07-26 00:00:00
movie,197696,125,\N,\N,\N,OK,2017-07-26 00:00:00
movie,197796,112,\N,\N,\N,OK,2017-07-26 00:00:00
movie,197936,94,\N,\N,\N,OK,2017-07-26 00:00:00
movie,197950,135,\N,\N,\N,OK,2017-07-26 00:00:00
movie,198062,87,\N,\N,\N,OK,2017-07-26 00:00:00
movie,198184,120,\N,\N,\N,OK,2017-07-26 00:00:00
movie,198185,124,\N,\N,\N,OK,2017-07-26 00:00:00
movie,198200,89,\N,\N,\N,OK,2017-07-26 00:00:00
movie,198210,93,\N,\N,\N,OK,2017-07-26 00:00:00
movie,198277,104,\N,\N,\N,OK,2017-07-26 00:00:00
movie,198287,107,\N,\N,\N,OK,2017-07-26 00:00:00
movie,198306,73,\N,\N,\N,OK,2017-07-26 00:00:00
movie,198308,79,\N,\N,\N,OK,2017-07-26 00:00:00
movie,198375,46,\N,\N,\N,OK,2017-07-26 00:00:00
movie,198436,76,\N,\N,\N,OK,2017-07-26 00:00:00
movie,198663,113,\N,\N,\N,OK,2017-07-26 00:00:00
movie,199327,108,\N,\N,\N,OK,2017-07-26 00:00:00
movie,199373,105,\N,\N,\N,OK,2017-07-26 00:00:00
movie,199420,107,\N,\N,\N,OK,2017-07-26 00:00:00
movie,199534,106,\N,\N,\N,OK,2017-07-26 00:00:00
movie,199556,92,\N,\N,\N,OK,2017-07-26 00:00:00
movie,199575,87,\N,\N,\N,OK,2017-07-26 00:00:00
movie,199578,96,\N,\N,\N,OK,2017-07-26 00:00:00
movie,199584,124,\N,\N,\N,OK,2017-07-26 00:00:00
movie,199591,90,\N,\N,\N,OK,2017-07-26 00:00:00
movie,199647,72,\N,\N,\N,OK,2017-07-26 00:00:00
movie,199661,88,\N,\N,\N,OK,2017-07-26 00:00:00
movie,199753,66,\N,\N,\N,OK,2017-07-26 00:00:00
movie,199818,121,\N,\N,\N,OK,2017-07-26 00:00:00
movie,199851,106,\N,\N,\N,OK,2017-07-26 00:00:00
movie,199933,99,\N,\N,\N,OK,2017-07-26 00:00:00
movie,200085,122,\N,\N,\N,OK,2017-07-26 00:00:00
movie,200145,160,\N,\N,\N,OK,2017-07-26 00:00:00
movie,200462,90,\N,\N,\N,OK,2017-07-26 00:00:00
movie,200481,7,\N,\N,\N,OK,2017-07-26 00:00:00
movie,200505,109,\N,\N,\N,OK,2017-07-26 00:00:00
movie,200511,92,\N,\N,\N,OK,2017-07-26 00:00:00
movie,200645,93,\N,\N,\N,OK,2017-07-26 00:00:00
movie,200713,82,\N,\N,\N,OK,2017-07-26 00:00:00
movie,200727,102,\N,\N,\N,OK,2017-07-26 00:00:00
movie,200813,400,\N,\N,\N,OK,2017-07-26 00:00:00
movie,201018,102,\N,\N,\N,OK,2017-07-26 00:00:00
movie,201066,101,\N,\N,\N,OK,2017-07-26 00:00:00
movie,201085,119,\N,\N,\N,OK,2017-07-26 00:00:00
movie,201086,98,\N,\N,\N,OK,2017-07-26 00:00:00
movie,201088,133,\N,\N,\N,OK,2017-07-26 00:00:00
movie,201132,92,\N,\N,\N,OK,2017-07-26 00:00:00
movie,201223,88,\N,\N,\N,OK,2017-07-26 00:00:00
movie,201277,94,\N,\N,\N,OK,2017-07-26 00:00:00
movie,201365,124,\N,\N,\N,OK,2017-07-26 00:00:00
movie,201550,101,\N,\N,\N,OK,2017-07-26 00:00:00
movie,201676,72,\N,\N,\N,OK,2017-07-26 00:00:00
movie,201749,116,\N,\N,\N,OK,2017-07-26 00:00:00
movie,201759,106,\N,\N,\N,OK,2017-07-26 00:00:00
movie,201765,94,\N,\N,\N,OK,2017-07-26 00:00:00
movie,201847,88,\N,\N,\N,OK,2017-07-26 00:00:00
movie,202043,207,\N,\N,\N,OK,2017-07-26 00:00:00
movie,202141,99,\N,\N,\N,OK,2017-07-26 00:00:00
movie,202215,97,\N,\N,\N,OK,2017-07-26 00:00:00
movie,202220,98,\N,\N,\N,OK,2017-07-26 00:00:00
movie,202241,336,\N,\N,\N,OK,2017-07-26 00:00:00
movie,202575,85,\N,\N,\N,OK,2017-07-26 00:00:00
movie,202722,71,\N,\N,\N,OK,2017-07-26 00:00:00
movie,203217,85,\N,\N,\N,OK,2017-07-26 00:00:00
movie,203321,102,\N,\N,\N,OK,2017-07-26 00:00:00
movie,203665,95,\N,\N,\N,OK,2017-07-26 00:00:00
movie,203696,75,\N,\N,\N,OK,2017-07-26 00:00:00
movie,203715,84,\N,\N,\N,OK,2017-07-26 00:00:00
movie,203739,104,\N,\N,\N,OK,2017-07-26 00:00:00
movie,203793,131,\N,\N,\N,OK,2017-07-26 00:00:00
movie,203801,116,\N,\N,\N,OK,2017-07-26 00:00:00
movie,203833,131,\N,\N,\N,OK,2017-07-26 00:00:00
movie,203834,90,\N,\N,\N,OK,2017-07-26 00:00:00
movie,203835,85,\N,\N,\N,OK,2017-07-26 00:00:00
movie,203912,132,\N,\N,\N,OK,2017-07-26 00:00:00
movie,204053,123,\N,\N,\N,OK,2017-07-26 00:00:00
movie,204082,100,\N,\N,\N,OK,2017-07-26 00:00:00
movie,204260,104,\N,\N,\N,OK,2017-07-26 00:00:00
movie,204342,90,\N,\N,\N,OK,2017-07-26 00:00:00
movie,204349,78,\N,\N,\N,OK,2017-07-26 00:00:00
movie,204435,152,\N,\N,\N,OK,2017-07-26 00:00:00
movie,204436,94,\N,\N,\N,OK,2017-07-26 00:00:00
movie,204553,119,\N,\N,\N,OK,2017-07-26 00:00:00
movie,204668,104,\N,\N,\N,OK,2017-07-26 00:00:00
movie,204690,80,\N,\N,\N,OK,2017-07-26 00:00:00
movie,204709,92,\N,\N,\N,OK,2017-07-26 00:00:00
movie,204810,107,\N,\N,\N,OK,2017-07-26 00:00:00
movie,204922,92,\N,\N,\N,OK,2017-07-26 00:00:00
movie,204968,128,\N,\N,\N,OK,2017-07-26 00:00:00
movie,205022,141,\N,\N,\N,OK,2017-07-26 00:00:00
movie,205220,98,\N,\N,\N,OK,2017-07-26 00:00:00
movie,205321,86,\N,\N,\N,OK,2017-07-26 00:00:00
movie,205584,127,\N,\N,\N,OK,2017-07-26 00:00:00
movie,205587,141,\N,\N,\N,OK,2017-07-26 00:00:00
movie,205588,108,\N,\N,\N,OK,2017-07-26 00:00:00
movie,205596,113,\N,\N,\N,OK,2017-07-26 00:00:00
movie,205601,105,\N,\N,\N,OK,2017-07-26 00:00:00
movie,205724,95,\N,\N,\N,OK,2017-07-26 00:00:00
movie,205775,122,\N,\N,\N,OK,2017-07-26 00:00:00
movie,205891,92,\N,\N,\N,OK,2017-07-26 00:00:00
movie,206192,100,\N,\N,\N,OK,2017-07-26 00:00:00
movie,206284,102,\N,\N,\N,OK,2017-07-26 00:00:00
movie,206296,94,\N,\N,\N,OK,2017-07-26 00:00:00
movie,206324,186,\N,\N,\N,OK,2017-07-26 00:00:00
movie,206408,117,\N,\N,\N,OK,2017-07-26 00:00:00
movie,206487,97,\N,\N,\N,OK,2017-07-26 00:00:00
movie,206563,112,\N,\N,\N,OK,2017-07-26 00:00:00
movie,206647,148,\N,\N,\N,OK,2017-07-26 00:00:00
movie,206821,86,\N,\N,\N,OK,2017-07-26 00:00:00
movie,207021,106,\N,\N,\N,OK,2017-07-26 00:00:00
movie,207270,86,\N,\N,\N,OK,2017-07-26 00:00:00
movie,207475,88,\N,\N,\N,OK,2017-07-26 00:00:00
movie,207680,72,\N,\N,\N,OK,2017-07-26 00:00:00
movie,207686,101,\N,\N,\N,OK,2017-07-26 00:00:00
movie,207703,130,\N,\N,\N,OK,2017-07-26 00:00:00
movie,207768,106,\N,\N,\N,OK,2017-07-26 00:00:00
movie,207769,87,\N,\N,\N,OK,2017-07-26 00:00:00
movie,207774,89,\N,\N,\N,OK,2017-07-26 00:00:00
movie,207780,90,\N,\N,\N,OK,2017-07-26 00:00:00
movie,207932,121,\N,\N,\N,OK,2017-07-26 00:00:00
movie,207933,112,\N,\N,\N,OK,2017-07-26 00:00:00
movie,207936,105,\N,\N,\N,OK,2017-07-26 00:00:00
movie,208134,92,\N,\N,\N,OK,2017-07-26 00:00:00
movie,208277,109,\N,\N,\N,OK,2017-07-26 00:00:00
movie,208284,102,\N,\N,\N,OK,2017-07-26 00:00:00
movie,208763,127,\N,\N,\N,OK,2017-07-26 00:00:00
movie,208869,102,\N,\N,\N,OK,2017-07-26 00:00:00
movie,209032,150,\N,\N,\N,OK,2017-07-26 00:00:00
movie,209049,116,\N,\N,\N,OK,2017-07-26 00:00:00
movie,209112,151,\N,\N,\N,OK,2017-07-26 00:00:00
movie,209185,112,\N,\N,\N,OK,2017-07-26 00:00:00
movie,209189,94,\N,\N,\N,OK,2017-07-26 00:00:00
movie,209232,87,\N,\N,\N,OK,2017-07-26 00:00:00
movie,209244,114,\N,\N,\N,OK,2017-07-26 00:00:00
movie,209247,90,\N,\N,\N,OK,2017-07-26 00:00:00
movie,209249,94,\N,\N,\N,OK,2017-07-26 00:00:00
movie,209251,117,\N,\N,\N,OK,2017-07-26 00:00:00
movie,209262,94,\N,\N,\N,OK,2017-07-26 00:00:00
movie,209263,93,\N,\N,\N,OK,2017-07-26 00:00:00
movie,209269,105,\N,\N,\N,OK,2017-07-26 00:00:00
movie,209271,103,\N,\N,\N,OK,2017-07-26 00:00:00
movie,209274,80,\N,\N,\N,OK,2017-07-26 00:00:00
movie,209276,106,\N,\N,\N,OK,2017-07-26 00:00:00
movie,209350,93,\N,\N,\N,OK,2017-07-26 00:00:00
movie,209355,113,\N,\N,\N,OK,2017-07-26 00:00:00
movie,209361,103,\N,\N,\N,OK,2017-07-26 00:00:00
movie,209385,127,\N,\N,\N,OK,2017-07-26 00:00:00
movie,209403,88,\N,\N,\N,OK,2017-07-26 00:00:00
movie,209406,97,\N,\N,\N,OK,2017-07-26 00:00:00
movie,209415,108,\N,\N,\N,OK,2017-07-26 00:00:00
movie,209440,100,\N,\N,\N,OK,2017-07-26 00:00:00
movie,209451,134,\N,\N,\N,OK,2017-07-26 00:00:00
movie,209504,93,\N,\N,\N,OK,2017-07-26 00:00:00
movie,209764,97,\N,\N,\N,OK,2017-07-26 00:00:00
movie,209799,102,\N,\N,\N,OK,2017-07-26 00:00:00
movie,209802,80,\N,\N,\N,OK,2017-07-26 00:00:00
movie,209840,138,\N,\N,\N,OK,2017-07-26 00:00:00
movie,209901,100,\N,\N,\N,OK,2017-07-26 00:00:00
movie,209920,90,\N,\N,\N,OK,2017-07-26 00:00:00
movie,210024,90,\N,\N,\N,OK,2017-07-26 00:00:00
movie,210041,90,\N,\N,\N,OK,2017-07-26 00:00:00
movie,210047,90,\N,\N,\N,OK,2017-07-26 00:00:00
movie,210479,85,\N,\N,\N,OK,2017-07-26 00:00:00
movie,210577,145,\N,\N,\N,OK,2017-07-26 00:00:00
movie,210769,42,\N,\N,\N,OK,2017-07-26 00:00:00
movie,210860,106,\N,\N,\N,OK,2017-07-26 00:00:00
movie,210908,89,\N,\N,\N,OK,2017-07-26 00:00:00
movie,210910,80,\N,\N,\N,OK,2017-07-26 00:00:00
movie,210911,105,\N,\N,\N,OK,2017-07-26 00:00:00
movie,210913,98,\N,\N,\N,OK,2017-07-26 00:00:00
movie,210937,93,\N,\N,\N,OK,2017-07-26 00:00:00
movie,210947,85,\N,\N,\N,OK,2017-07-26 00:00:00
movie,211005,110,\N,\N,\N,OK,2017-07-26 00:00:00
movie,211052,99,\N,\N,\N,OK,2017-07-26 00:00:00
movie,211067,99,\N,\N,\N,OK,2017-07-26 00:00:00
movie,211088,93,\N,\N,\N,OK,2017-07-26 00:00:00
movie,211166,110,\N,\N,\N,OK,2017-07-26 00:00:00
movie,211387,15,\N,\N,\N,OK,2017-07-26 00:00:00
movie,211505,119,\N,\N,\N,OK,2017-07-26 00:00:00
movie,211672,91,\N,\N,\N,OK,2017-07-26 00:00:00
movie,211755,97,\N,\N,\N,OK,2017-07-26 00:00:00
movie,211954,115,\N,\N,\N,OK,2017-07-26 00:00:00
movie,212063,80,\N,\N,\N,OK,2017-07-26 00:00:00
movie,212156,88,\N,\N,\N,OK,2017-07-26 00:00:00
movie,212162,116,\N,\N,\N,OK,2017-07-26 00:00:00
movie,212167,98,\N,\N,\N,OK,2017-07-26 00:00:00
movie,212168,50,\N,\N,\N,OK,2017-07-26 00:00:00
movie,212231,110,\N,\N,\N,OK,2017-07-26 00:00:00
movie,212455,80,\N,\N,\N,OK,2017-07-26 00:00:00
movie,212470,73,\N,\N,\N,OK,2017-07-26 00:00:00
movie,212606,111,\N,\N,\N,OK,2017-07-26 00:00:00
movie,212716,93,\N,\N,\N,OK,2017-07-26 00:00:00
movie,212721,90,\N,\N,\N,OK,2017-07-26 00:00:00
movie,212769,110,\N,\N,\N,OK,2017-07-26 00:00:00
movie,212778,114,\N,\N,\N,OK,2017-07-26 00:00:00
movie,213015,122,\N,\N,\N,OK,2017-07-26 00:00:00
movie,213110,22,\N,\N,\N,OK,2017-07-26 00:00:00
movie,213681,94,\N,\N,\N,OK,2017-07-26 00:00:00
movie,213927,94,\N,\N,\N,OK,2017-07-26 00:00:00
movie,214030,90,\N,\N,\N,OK,2017-07-26 00:00:00
movie,214075,111,\N,\N,\N,OK,2017-07-26 00:00:00
movie,214081,94,\N,\N,\N,OK,2017-07-26 00:00:00
movie,214083,124,\N,\N,\N,OK,2017-07-26 00:00:00
movie,214086,92,\N,\N,\N,OK,2017-07-26 00:00:00
movie,214091,92,\N,\N,\N,OK,2017-07-26 00:00:00
movie,214093,110,\N,\N,\N,OK,2017-07-26 00:00:00
movie,214096,96,\N,\N,\N,OK,2017-07-26 00:00:00
movie,214100,100,\N,\N,\N,OK,2017-07-26 00:00:00
movie,214135,100,\N,\N,\N,OK,2017-07-26 00:00:00
movie,214137,120,\N,\N,\N,OK,2017-07-26 00:00:00
movie,214209,107,\N,\N,\N,OK,2017-07-26 00:00:00
movie,214210,128,\N,\N,\N,OK,2017-07-26 00:00:00
movie,214256,88,\N,\N,\N,OK,2017-07-26 00:00:00
movie,214314,78,\N,\N,\N,OK,2017-07-26 00:00:00
movie,214464,90,\N,\N,\N,OK,2017-07-26 00:00:00
movie,214597,99,\N,\N,\N,OK,2017-07-26 00:00:00
movie,214676,12,\N,\N,\N,OK,2017-07-26 00:00:00
movie,214756,115,\N,\N,\N,OK,2017-07-26 00:00:00
movie,214910,125,\N,\N,\N,OK,2017-07-26 00:00:00
movie,215032,92,\N,\N,\N,OK,2017-07-26 00:00:00
movie,215042,97,\N,\N,\N,OK,2017-07-26 00:00:00
movie,215211,103,\N,\N,\N,OK,2017-07-26 00:00:00
movie,215379,100,\N,\N,\N,OK,2017-07-26 00:00:00
movie,215743,89,\N,\N,\N,OK,2017-07-26 00:00:00
movie,215776,130,\N,\N,\N,OK,2017-07-26 00:00:00
movie,215814,95,\N,\N,\N,OK,2017-07-26 00:00:00
movie,215830,102,\N,\N,\N,OK,2017-07-26 00:00:00
movie,215848,101,\N,\N,\N,OK,2017-07-26 00:00:00
movie,215875,88,\N,\N,\N,OK,2017-07-26 00:00:00
movie,215881,98,\N,\N,\N,OK,2017-07-26 00:00:00
movie,215962,94,\N,\N,\N,OK,2017-07-26 00:00:00
movie,215993,203,\N,\N,\N,OK,2017-07-26 00:00:00
movie,215999,101,\N,\N,\N,OK,2017-07-26 00:00:00
movie,216015,125,\N,\N,\N,OK,2017-07-26 00:00:00
movie,216138,94,\N,\N,\N,OK,2017-07-26 00:00:00
movie,216156,92,\N,\N,\N,OK,2017-07-26 00:00:00
movie,216282,89,\N,\N,\N,OK,2017-07-26 00:00:00
movie,216539,84,\N,\N,\N,OK,2017-07-26 00:00:00
movie,216541,93,\N,\N,\N,OK,2017-07-26 00:00:00
movie,216553,61,\N,\N,\N,OK,2017-07-26 00:00:00
movie,216580,91,\N,\N,\N,OK,2017-07-26 00:00:00
movie,216790,93,\N,\N,\N,OK,2017-07-26 00:00:00
movie,216919,97,\N,\N,\N,OK,2017-07-26 00:00:00
movie,217316,112,\N,\N,\N,OK,2017-07-26 00:00:00
movie,217412,101,\N,\N,\N,OK,2017-07-26 00:00:00
movie,217708,85,\N,\N,\N,OK,2017-07-26 00:00:00
movie,217787,89,\N,\N,\N,OK,2017-07-26 00:00:00
movie,217896,90,\N,\N,\N,OK,2017-07-26 00:00:00
movie,217923,133,\N,\N,\N,OK,2017-07-26 00:00:00
movie,217993,79,\N,\N,\N,OK,2017-07-26 00:00:00
movie,218043,110,\N,\N,\N,OK,2017-07-26 00:00:00
movie,218275,114,\N,\N,\N,OK,2017-07-26 00:00:00
movie,218329,89,\N,\N,\N,OK,2017-07-26 00:00:00
movie,218381,102,\N,\N,\N,OK,2017-07-26 00:00:00
movie,218425,105,\N,\N,\N,OK,2017-07-26 00:00:00
movie,218778,81,\N,\N,\N,OK,2017-07-26 00:00:00
movie,218784,92,\N,\N,\N,OK,2017-07-26 00:00:00
movie,218836,83,\N,\N,\N,OK,2017-07-26 00:00:00
movie,218993,103,\N,\N,\N,OK,2017-07-26 00:00:00
movie,219247,88,\N,\N,\N,OK,2017-07-26 00:00:00
movie,219318,92,\N,\N,\N,OK,2017-07-26 00:00:00
movie,219553,111,\N,\N,\N,OK,2017-07-26 00:00:00
movie,219572,108,\N,\N,\N,OK,2017-07-26 00:00:00
movie,220176,140,\N,\N,\N,OK,2017-07-26 00:00:00
movie,220286,90,\N,\N,\N,OK,2017-07-26 00:00:00
movie,220289,89,\N,\N,\N,OK,2017-07-26 00:00:00
movie,220447,119,\N,\N,\N,OK,2017-07-26 00:00:00
movie,220471,86,\N,\N,\N,OK,2017-07-26 00:00:00
movie,220746,90,\N,\N,\N,OK,2017-07-26 00:00:00
movie,220809,20,\N,\N,\N,OK,2017-07-26 00:00:00
movie,220820,85,\N,\N,\N,OK,2017-07-26 00:00:00
movie,221488,86,\N,\N,\N,OK,2017-07-26 00:00:00
movie,221510,84,\N,\N,\N,OK,2017-07-26 00:00:00
movie,221667,150,\N,\N,\N,OK,2017-07-26 00:00:00
movie,221731,138,\N,\N,\N,OK,2017-07-26 00:00:00
movie,221732,135,\N,\N,\N,OK,2017-07-26 00:00:00
movie,221737,77,\N,\N,\N,OK,2017-07-26 00:00:00
movie,221791,120,\N,\N,\N,OK,2017-07-26 00:00:00
movie,221902,95,\N,\N,\N,OK,2017-07-26 00:00:00
movie,222216,98,\N,\N,\N,OK,2017-07-26 00:00:00
movie,222297,77,\N,\N,\N,OK,2017-07-26 00:00:00
movie,222461,89,\N,\N,\N,OK,2017-07-26 00:00:00
movie,222619,88,\N,\N,\N,OK,2017-07-26 00:00:00
movie,222649,103,\N,\N,\N,OK,2017-07-26 00:00:00
movie,222715,7,\N,\N,\N,OK,2017-07-26 00:00:00
movie,222724,400,\N,\N,\N,OK,2017-07-26 00:00:00
movie,222772,100,\N,\N,\N,OK,2017-07-26 00:00:00
movie,222899,100,\N,\N,\N,OK,2017-07-26 00:00:00
movie,222911,88,\N,\N,\N,OK,2017-07-26 00:00:00
movie,222935,125,\N,\N,\N,OK,2017-07-26 00:00:00
movie,222936,105,\N,\N,\N,OK,2017-07-26 00:00:00
movie,222951,95,\N,\N,\N,OK,2017-07-26 00:00:00
movie,223485,84,\N,\N,\N,OK,2017-07-26 00:00:00
movie,223702,83,\N,\N,\N,OK,2017-07-26 00:00:00
movie,223706,80,\N,\N,\N,OK,2017-07-26 00:00:00
movie,223946,100,\N,\N,\N,OK,2017-07-26 00:00:00
movie,223954,90,\N,\N,\N,OK,2017-07-26 00:00:00
movie,224141,125,\N,\N,\N,OK,2017-07-26 00:00:00
movie,224746,97,\N,\N,\N,OK,2017-07-26 00:00:00
movie,224815,86,\N,\N,\N,OK,2017-07-26 00:00:00
movie,224903,90,\N,\N,\N,OK,2017-07-26 00:00:00
movie,224972,88,\N,\N,\N,OK,2017-07-26 00:00:00
movie,225044,104,\N,\N,\N,OK,2017-07-26 00:00:00
movie,225235,120,\N,\N,\N,OK,2017-07-26 00:00:00
movie,225564,98,\N,\N,\N,OK,2017-07-26 00:00:00
movie,225565,94,\N,\N,\N,OK,2017-07-26 00:00:00
movie,225574,106,\N,\N,\N,OK,2017-07-26 00:00:00
movie,225719,104,\N,\N,\N,OK,2017-07-26 00:00:00
movie,225728,113,\N,\N,\N,OK,2017-07-26 00:00:00
movie,225745,90,\N,\N,\N,OK,2017-07-26 00:00:00
movie,225747,102,\N,\N,\N,OK,2017-07-26 00:00:00
movie,225886,97,\N,\N,\N,OK,2017-07-26 00:00:00
movie,226140,90,\N,\N,\N,OK,2017-07-26 00:00:00
movie,226354,100,\N,\N,\N,OK,2017-07-26 00:00:00
movie,226437,107,\N,\N,\N,OK,2017-07-26 00:00:00
movie,226448,105,\N,\N,\N,OK,2017-07-26 00:00:00
movie,226458,91,\N,\N,\N,OK,2017-07-26 00:00:00
movie,226486,97,\N,\N,\N,OK,2017-07-26 00:00:00
movie,226672,100,\N,\N,\N,OK,2017-07-26 00:00:00
movie,226857,103,\N,\N,\N,OK,2017-07-26 00:00:00
movie,226948,85,\N,\N,\N,OK,2017-07-26 00:00:00
movie,227094,98,\N,\N,\N,OK,2017-07-26 00:00:00
movie,227156,94,\N,\N,\N,OK,2017-07-26 00:00:00
movie,227159,108,\N,\N,\N,OK,2017-07-26 00:00:00
movie,227262,105,\N,\N,\N,OK,2017-07-26 00:00:00
movie,227300,94,\N,\N,\N,OK,2017-07-26 00:00:00
movie,227306,137,\N,\N,\N,OK,2017-07-26 00:00:00
movie,227348,84,\N,\N,\N,OK,2017-07-26 00:00:00
movie,227359,98,\N,\N,\N,OK,2017-07-26 00:00:00
movie,227425,45,\N,\N,\N,OK,2017-07-26 00:00:00
movie,227679,72,\N,\N,\N,OK,2017-07-26 00:00:00
movie,227700,99,\N,\N,\N,OK,2017-07-26 00:00:00
movie,227707,99,\N,\N,\N,OK,2017-07-26 00:00:00
movie,227719,106,\N,\N,\N,OK,2017-07-26 00:00:00
movie,227735,107,\N,\N,\N,OK,2017-07-26 00:00:00
movie,227783,85,\N,\N,\N,OK,2017-07-26 00:00:00
movie,227859,88,\N,\N,\N,OK,2017-07-26 00:00:00
movie,227877,81,\N,\N,\N,OK,2017-07-26 00:00:00
movie,227970,108,\N,\N,\N,OK,2017-07-26 00:00:00
movie,227973,88,\N,\N,\N,OK,2017-07-26 00:00:00
movie,228066,109,\N,\N,\N,OK,2017-07-26 00:00:00
movie,228074,101,\N,\N,\N,OK,2017-07-26 00:00:00
movie,228108,100,\N,\N,\N,OK,2017-07-26 00:00:00
movie,228150,135,\N,\N,\N,OK,2017-07-26 00:00:00
movie,228161,94,\N,\N,\N,OK,2017-07-26 00:00:00
movie,228165,93,\N,\N,\N,OK,2017-07-26 00:00:00
movie,228194,122,\N,\N,\N,OK,2017-07-26 00:00:00
movie,228203,128,\N,\N,\N,OK,2017-07-26 00:00:00
movie,228205,128,\N,\N,\N,OK,2017-07-26 00:00:00
movie,228326,95,\N,\N,\N,OK,2017-07-26 00:00:00
movie,228355,143,\N,\N,\N,OK,2017-07-26 00:00:00
movie,228358,96,\N,\N,\N,OK,2017-07-26 00:00:00
movie,228496,85,\N,\N,\N,OK,2017-07-26 00:00:00
movie,228676,87,\N,\N,\N,OK,2017-07-26 00:00:00
movie,228890,90,\N,\N,\N,OK,2017-07-26 00:00:00
movie,228967,112,\N,\N,\N,OK,2017-07-26 00:00:00
movie,228968,95,\N,\N,\N,OK,2017-07-26 00:00:00
movie,228970,115,\N,\N,\N,OK,2017-07-26 00:00:00
movie,228973,92,\N,\N,\N,OK,2017-07-26 00:00:00
movie,229182,104,\N,\N,\N,OK,2017-07-26 00:00:00
movie,229296,92,\N,\N,\N,OK,2017-07-26 00:00:00
movie,229297,97,\N,\N,\N,OK,2017-07-26 00:00:00
movie,229304,112,\N,\N,\N,OK,2017-07-26 00:00:00
movie,229582,118,\N,\N,\N,OK,2017-07-26 00:00:00
movie,229839,89,\N,\N,\N,OK,2017-07-26 00:00:00
movie,230179,90,\N,\N,\N,OK,2017-07-26 00:00:00
movie,230211,87,\N,\N,\N,OK,2017-07-26 00:00:00
movie,230222,94,\N,\N,\N,OK,2017-07-26 00:00:00
movie,230266,120,\N,\N,\N,OK,2017-07-26 00:00:00
movie,230779,102,\N,\N,\N,OK,2017-07-26 00:00:00
movie,230896,71,\N,\N,\N,OK,2017-07-26 00:00:00
movie,231001,82,\N,\N,\N,OK,2017-07-26 00:00:00
movie,231082,80,\N,\N,\N,OK,2017-07-26 00:00:00
movie,231176,87,\N,\N,\N,OK,2017-07-26 00:00:00
movie,231401,180,\N,\N,\N,OK,2017-07-26 00:00:00
movie,231474,85,\N,\N,\N,OK,2017-07-26 00:00:00
movie,231576,120,\N,\N,\N,OK,2017-07-26 00:00:00
movie,232078,99,\N,\N,\N,OK,2017-07-26 00:00:00
movie,232175,101,\N,\N,\N,OK,2017-07-26 00:00:00
movie,232572,104,\N,\N,\N,OK,2017-07-26 00:00:00
movie,232672,117,\N,\N,\N,OK,2017-07-26 00:00:00
movie,232679,115,\N,\N,\N,OK,2017-07-26 00:00:00
movie,233063,119,\N,\N,\N,OK,2017-07-26 00:00:00
movie,233112,140,\N,\N,\N,OK,2017-07-26 00:00:00
movie,233423,80,\N,\N,\N,OK,2017-07-26 00:00:00
movie,233470,109,\N,\N,\N,OK,2017-07-26 00:00:00
movie,233639,105,\N,\N,\N,OK,2017-07-26 00:00:00
movie,234004,94,\N,\N,\N,OK,2017-07-26 00:00:00
movie,234200,119,\N,\N,\N,OK,2017-07-26 00:00:00
movie,234212,83,\N,\N,\N,OK,2017-07-26 00:00:00
movie,234284,106,\N,\N,\N,OK,2017-07-26 00:00:00
movie,234567,6,\N,\N,\N,OK,2017-07-26 00:00:00
movie,234862,11,\N,\N,\N,OK,2017-07-26 00:00:00
movie,235044,92,\N,\N,\N,OK,2017-07-26 00:00:00
movie,235046,81,\N,\N,\N,OK,2017-07-26 00:00:00
movie,235093,87,\N,\N,\N,OK,2017-07-26 00:00:00
movie,235260,138,\N,\N,\N,OK,2017-07-26 00:00:00
movie,235271,105,\N,\N,\N,OK,2017-07-26 00:00:00
movie,235662,85,\N,\N,\N,OK,2017-07-26 00:00:00
movie,235704,113,\N,\N,\N,OK,2017-07-26 00:00:00
movie,235984,150,\N,\N,\N,OK,2017-07-26 00:00:00
movie,236317,100,\N,\N,\N,OK,2017-07-26 00:00:00
movie,236399,90,\N,\N,\N,OK,2017-07-26 00:00:00
movie,236417,90,\N,\N,\N,OK,2017-07-26 00:00:00
movie,236735,105,\N,\N,\N,OK,2017-07-26 00:00:00
movie,236737,98,\N,\N,\N,OK,2017-07-26 00:00:00
movie,236751,99,\N,\N,\N,OK,2017-07-26 00:00:00
movie,237584,93,\N,\N,\N,OK,2017-07-26 00:00:00
movie,237709,87,\N,\N,\N,OK,2017-07-26 00:00:00
movie,237710,86,\N,\N,\N,OK,2017-07-26 00:00:00
movie,237756,90,\N,\N,\N,OK,2017-07-26 00:00:00
movie,237791,100,\N,\N,\N,OK,2017-07-26 00:00:00
movie,238215,98,\N,\N,\N,OK,2017-07-26 00:00:00
movie,238302,83,\N,\N,\N,OK,2017-07-26 00:00:00
movie,238475,90,\N,\N,\N,OK,2017-07-26 00:00:00
movie,238589,85,\N,\N,\N,OK,2017-07-26 00:00:00
movie,238603,89,\N,\N,\N,OK,2017-07-26 00:00:00
movie,238615,116,\N,\N,\N,OK,2017-07-26 00:00:00
movie,238628,87,\N,\N,\N,OK,2017-07-26 00:00:00
movie,238636,104,\N,\N,\N,OK,2017-07-26 00:00:00
movie,238713,120,\N,\N,\N,OK,2017-07-26 00:00:00
movie,238749,90,\N,\N,\N,OK,2017-07-26 00:00:00
movie,238811,118,\N,\N,\N,OK,2017-07-26 00:00:00
movie,239056,97,\N,\N,\N,OK,2017-07-26 00:00:00
movie,239103,108,\N,\N,\N,OK,2017-07-26 00:00:00
movie,239367,102,\N,\N,\N,OK,2017-07-26 00:00:00
movie,239523,97,\N,\N,\N,OK,2017-07-26 00:00:00
movie,239562,111,\N,\N,\N,OK,2017-07-26 00:00:00
movie,239563,102,\N,\N,\N,OK,2017-07-26 00:00:00
movie,239566,139,\N,\N,\N,OK,2017-07-26 00:00:00
movie,239568,93,\N,\N,\N,OK,2017-07-26 00:00:00
movie,239571,117,\N,\N,\N,OK,2017-07-26 00:00:00
movie,239573,91,\N,\N,\N,OK,2017-07-26 00:00:00
movie,239678,103,\N,\N,\N,OK,2017-07-26 00:00:00
movie,239877,90,\N,\N,\N,OK,2017-07-26 00:00:00
movie,240341,59,\N,\N,\N,OK,2017-07-26 00:00:00
movie,240483,90,\N,\N,\N,OK,2017-07-26 00:00:00
movie,240510,123,\N,\N,\N,OK,2017-07-26 00:00:00
movie,240566,116,\N,\N,\N,OK,2017-07-26 00:00:00
movie,240629,98,\N,\N,\N,OK,2017-07-26 00:00:00
movie,240704,39,\N,\N,\N,OK,2017-07-26 00:00:00
movie,240745,97,\N,\N,\N,OK,2017-07-26 00:00:00
movie,240832,89,\N,\N,\N,OK,2017-07-26 00:00:00
movie,240881,86,\N,\N,\N,OK,2017-07-26 00:00:00
movie,240913,90,\N,\N,\N,OK,2017-07-26 00:00:00
movie,240916,91,\N,\N,\N,OK,2017-07-26 00:00:00
movie,241239,125,\N,\N,\N,OK,2017-07-26 00:00:00
movie,241251,91,\N,\N,\N,OK,2017-07-26 00:00:00
movie,241254,93,\N,\N,\N,OK,2017-07-26 00:00:00
movie,241257,106,\N,\N,\N,OK,2017-07-26 00:00:00
movie,241258,91,\N,\N,\N,OK,2017-07-26 00:00:00
movie,241259,113,\N,\N,\N,OK,2017-07-26 00:00:00
movie,241554,114,\N,\N,\N,OK,2017-07-26 00:00:00
movie,241620,60,\N,\N,\N,OK,2017-07-26 00:00:00
movie,241765,94,\N,\N,\N,OK,2017-07-26 00:00:00
movie,241771,116,\N,\N,\N,OK,2017-07-26 00:00:00
movie,241842,100,\N,\N,\N,OK,2017-07-26 00:00:00
movie,241843,88,\N,\N,\N,OK,2017-07-26 00:00:00
movie,241848,99,\N,\N,\N,OK,2017-07-26 00:00:00
movie,241855,109,\N,\N,\N,OK,2017-07-26 00:00:00
movie,241863,117,\N,\N,\N,OK,2017-07-26 00:00:00
movie,241868,133,\N,\N,\N,OK,2017-07-26 00:00:00
movie,241927,80,\N,\N,\N,OK,2017-07-26 00:00:00
movie,242022,96,\N,\N,\N,OK,2017-07-26 00:00:00
movie,242033,86,\N,\N,\N,OK,2017-07-26 00:00:00
movie,242042,90,\N,\N,\N,OK,2017-07-26 00:00:00
movie,242076,108,\N,\N,\N,OK,2017-07-26 00:00:00
movie,242083,96,\N,\N,\N,OK,2017-07-26 00:00:00
movie,242088,108,\N,\N,\N,OK,2017-07-26 00:00:00
movie,242090,91,\N,\N,\N,OK,2017-07-26 00:00:00
movie,242095,95,\N,\N,\N,OK,2017-07-26 00:00:00
movie,242224,93,\N,\N,\N,OK,2017-07-26 00:00:00
movie,242262,89,\N,\N,\N,OK,2017-07-26 00:00:00
movie,242310,98,\N,\N,\N,OK,2017-07-26 00:00:00
movie,242409,90,\N,\N,\N,OK,2017-07-26 00:00:00
movie,242452,127,\N,\N,\N,OK,2017-07-26 00:00:00
movie,242454,137,\N,\N,\N,OK,2017-07-26 00:00:00
movie,242458,131,\N,\N,\N,OK,2017-07-26 00:00:00
movie,242512,89,\N,\N,\N,OK,2017-07-26 00:00:00
movie,242546,90,\N,\N,\N,OK,2017-07-26 00:00:00
movie,242575,119,\N,\N,\N,OK,2017-07-26 00:00:00
movie,242582,117,\N,\N,\N,OK,2017-07-26 00:00:00
movie,242643,75,\N,\N,\N,OK,2017-07-26 00:00:00
movie,242828,103,\N,\N,\N,OK,2017-07-26 00:00:00
movie,243352,95,\N,\N,\N,OK,2017-07-26 00:00:00
movie,243442,95,\N,\N,\N,OK,2017-07-26 00:00:00
movie,243526,93,\N,\N,\N,OK,2017-07-26 00:00:00
movie,243531,88,\N,\N,\N,OK,2017-07-26 00:00:00
movie,243568,91,\N,\N,\N,OK,2017-07-26 00:00:00
movie,243683,112,\N,\N,\N,OK,2017-07-26 00:00:00
movie,243684,116,\N,\N,\N,OK,2017-07-26 00:00:00
movie,243688,93,\N,\N,\N,OK,2017-07-26 00:00:00
movie,243935,104,\N,\N,\N,OK,2017-07-26 00:00:00
movie,243938,93,\N,\N,\N,OK,2017-07-26 00:00:00
movie,243940,83,\N,\N,\N,OK,2017-07-26 00:00:00
movie,244049,160,\N,\N,\N,OK,2017-07-26 00:00:00
movie,244063,78,\N,\N,\N,OK,2017-07-26 00:00:00
movie,244088,111,\N,\N,\N,OK,2017-07-26 00:00:00
movie,244114,110,\N,\N,\N,OK,2017-07-26 00:00:00
movie,244260,105,\N,\N,\N,OK,2017-07-26 00:00:00
movie,244264,100,\N,\N,\N,OK,2017-07-26 00:00:00
movie,244267,106,\N,\N,\N,OK,2017-07-26 00:00:00
movie,244268,98,\N,\N,\N,OK,2017-07-26 00:00:00
movie,244316,94,\N,\N,\N,OK,2017-07-26 00:00:00
movie,244403,105,\N,\N,\N,OK,2017-07-26 00:00:00
movie,244458,101,\N,\N,\N,OK,2017-07-26 00:00:00
movie,244506,117,\N,\N,\N,OK,2017-07-26 00:00:00
movie,244509,109,\N,\N,\N,OK,2017-07-26 00:00:00
movie,244517,88,\N,\N,\N,OK,2017-07-26 00:00:00
movie,244534,82,\N,\N,\N,OK,2017-07-26 00:00:00
movie,244539,87,\N,\N,\N,OK,2017-07-26 00:00:00
movie,244562,100,\N,\N,\N,OK,2017-07-26 00:00:00
movie,244563,105,\N,\N,\N,OK,2017-07-26 00:00:00
movie,244566,90,\N,\N,\N,OK,2017-07-26 00:00:00
movie,244580,119,\N,\N,\N,OK,2017-07-26 00:00:00
movie,244610,81,\N,\N,\N,OK,2017-07-26 00:00:00
movie,244688,86,\N,\N,\N,OK,2017-07-26 00:00:00
movie,244761,112,\N,\N,\N,OK,2017-07-26 00:00:00
movie,244772,90,\N,\N,\N,OK,2017-07-26 00:00:00
movie,244783,86,\N,\N,\N,OK,2017-07-26 00:00:00
movie,244786,105,\N,\N,\N,OK,2017-07-26 00:00:00
movie,244852,76,\N,\N,\N,OK,2017-07-26 00:00:00
movie,245168,106,\N,\N,\N,OK,2017-07-26 00:00:00
movie,245473,90,\N,\N,\N,OK,2017-07-26 00:00:00
movie,245527,110,\N,\N,\N,OK,2017-07-26 00:00:00
movie,245627,98,\N,\N,\N,OK,2017-07-26 00:00:00
movie,245692,149,\N,\N,\N,OK,2017-07-26 00:00:00
movie,245698,115,\N,\N,\N,OK,2017-07-26 00:00:00
movie,245700,150,\N,\N,\N,OK,2017-07-26 00:00:00
movie,245703,112,\N,\N,\N,OK,2017-07-26 00:00:00
movie,245706,100,\N,\N,\N,OK,2017-07-26 00:00:00
movie,245775,106,\N,\N,\N,OK,2017-07-26 00:00:00
movie,245844,96,\N,\N,\N,OK,2017-07-26 00:00:00
movie,245846,111,\N,\N,\N,OK,2017-07-26 00:00:00
movie,245859,111,\N,\N,\N,OK,2017-07-26 00:00:00
movie,245891,101,\N,\N,\N,OK,2017-07-26 00:00:00
movie,245906,93,\N,\N,\N,OK,2017-07-26 00:00:00
movie,245913,107,\N,\N,\N,OK,2017-07-26 00:00:00
movie,245916,112,\N,\N,\N,OK,2017-07-26 00:00:00
movie,245917,110,\N,\N,\N,OK,2017-07-26 00:00:00
movie,246080,115,\N,\N,\N,OK,2017-07-26 00:00:00
movie,246127,118,\N,\N,\N,OK,2017-07-26 00:00:00
movie,246355,9,\N,\N,\N,OK,2017-07-26 00:00:00
movie,246400,97,\N,\N,\N,OK,2017-07-26 00:00:00
movie,246403,102,\N,\N,\N,OK,2017-07-26 00:00:00
movie,246594,90,\N,\N,\N,OK,2017-07-26 00:00:00
movie,246655,144,\N,\N,\N,OK,2017-07-26 00:00:00
movie,246741,86,\N,\N,\N,OK,2017-07-26 00:00:00
movie,246860,124,\N,\N,\N,OK,2017-07-26 00:00:00
movie,247182,136,\N,\N,\N,OK,2017-07-26 00:00:00
movie,247645,146,\N,\N,\N,OK,2017-07-26 00:00:00
movie,248087,144,\N,\N,\N,OK,2017-07-26 00:00:00
movie,248212,91,\N,\N,\N,OK,2017-07-26 00:00:00
movie,248223,95,\N,\N,\N,OK,2017-07-26 00:00:00
movie,248376,95,\N,\N,\N,OK,2017-07-26 00:00:00
movie,248390,90,\N,\N,\N,OK,2017-07-26 00:00:00
movie,248424,112,\N,\N,\N,OK,2017-07-26 00:00:00
movie,248504,86,\N,\N,\N,OK,2017-07-26 00:00:00
movie,248507,107,\N,\N,\N,OK,2017-07-26 00:00:00
movie,248561,83,\N,\N,\N,OK,2017-07-26 00:00:00
movie,248574,96,\N,\N,\N,OK,2017-07-26 00:00:00
movie,248611,90,\N,\N,\N,OK,2017-07-26 00:00:00
movie,248688,103,\N,\N,\N,OK,2017-07-26 00:00:00
movie,248705,110,\N,\N,\N,OK,2017-07-26 00:00:00
movie,248774,83,\N,\N,\N,OK,2017-07-26 00:00:00
movie,248933,115,\N,\N,\N,OK,2017-07-26 00:00:00
movie,248934,180,\N,\N,\N,OK,2017-07-26 00:00:00
movie,249070,96,\N,\N,\N,OK,2017-07-26 00:00:00
movie,249164,106,\N,\N,\N,OK,2017-07-26 00:00:00
movie,249397,123,\N,\N,\N,OK,2017-07-26 00:00:00
movie,249660,113,\N,\N,\N,OK,2017-07-26 00:00:00
movie,249688,106,\N,\N,\N,OK,2017-07-26 00:00:00
movie,249772,150,\N,\N,\N,OK,2017-07-26 00:00:00
movie,249916,90,\N,\N,\N,OK,2017-07-26 00:00:00
movie,249923,86,\N,\N,\N,OK,2017-07-26 00:00:00
movie,250066,94,\N,\N,\N,OK,2017-07-26 00:00:00
movie,250114,78,\N,\N,\N,OK,2017-07-26 00:00:00
movie,250124,98,\N,\N,\N,OK,2017-07-26 00:00:00
movie,250219,100,\N,\N,\N,OK,2017-07-26 00:00:00
movie,250225,101,\N,\N,\N,OK,2017-07-26 00:00:00
movie,250230,138,\N,\N,\N,OK,2017-07-26 00:00:00
movie,250349,98,\N,\N,\N,OK,2017-07-26 00:00:00
movie,250388,93,\N,\N,\N,OK,2017-07-26 00:00:00
movie,250535,102,\N,\N,\N,OK,2017-07-26 00:00:00
movie,250538,110,\N,\N,\N,OK,2017-07-26 00:00:00
movie,250546,99,\N,\N,\N,OK,2017-07-26 00:00:00
movie,250551,152,\N,\N,\N,OK,2017-07-26 00:00:00
movie,250556,69,\N,\N,\N,OK,2017-07-26 00:00:00
movie,250574,82,\N,\N,\N,OK,2017-07-26 00:00:00
movie,250657,92,\N,\N,\N,OK,2017-07-26 00:00:00
movie,250658,105,\N,\N,\N,OK,2017-07-26 00:00:00
movie,250700,80,\N,\N,\N,OK,2017-07-26 00:00:00
movie,250734,119,\N,\N,\N,OK,2017-07-26 00:00:00
movie,250766,120,\N,\N,\N,OK,2017-07-26 00:00:00
movie,250798,99,\N,\N,\N,OK,2017-07-26 00:00:00
movie,251016,59,\N,\N,\N,OK,2017-07-26 00:00:00
movie,251232,98,\N,\N,\N,OK,2017-07-26 00:00:00
movie,251321,112,\N,\N,\N,OK,2017-07-26 00:00:00
movie,251471,93,\N,\N,\N,OK,2017-07-26 00:00:00
movie,251516,31,\N,\N,\N,OK,2017-07-26 00:00:00
movie,251519,74,\N,\N,\N,OK,2017-07-26 00:00:00
movie,251577,131,\N,\N,\N,OK,2017-07-26 00:00:00
movie,251626,141,\N,\N,\N,OK,2017-07-26 00:00:00
movie,251736,108,\N,\N,\N,OK,2017-07-26 00:00:00
movie,251768,52,\N,\N,\N,OK,2017-07-26 00:00:00
movie,251783,102,\N,\N,\N,OK,2017-07-26 00:00:00
movie,251852,88,\N,\N,\N,OK,2017-07-26 00:00:00
movie,251981,118,\N,\N,\N,OK,2017-07-26 00:00:00
movie,251994,95,\N,\N,\N,OK,2017-07-26 00:00:00
movie,252067,121,\N,\N,\N,OK,2017-07-26 00:00:00
movie,252164,91,\N,\N,\N,OK,2017-07-26 00:00:00
movie,252171,99,\N,\N,\N,OK,2017-07-26 00:00:00
movie,252178,99,\N,\N,\N,OK,2017-07-26 00:00:00
movie,252360,85,\N,\N,\N,OK,2017-07-26 00:00:00
movie,252391,108,\N,\N,\N,OK,2017-07-26 00:00:00
movie,252511,118,\N,\N,\N,OK,2017-07-26 00:00:00
movie,252512,97,\N,\N,\N,OK,2017-07-26 00:00:00
movie,252520,68,\N,\N,\N,OK,2017-07-26 00:00:00
movie,252529,86,\N,\N,\N,OK,2017-07-26 00:00:00
movie,252674,90,\N,\N,\N,OK,2017-07-26 00:00:00
movie,252680,98,\N,\N,\N,OK,2017-07-26 00:00:00
movie,252822,115,\N,\N,\N,OK,2017-07-26 00:00:00
movie,252838,101,\N,\N,\N,OK,2017-07-26 00:00:00
movie,252841,133,\N,\N,\N,OK,2017-07-26 00:00:00
movie,252990,94,\N,\N,\N,OK,2017-07-26 00:00:00
movie,253065,124,\N,\N,\N,OK,2017-07-26 00:00:00
movie,253154,87,\N,\N,\N,OK,2017-07-26 00:00:00
movie,253161,118,\N,\N,\N,OK,2017-07-26 00:00:00
movie,253235,94,\N,\N,\N,OK,2017-07-26 00:00:00
movie,253239,84,\N,\N,\N,OK,2017-07-26 00:00:00
movie,253251,99,\N,\N,\N,OK,2017-07-26 00:00:00
movie,253254,100,\N,\N,\N,OK,2017-07-26 00:00:00
movie,253255,95,\N,\N,\N,OK,2017-07-26 00:00:00
movie,253272,103,\N,\N,\N,OK,2017-07-26 00:00:00
movie,253279,89,\N,\N,\N,OK,2017-07-26 00:00:00
movie,253287,89,\N,\N,\N,OK,2017-07-26 00:00:00
movie,253292,95,\N,\N,\N,OK,2017-07-26 00:00:00
movie,253303,97,\N,\N,\N,OK,2017-07-26 00:00:00
movie,253306,109,\N,\N,\N,OK,2017-07-26 00:00:00
movie,253310,93,\N,\N,\N,OK,2017-07-26 00:00:00
movie,253312,94,\N,\N,\N,OK,2017-07-26 00:00:00
movie,253331,121,\N,\N,\N,OK,2017-07-26 00:00:00
movie,253344,99,\N,\N,\N,OK,2017-07-26 00:00:00
movie,253376,80,\N,\N,\N,OK,2017-07-26 00:00:00
movie,253406,113,\N,\N,\N,OK,2017-07-26 00:00:00
movie,253412,121,\N,\N,\N,OK,2017-07-26 00:00:00
movie,253414,100,\N,\N,\N,OK,2017-07-26 00:00:00
movie,253450,105,\N,\N,\N,OK,2017-07-26 00:00:00
movie,253451,129,\N,\N,\N,OK,2017-07-26 00:00:00
movie,253454,126,\N,\N,\N,OK,2017-07-26 00:00:00
movie,253533,163,\N,\N,\N,OK,2017-07-26 00:00:00
movie,253622,112,\N,\N,\N,OK,2017-07-26 00:00:00
movie,253626,104,\N,\N,\N,OK,2017-07-26 00:00:00
movie,253639,100,\N,\N,\N,OK,2017-07-26 00:00:00
movie,253687,90,\N,\N,\N,OK,2017-07-26 00:00:00
movie,253849,93,\N,\N,\N,OK,2017-07-26 00:00:00
movie,253980,14,\N,\N,\N,OK,2017-07-26 00:00:00
movie,254005,105,\N,\N,\N,OK,2017-07-26 00:00:00
movie,254007,80,\N,\N,\N,OK,2017-07-26 00:00:00
movie,254023,112,\N,\N,\N,OK,2017-07-26 00:00:00
movie,254024,100,\N,\N,\N,OK,2017-07-26 00:00:00
movie,254065,90,\N,\N,\N,OK,2017-07-26 00:00:00
movie,254128,114,\N,\N,\N,OK,2017-07-26 00:00:00
movie,254172,116,\N,\N,\N,OK,2017-07-26 00:00:00
movie,254188,91,\N,\N,\N,OK,2017-07-26 00:00:00
movie,254191,87,\N,\N,\N,OK,2017-07-26 00:00:00
movie,254193,95,\N,\N,\N,OK,2017-07-26 00:00:00
movie,254194,98,\N,\N,\N,OK,2017-07-26 00:00:00
movie,254200,103,\N,\N,\N,OK,2017-07-26 00:00:00
movie,254201,119,\N,\N,\N,OK,2017-07-26 00:00:00
movie,254302,119,\N,\N,\N,OK,2017-07-26 00:00:00
movie,254320,118,\N,\N,\N,OK,2017-07-26 00:00:00
movie,254323,103,\N,\N,\N,OK,2017-07-26 00:00:00
movie,254375,114,\N,\N,\N,OK,2017-07-26 00:00:00
movie,254470,115,\N,\N,\N,OK,2017-07-26 00:00:00
movie,254472,87,\N,\N,\N,OK,2017-07-26 00:00:00
movie,254473,90,\N,\N,\N,OK,2017-07-26 00:00:00
movie,254474,85,\N,\N,\N,OK,2017-07-26 00:00:00
movie,254526,124,\N,\N,\N,OK,2017-07-26 00:00:00
movie,254578,98,\N,\N,\N,OK,2017-07-26 00:00:00
movie,254672,115,\N,\N,\N,OK,2017-07-26 00:00:00
movie,254736,125,\N,\N,\N,OK,2017-07-26 00:00:00
movie,254869,105,\N,\N,\N,OK,2017-07-26 00:00:00
movie,254904,108,\N,\N,\N,OK,2017-07-26 00:00:00
movie,254905,97,\N,\N,\N,OK,2017-07-26 00:00:00
movie,254936,85,\N,\N,\N,OK,2017-07-26 00:00:00
movie,254952,97,\N,\N,\N,OK,2017-07-26 00:00:00
movie,255157,95,\N,\N,\N,OK,2017-07-26 00:00:00
movie,255160,125,\N,\N,\N,OK,2017-07-26 00:00:00
movie,255268,91,\N,\N,\N,OK,2017-07-26 00:00:00
movie,255343,120,\N,\N,\N,OK,2017-07-26 00:00:00
movie,255384,3,\N,\N,\N,OK,2017-07-26 00:00:00
movie,255476,91,\N,\N,\N,OK,2017-07-26 00:00:00
movie,255692,95,\N,\N,\N,OK,2017-07-26 00:00:00
movie,255709,123,\N,\N,\N,OK,2017-07-26 00:00:00
movie,255718,73,\N,\N,\N,OK,2017-07-26 00:00:00
movie,255756,106,\N,\N,\N,OK,2017-07-26 00:00:00
movie,255798,89,\N,\N,\N,OK,2017-07-26 00:00:00
movie,256030,99,\N,\N,\N,OK,2017-07-26 00:00:00
movie,256040,159,\N,\N,\N,OK,2017-07-26 00:00:00
movie,256057,106,\N,\N,\N,OK,2017-07-26 00:00:00
movie,256092,96,\N,\N,\N,OK,2017-07-26 00:00:00
movie,256103,134,\N,\N,\N,OK,2017-07-26 00:00:00
movie,256106,114,\N,\N,\N,OK,2017-07-26 00:00:00
movie,256274,93,\N,\N,\N,OK,2017-07-26 00:00:00
movie,256311,95,\N,\N,\N,OK,2017-07-26 00:00:00
movie,256347,74,\N,\N,\N,OK,2017-07-26 00:00:00
movie,256474,108,\N,\N,\N,OK,2017-07-26 00:00:00
movie,256561,75,\N,\N,\N,OK,2017-07-26 00:00:00
movie,256569,99,\N,\N,\N,OK,2017-07-26 00:00:00
movie,256591,105,\N,\N,\N,OK,2017-07-26 00:00:00
movie,256608,105,\N,\N,\N,OK,2017-07-26 00:00:00
movie,256687,96,\N,\N,\N,OK,2017-07-26 00:00:00
movie,256731,95,\N,\N,\N,OK,2017-07-26 00:00:00
movie,256740,92,\N,\N,\N,OK,2017-07-26 00:00:00
movie,256835,22,\N,\N,\N,OK,2017-07-26 00:00:00
movie,256876,76,\N,\N,\N,OK,2017-07-26 00:00:00
movie,256913,81,\N,\N,\N,OK,2017-07-26 00:00:00
movie,256917,112,\N,\N,\N,OK,2017-07-26 00:00:00
movie,256924,107,\N,\N,\N,OK,2017-07-26 00:00:00
movie,256961,94,\N,\N,\N,OK,2017-07-26 00:00:00
movie,256962,106,\N,\N,\N,OK,2017-07-26 00:00:00
movie,257087,93,\N,\N,\N,OK,2017-07-26 00:00:00
movie,257088,114,\N,\N,\N,OK,2017-07-26 00:00:00
movie,257091,100,\N,\N,\N,OK,2017-07-26 00:00:00
movie,257093,102,\N,\N,\N,OK,2017-07-26 00:00:00
movie,257117,104,\N,\N,\N,OK,2017-07-26 00:00:00
movie,257211,121,\N,\N,\N,OK,2017-07-26 00:00:00
movie,257343,117,\N,\N,\N,OK,2017-07-26 00:00:00
movie,257344,105,\N,\N,\N,OK,2017-07-26 00:00:00
movie,257345,92,\N,\N,\N,OK,2017-07-26 00:00:00
movie,257346,83,\N,\N,\N,OK,2017-07-26 00:00:00
movie,257440,93,\N,\N,\N,OK,2017-07-26 00:00:00
movie,257444,110,\N,\N,\N,OK,2017-07-26 00:00:00
movie,257445,103,\N,\N,\N,OK,2017-07-26 00:00:00
movie,257447,105,\N,\N,\N,OK,2017-07-26 00:00:00
movie,257648,104,\N,\N,\N,OK,2017-07-26 00:00:00
movie,257874,89,\N,\N,\N,OK,2017-07-26 00:00:00
movie,257932,88,\N,\N,\N,OK,2017-07-26 00:00:00
movie,258034,110,\N,\N,\N,OK,2017-07-26 00:00:00
movie,258096,45,\N,\N,\N,OK,2017-07-26 00:00:00
movie,258099,95,\N,\N,\N,OK,2017-07-26 00:00:00
movie,258193,85,\N,\N,\N,OK,2017-07-26 00:00:00
movie,258210,91,\N,\N,\N,OK,2017-07-26 00:00:00
movie,258230,108,\N,\N,\N,OK,2017-07-26 00:00:00
movie,258284,93,\N,\N,\N,OK,2017-07-26 00:00:00
movie,258363,99,\N,\N,\N,OK,2017-07-26 00:00:00
movie,258480,118,\N,\N,\N,OK,2017-07-26 00:00:00
movie,258489,109,\N,\N,\N,OK,2017-07-26 00:00:00
movie,258509,92,\N,\N,\N,OK,2017-07-26 00:00:00
movie,258514,80,\N,\N,\N,OK,2017-07-26 00:00:00
movie,258750,86,\N,\N,\N,OK,2017-07-26 00:00:00
movie,258751,98,\N,\N,\N,OK,2017-07-26 00:00:00
movie,258805,88,\N,\N,\N,OK,2017-07-26 00:00:00
movie,258893,84,\N,\N,\N,OK,2017-07-26 00:00:00
movie,259018,92,\N,\N,\N,OK,2017-07-26 00:00:00
movie,259072,91,\N,\N,\N,OK,2017-07-26 00:00:00
movie,259074,96,\N,\N,\N,OK,2017-07-26 00:00:00
movie,259129,113,\N,\N,\N,OK,2017-07-26 00:00:00
movie,259171,95,\N,\N,\N,OK,2017-07-26 00:00:00
movie,259233,91,\N,\N,\N,OK,2017-07-26 00:00:00
movie,259300,82,\N,\N,\N,OK,2017-07-26 00:00:00
movie,259316,133,\N,\N,\N,OK,2017-07-26 00:00:00
movie,259395,73,\N,\N,\N,OK,2017-07-26 00:00:00
movie,259453,84,\N,\N,\N,OK,2017-07-26 00:00:00
movie,259557,96,\N,\N,\N,OK,2017-07-26 00:00:00
movie,259611,103,\N,\N,\N,OK,2017-07-26 00:00:00
movie,259693,134,\N,\N,\N,OK,2017-07-26 00:00:00
movie,259694,110,\N,\N,\N,OK,2017-07-26 00:00:00
movie,259695,129,\N,\N,\N,OK,2017-07-26 00:00:00
movie,259720,149,\N,\N,\N,OK,2017-07-26 00:00:00
movie,259910,43,\N,\N,\N,OK,2017-07-26 00:00:00
movie,259943,111,\N,\N,\N,OK,2017-07-26 00:00:00
movie,259954,98,\N,\N,\N,OK,2017-07-26 00:00:00
movie,259956,96,\N,\N,\N,OK,2017-07-26 00:00:00
movie,259963,88,\N,\N,\N,OK,2017-07-26 00:00:00
movie,259985,75,\N,\N,\N,OK,2017-07-26 00:00:00
movie,260001,95,\N,\N,\N,OK,2017-07-26 00:00:00
movie,260030,90,\N,\N,\N,OK,2017-07-26 00:00:00
movie,260063,98,\N,\N,\N,OK,2017-07-26 00:00:00
movie,260202,95,\N,\N,\N,OK,2017-07-26 00:00:00
movie,260234,72,\N,\N,\N,OK,2017-07-26 00:00:00
movie,260339,93,\N,\N,\N,OK,2017-07-26 00:00:00
movie,260346,109,\N,\N,\N,OK,2017-07-26 00:00:00
movie,260372,126,\N,\N,\N,OK,2017-07-26 00:00:00
movie,260514,109,\N,\N,\N,OK,2017-07-26 00:00:00
movie,260535,93,\N,\N,\N,OK,2017-07-26 00:00:00
movie,261023,122,\N,\N,\N,OK,2017-07-26 00:00:00
movie,261037,88,\N,\N,\N,OK,2017-07-26 00:00:00
movie,261101,106,\N,\N,\N,OK,2017-07-26 00:00:00
movie,261102,105,\N,\N,\N,OK,2017-07-26 00:00:00
movie,261103,79,\N,\N,\N,OK,2017-07-26 00:00:00
movie,261375,96,\N,\N,\N,OK,2017-07-26 00:00:00
movie,261392,96,\N,\N,\N,OK,2017-07-26 00:00:00
movie,261414,57,\N,\N,\N,OK,2017-07-26 00:00:00
movie,261768,117,\N,\N,\N,OK,2017-07-26 00:00:00
movie,261817,88,\N,\N,\N,OK,2017-07-26 00:00:00
movie,261860,90,\N,\N,\N,OK,2017-07-26 00:00:00
movie,262137,131,\N,\N,\N,OK,2017-07-26 00:00:00
movie,262338,90,\N,\N,\N,OK,2017-07-26 00:00:00
movie,262391,94,\N,\N,\N,OK,2017-07-26 00:00:00
movie,262481,90,\N,\N,\N,OK,2017-07-26 00:00:00
movie,262500,119,\N,\N,\N,OK,2017-07-26 00:00:00
movie,262504,121,\N,\N,\N,OK,2017-07-26 00:00:00
movie,262543,110,\N,\N,\N,OK,2017-07-26 00:00:00
movie,262551,85,\N,\N,\N,OK,2017-07-26 00:00:00
movie,262788,112,\N,\N,\N,OK,2017-07-26 00:00:00
movie,262840,79,\N,\N,\N,OK,2017-07-26 00:00:00
movie,262841,105,\N,\N,\N,OK,2017-07-26 00:00:00
movie,262848,87,\N,\N,\N,OK,2017-07-26 00:00:00
movie,262958,106,\N,\N,\N,OK,2017-07-26 00:00:00
movie,262982,97,\N,\N,\N,OK,2017-07-26 00:00:00
movie,263029,61,\N,\N,\N,OK,2017-07-26 00:00:00
movie,263105,95,\N,\N,\N,OK,2017-07-26 00:00:00
movie,263109,85,\N,\N,\N,OK,2017-07-26 00:00:00
movie,263115,137,\N,\N,\N,OK,2017-07-26 00:00:00
movie,263281,105,\N,\N,\N,OK,2017-07-26 00:00:00
movie,263341,103,\N,\N,\N,OK,2017-07-26 00:00:00
movie,263416,90,\N,\N,\N,OK,2017-07-26 00:00:00
movie,263471,170,\N,\N,\N,OK,2017-07-26 00:00:00
movie,263472,99,\N,\N,\N,OK,2017-07-26 00:00:00
movie,263614,90,\N,\N,\N,OK,2017-07-26 00:00:00
movie,263855,116,\N,\N,\N,OK,2017-07-26 00:00:00
movie,263947,195,\N,\N,\N,OK,2017-07-26 00:00:00
movie,264170,3,\N,\N,\N,OK,2017-07-26 00:00:00
movie,264264,129,\N,\N,\N,OK,2017-07-26 00:00:00
movie,264337,83,\N,\N,\N,OK,2017-07-26 00:00:00
movie,264397,102,\N,\N,\N,OK,2017-07-26 00:00:00
movie,264401,120,\N,\N,\N,OK,2017-07-26 00:00:00
movie,264418,100,\N,\N,\N,OK,2017-07-26 00:00:00
movie,264525,143,\N,\N,\N,OK,2017-07-26 00:00:00
movie,264644,117,\N,\N,\N,OK,2017-07-26 00:00:00
movie,264656,122,\N,\N,\N,OK,2017-07-26 00:00:00
movie,264660,108,\N,\N,\N,OK,2017-07-26 00:00:00
movie,264729,104,\N,\N,\N,OK,2017-07-26 00:00:00
movie,264999,115,\N,\N,\N,OK,2017-07-26 00:00:00
movie,265010,92,\N,\N,\N,OK,2017-07-26 00:00:00
movie,265016,101,\N,\N,\N,OK,2017-07-26 00:00:00
movie,265018,86,\N,\N,\N,OK,2017-07-26 00:00:00
movie,265019,90,\N,\N,\N,OK,2017-07-26 00:00:00
movie,265169,196,\N,\N,\N,OK,2017-07-26 00:00:00
movie,265177,138,\N,\N,\N,OK,2017-07-26 00:00:00
movie,265180,140,\N,\N,\N,OK,2017-07-26 00:00:00
movie,265189,118,\N,\N,\N,OK,2017-07-26 00:00:00
movie,265193,121,\N,\N,\N,OK,2017-07-26 00:00:00
movie,265195,125,\N,\N,\N,OK,2017-07-26 00:00:00
movie,265208,92,\N,\N,\N,OK,2017-07-26 00:00:00
movie,265226,110,\N,\N,\N,OK,2017-07-26 00:00:00
movie,265228,95,\N,\N,\N,OK,2017-07-26 00:00:00
movie,265297,109,\N,\N,\N,OK,2017-07-26 00:00:00
movie,265314,100,\N,\N,\N,OK,2017-07-26 00:00:00
movie,265712,90,\N,\N,\N,OK,2017-07-26 00:00:00
movie,265851,116,\N,\N,\N,OK,2017-07-26 00:00:00
movie,266034,75,\N,\N,\N,OK,2017-07-26 00:00:00
movie,266058,119,\N,\N,\N,OK,2017-07-26 00:00:00
movie,266082,112,\N,\N,\N,OK,2017-07-26 00:00:00
movie,266102,98,\N,\N,\N,OK,2017-07-26 00:00:00
movie,266285,100,\N,\N,\N,OK,2017-07-26 00:00:00
movie,266294,118,\N,\N,\N,OK,2017-07-26 00:00:00
movie,266353,94,\N,\N,\N,OK,2017-07-26 00:00:00
movie,266396,115,\N,\N,\N,OK,2017-07-26 00:00:00
movie,266639,119,\N,\N,\N,OK,2017-07-26 00:00:00
movie,266647,111,\N,\N,\N,OK,2017-07-26 00:00:00
movie,266856,123,\N,\N,\N,OK,2017-07-26 00:00:00
movie,267192,104,\N,\N,\N,OK,2017-07-26 00:00:00
movie,267193,83,\N,\N,\N,OK,2017-07-26 00:00:00
movie,267268,100,\N,\N,\N,OK,2017-07-26 00:00:00
movie,267457,95,\N,\N,\N,OK,2017-07-26 00:00:00
movie,267463,90,\N,\N,\N,OK,2017-07-26 00:00:00
movie,267466,117,\N,\N,\N,OK,2017-07-26 00:00:00
movie,267467,98,\N,\N,\N,OK,2017-07-26 00:00:00
movie,267480,103,\N,\N,\N,OK,2017-07-26 00:00:00
movie,267481,106,\N,\N,\N,OK,2017-07-26 00:00:00
movie,267573,125,\N,\N,\N,OK,2017-07-26 00:00:00
movie,267793,85,\N,\N,\N,OK,2017-07-26 00:00:00
movie,267800,103,\N,\N,\N,OK,2017-07-26 00:00:00
movie,267806,81,\N,\N,\N,OK,2017-07-26 00:00:00
movie,267852,99,\N,\N,\N,OK,2017-07-26 00:00:00
movie,267860,99,\N,\N,\N,OK,2017-07-26 00:00:00
movie,267863,97,\N,\N,\N,OK,2017-07-26 00:00:00
movie,267931,98,\N,\N,\N,OK,2017-07-26 00:00:00
movie,267935,120,\N,\N,\N,OK,2017-07-26 00:00:00
movie,267970,90,\N,\N,\N,OK,2017-07-26 00:00:00
movie,267999,121,\N,\N,\N,OK,2017-07-26 00:00:00
movie,268060,91,\N,\N,\N,OK,2017-07-26 00:00:00
movie,268092,66,\N,\N,\N,OK,2017-07-26 00:00:00
movie,268100,117,\N,\N,\N,OK,2017-07-26 00:00:00
movie,268105,89,\N,\N,\N,OK,2017-07-26 00:00:00
movie,268159,75,\N,\N,\N,OK,2017-07-26 00:00:00
movie,268171,104,\N,\N,\N,OK,2017-07-26 00:00:00
movie,268238,122,\N,\N,\N,OK,2017-07-26 00:00:00
movie,268245,99,\N,\N,\N,OK,2017-07-26 00:00:00
movie,268508,80,\N,\N,\N,OK,2017-07-26 00:00:00
movie,268523,93,\N,\N,\N,OK,2017-07-26 00:00:00
movie,268531,89,\N,\N,\N,OK,2017-07-26 00:00:00
movie,268660,172,\N,\N,\N,OK,2017-07-26 00:00:00
movie,268725,85,\N,\N,\N,OK,2017-07-26 00:00:00
movie,268788,90,\N,\N,\N,OK,2017-07-26 00:00:00
movie,268854,95,\N,\N,\N,OK,2017-07-26 00:00:00
movie,268920,87,\N,\N,\N,OK,2017-07-26 00:00:00
movie,269148,118,\N,\N,\N,OK,2017-07-26 00:00:00
movie,269149,108,\N,\N,\N,OK,2017-07-26 00:00:00
movie,269173,97,\N,\N,\N,OK,2017-07-26 00:00:00
movie,269198,98,\N,\N,\N,OK,2017-07-26 00:00:00
movie,269242,88,\N,\N,\N,OK,2017-07-26 00:00:00
movie,269246,1,\N,\N,\N,OK,2017-07-26 00:00:00
movie,269258,139,\N,\N,\N,OK,2017-07-26 00:00:00
movie,269340,135,\N,\N,\N,OK,2017-07-26 00:00:00
movie,269494,111,\N,\N,\N,OK,2017-07-26 00:00:00
movie,269495,97,\N,\N,\N,OK,2017-07-26 00:00:00
movie,269711,5,\N,\N,\N,OK,2017-07-26 00:00:00
movie,269776,93,\N,\N,\N,OK,2017-07-26 00:00:00
movie,269795,99,\N,\N,\N,OK,2017-07-26 00:00:00
movie,269963,143,\N,\N,\N,OK,2017-07-26 00:00:00
movie,270005,105,\N,\N,\N,OK,2017-07-26 00:00:00
movie,270007,107,\N,\N,\N,OK,2017-07-26 00:00:00
movie,270010,97,\N,\N,\N,OK,2017-07-26 00:00:00
movie,270302,107,\N,\N,\N,OK,2017-07-26 00:00:00
movie,270303,100,\N,\N,\N,OK,2017-07-26 00:00:00
movie,270343,98,\N,\N,\N,OK,2017-07-26 00:00:00
movie,270400,91,\N,\N,\N,OK,2017-07-26 00:00:00
movie,270403,115,\N,\N,\N,OK,2017-07-26 00:00:00
movie,270487,106,\N,\N,\N,OK,2017-07-26 00:00:00
movie,270668,84,\N,\N,\N,OK,2017-07-26 00:00:00
movie,270759,122,\N,\N,\N,OK,2017-07-26 00:00:00
movie,270766,170,\N,\N,\N,OK,2017-07-26 00:00:00
movie,270771,95,\N,\N,\N,OK,2017-07-26 00:00:00
movie,270774,107,\N,\N,\N,OK,2017-07-26 00:00:00
movie,270851,90,\N,\N,\N,OK,2017-07-26 00:00:00
movie,270919,104,\N,\N,\N,OK,2017-07-26 00:00:00
movie,270938,103,\N,\N,\N,OK,2017-07-26 00:00:00
movie,270946,92,\N,\N,\N,OK,2017-07-26 00:00:00
movie,271110,147,\N,\N,\N,OK,2017-07-26 00:00:00
movie,271185,100,\N,\N,\N,OK,2017-07-26 00:00:00
movie,271200,146,\N,\N,\N,OK,2017-07-26 00:00:00
movie,271234,90,\N,\N,\N,OK,2017-07-26 00:00:00
movie,271397,130,\N,\N,\N,OK,2017-07-26 00:00:00
movie,271467,85,\N,\N,\N,OK,2017-07-26 00:00:00
movie,271674,107,\N,\N,\N,OK,2017-07-26 00:00:00
movie,271706,100,\N,\N,\N,OK,2017-07-26 00:00:00
movie,271714,120,\N,\N,\N,OK,2017-07-26 00:00:00
movie,271718,125,\N,\N,\N,OK,2017-07-26 00:00:00
movie,271724,101,\N,\N,\N,OK,2017-07-26 00:00:00
movie,271736,103,\N,\N,\N,OK,2017-07-26 00:00:00
movie,271826,102,\N,\N,\N,OK,2017-07-26 00:00:00
movie,271954,113,\N,\N,\N,OK,2017-07-26 00:00:00
movie,271969,125,\N,\N,\N,OK,2017-07-26 00:00:00
movie,272435,99,\N,\N,\N,OK,2017-07-26 00:00:00
movie,272548,107,\N,\N,\N,OK,2017-07-26 00:00:00
movie,272691,111,\N,\N,\N,OK,2017-07-26 00:00:00
movie,272692,83,\N,\N,\N,OK,2017-07-26 00:00:00
movie,272693,100,\N,\N,\N,OK,2017-07-26 00:00:00
movie,272875,100,\N,\N,\N,OK,2017-07-26 00:00:00
movie,272878,111,\N,\N,\N,OK,2017-07-26 00:00:00
movie,273059,84,\N,\N,\N,OK,2017-07-26 00:00:00
movie,273153,105,\N,\N,\N,OK,2017-07-26 00:00:00
movie,273169,116,\N,\N,\N,OK,2017-07-26 00:00:00
movie,273197,104,\N,\N,\N,OK,2017-07-26 00:00:00
movie,273248,167,\N,\N,\N,OK,2017-07-26 00:00:00
movie,273271,104,\N,\N,\N,OK,2017-07-26 00:00:00
movie,273279,98,\N,\N,\N,OK,2017-07-26 00:00:00
movie,273404,93,\N,\N,\N,OK,2017-07-26 00:00:00
movie,273477,93,\N,\N,\N,OK,2017-07-26 00:00:00
movie,273481,121,\N,\N,\N,OK,2017-07-26 00:00:00
movie,273509,84,\N,\N,\N,OK,2017-07-26 00:00:00
movie,273598,112,\N,\N,\N,OK,2017-07-26 00:00:00
movie,273621,97,\N,\N,\N,OK,2017-07-26 00:00:00
movie,273641,76,\N,\N,\N,OK,2017-07-26 00:00:00
movie,273895,127,\N,\N,\N,OK,2017-07-26 00:00:00
movie,273899,129,\N,\N,\N,OK,2017-07-26 00:00:00
movie,274007,82,\N,\N,\N,OK,2017-07-26 00:00:00
movie,274109,163,\N,\N,\N,OK,2017-07-26 00:00:00
movie,274167,96,\N,\N,\N,OK,2017-07-26 00:00:00
movie,274479,124,\N,\N,\N,OK,2017-07-26 00:00:00
movie,274504,105,\N,\N,\N,OK,2017-07-26 00:00:00
movie,274626,86,\N,\N,\N,OK,2017-07-26 00:00:00
movie,274817,116,\N,\N,\N,OK,2017-07-26 00:00:00
movie,274820,96,\N,\N,\N,OK,2017-07-26 00:00:00
movie,274854,106,\N,\N,\N,OK,2017-07-26 00:00:00
movie,274857,126,\N,\N,\N,OK,2017-07-26 00:00:00
movie,274870,116,\N,\N,\N,OK,2017-07-26 00:00:00
movie,274899,85,\N,\N,\N,OK,2017-07-26 00:00:00
movie,275060,100,\N,\N,\N,OK,2017-07-26 00:00:00
movie,275287,88,\N,\N,\N,OK,2017-07-26 00:00:00
movie,275318,89,\N,\N,\N,OK,2017-07-26 00:00:00
movie,275601,100,\N,\N,\N,OK,2017-07-26 00:00:00
movie,275619,90,\N,\N,\N,OK,2017-07-26 00:00:00
movie,275985,91,\N,\N,\N,OK,2017-07-26 00:00:00
movie,276401,89,\N,\N,\N,OK,2017-07-26 00:00:00
movie,276488,88,\N,\N,\N,OK,2017-07-26 00:00:00
movie,276496,124,\N,\N,\N,OK,2017-07-26 00:00:00
movie,276537,99,\N,\N,\N,OK,2017-07-26 00:00:00
movie,276624,126,\N,\N,\N,OK,2017-07-26 00:00:00
movie,276839,98,\N,\N,\N,OK,2017-07-26 00:00:00
movie,276843,95,\N,\N,\N,OK,2017-07-26 00:00:00
movie,276844,96,\N,\N,\N,OK,2017-07-26 00:00:00
movie,276902,92,\N,\N,\N,OK,2017-07-26 00:00:00
movie,276905,86,\N,\N,\N,OK,2017-07-26 00:00:00
movie,276907,131,\N,\N,\N,OK,2017-07-26 00:00:00
movie,276908,91,\N,\N,\N,OK,2017-07-26 00:00:00
movie,276922,90,\N,\N,\N,OK,2017-07-26 00:00:00
movie,276935,129,\N,\N,\N,OK,2017-07-26 00:00:00
movie,277154,128,\N,\N,\N,OK,2017-07-26 00:00:00
movie,277216,147,\N,\N,\N,OK,2017-07-26 00:00:00
movie,277217,112,\N,\N,\N,OK,2017-07-26 00:00:00
movie,277237,112,\N,\N,\N,OK,2017-07-26 00:00:00
movie,277355,90,\N,\N,\N,OK,2017-07-26 00:00:00
movie,277368,97,\N,\N,\N,OK,2017-07-26 00:00:00
movie,277432,180,\N,\N,\N,OK,2017-07-26 00:00:00
movie,277546,90,\N,\N,\N,OK,2017-07-26 00:00:00
movie,277547,94,\N,\N,\N,OK,2017-07-26 00:00:00
movie,277558,90,\N,\N,\N,OK,2017-07-26 00:00:00
movie,277597,90,\N,\N,\N,OK,2017-07-26 00:00:00
movie,277685,82,\N,\N,\N,OK,2017-07-26 00:00:00
movie,277688,90,\N,\N,\N,OK,2017-07-26 00:00:00
movie,277710,90,\N,\N,\N,OK,2017-07-26 00:00:00
movie,277713,135,\N,\N,\N,OK,2017-07-26 00:00:00
movie,277806,103,\N,\N,\N,OK,2017-07-26 00:00:00
movie,277834,107,\N,\N,\N,OK,2017-07-26 00:00:00
movie,277839,100,\N,\N,\N,OK,2017-07-26 00:00:00
movie,277967,123,\N,\N,\N,OK,2017-07-26 00:00:00
movie,278154,100,\N,\N,\N,OK,2017-07-26 00:00:00
movie,278236,111,\N,\N,\N,OK,2017-07-26 00:00:00
movie,278316,123,\N,\N,\N,OK,2017-07-26 00:00:00
movie,278348,98,\N,\N,\N,OK,2017-07-26 00:00:00
movie,278468,48,\N,\N,\N,OK,2017-07-26 00:00:00
movie,278604,44,\N,\N,\N,OK,2017-07-26 00:00:00
movie,278632,95,\N,\N,\N,OK,2017-07-26 00:00:00
movie,278774,92,\N,\N,\N,OK,2017-07-26 00:00:00
movie,278778,97,\N,\N,\N,OK,2017-07-26 00:00:00
movie,278924,99,\N,\N,\N,OK,2017-07-26 00:00:00
movie,278927,106,\N,\N,\N,OK,2017-07-26 00:00:00
movie,278990,124,\N,\N,\N,OK,2017-07-26 00:00:00
movie,279096,102,\N,\N,\N,OK,2017-07-26 00:00:00
movie,279144,105,\N,\N,\N,OK,2017-07-26 00:00:00
movie,279229,116,\N,\N,\N,OK,2017-07-26 00:00:00
movie,279254,59,\N,\N,\N,OK,2017-07-26 00:00:00
movie,279641,112,\N,\N,\N,OK,2017-07-26 00:00:00
movie,279690,99,\N,\N,\N,OK,2017-07-26 00:00:00
movie,279828,43,\N,\N,\N,OK,2017-07-26 00:00:00
movie,279968,83,\N,\N,\N,OK,2017-07-26 00:00:00
movie,279972,98,\N,\N,\N,OK,2017-07-26 00:00:00
movie,279988,100,\N,\N,\N,OK,2017-07-26 00:00:00
movie,279992,100,\N,\N,\N,OK,2017-07-26 00:00:00
movie,280000,84,\N,\N,\N,OK,2017-07-26 00:00:00
movie,280002,88,\N,\N,\N,OK,2017-07-26 00:00:00
movie,280019,104,\N,\N,\N,OK,2017-07-26 00:00:00
movie,280092,97,\N,\N,\N,OK,2017-07-26 00:00:00
movie,280276,98,\N,\N,\N,OK,2017-07-26 00:00:00
movie,280690,146,\N,\N,\N,OK,2017-07-26 00:00:00
movie,280795,150,\N,\N,\N,OK,2017-07-26 00:00:00
movie,280840,111,\N,\N,\N,OK,2017-07-26 00:00:00
movie,280874,85,\N,\N,\N,OK,2017-07-26 00:00:00
movie,280913,110,\N,\N,\N,OK,2017-07-26 00:00:00
movie,280922,90,\N,\N,\N,OK,2017-07-26 00:00:00
movie,280996,103,\N,\N,\N,OK,2017-07-26 00:00:00
movie,281298,118,\N,\N,\N,OK,2017-07-26 00:00:00
movie,281338,140,\N,\N,\N,OK,2017-07-26 00:00:00
movie,281524,90,\N,\N,\N,OK,2017-07-26 00:00:00
movie,281778,93,\N,\N,\N,OK,2017-07-26 00:00:00
movie,281780,137,\N,\N,\N,OK,2017-07-26 00:00:00
movie,281957,156,\N,\N,\N,OK,2017-07-26 00:00:00
movie,281979,62,\N,\N,\N,OK,2017-07-26 00:00:00
movie,282035,110,\N,\N,\N,OK,2017-07-26 00:00:00
movie,282041,107,\N,\N,\N,OK,2017-07-26 00:00:00
movie,282069,109,\N,\N,\N,OK,2017-07-26 00:00:00
movie,282070,117,\N,\N,\N,OK,2017-07-26 00:00:00
movie,282268,138,\N,\N,\N,OK,2017-07-26 00:00:00
movie,282296,107,\N,\N,\N,OK,2017-07-26 00:00:00
movie,282297,85,\N,\N,\N,OK,2017-07-26 00:00:00
movie,282631,126,\N,\N,\N,OK,2017-07-26 00:00:00
movie,282672,104,\N,\N,\N,OK,2017-07-26 00:00:00
movie,282758,60,\N,\N,\N,OK,2017-07-26 00:00:00
movie,282813,89,\N,\N,\N,OK,2017-07-26 00:00:00
movie,282848,60,\N,\N,\N,OK,2017-07-26 00:00:00
movie,282963,59,\N,\N,\N,OK,2017-07-26 00:00:00
movie,282983,127,\N,\N,\N,OK,2017-07-26 00:00:00
movie,282984,95,\N,\N,\N,OK,2017-07-26 00:00:00
movie,283127,115,\N,\N,\N,OK,2017-07-26 00:00:00
movie,283161,85,\N,\N,\N,OK,2017-07-26 00:00:00
movie,283227,117,\N,\N,\N,OK,2017-07-26 00:00:00
movie,283235,112,\N,\N,\N,OK,2017-07-26 00:00:00
movie,283317,93,\N,\N,\N,OK,2017-07-26 00:00:00
movie,283322,108,\N,\N,\N,OK,2017-07-26 00:00:00
movie,283330,131,\N,\N,\N,OK,2017-07-26 00:00:00
movie,283350,89,\N,\N,\N,OK,2017-07-26 00:00:00
movie,283366,127,\N,\N,\N,OK,2017-07-26 00:00:00
movie,283378,91,\N,\N,\N,OK,2017-07-26 00:00:00
movie,283384,108,\N,\N,\N,OK,2017-07-26 00:00:00
movie,283445,97,\N,\N,\N,OK,2017-07-26 00:00:00
movie,283552,133,\N,\N,\N,OK,2017-07-26 00:00:00
movie,283587,137,\N,\N,\N,OK,2017-07-26 00:00:00
movie,283589,153,\N,\N,\N,OK,2017-07-26 00:00:00
movie,283591,108,\N,\N,\N,OK,2017-07-26 00:00:00
movie,283596,96,\N,\N,\N,OK,2017-07-26 00:00:00
movie,283686,92,\N,\N,\N,OK,2017-07-26 00:00:00
movie,283698,109,\N,\N,\N,OK,2017-07-26 00:00:00
movie,283700,87,\N,\N,\N,OK,2017-07-26 00:00:00
movie,283701,100,\N,\N,\N,OK,2017-07-26 00:00:00
movie,283707,103,\N,\N,\N,OK,2017-07-26 00:00:00
movie,283708,110,\N,\N,\N,OK,2017-07-26 00:00:00
movie,283726,105,\N,\N,\N,OK,2017-07-26 00:00:00
movie,283827,140,\N,\N,\N,OK,2017-07-26 00:00:00
movie,283995,137,\N,\N,\N,OK,2017-07-26 00:00:00
movie,284052,115,\N,\N,\N,OK,2017-07-26 00:00:00
movie,284063,90,\N,\N,\N,OK,2017-07-26 00:00:00
movie,284270,85,\N,\N,\N,OK,2017-07-26 00:00:00
movie,284274,71,\N,\N,\N,OK,2017-07-26 00:00:00
movie,284276,102,\N,\N,\N,OK,2017-07-26 00:00:00
movie,284279,93,\N,\N,\N,OK,2017-07-26 00:00:00
movie,284284,95,\N,\N,\N,OK,2017-07-26 00:00:00
movie,284286,105,\N,\N,\N,OK,2017-07-26 00:00:00
movie,284288,122,\N,\N,\N,OK,2017-07-26 00:00:00
movie,284289,95,\N,\N,\N,OK,2017-07-26 00:00:00
movie,284293,99,\N,\N,\N,OK,2017-07-26 00:00:00
movie,284296,102,\N,\N,\N,OK,2017-07-26 00:00:00
movie,284303,100,\N,\N,\N,OK,2017-07-26 00:00:00
movie,284305,90,\N,\N,\N,OK,2017-07-26 00:00:00
movie,284427,105,\N,\N,\N,OK,2017-07-26 00:00:00
movie,284460,90,\N,\N,\N,OK,2017-07-26 00:00:00
movie,284470,66,\N,\N,\N,OK,2017-07-26 00:00:00
movie,284536,111,\N,\N,\N,OK,2017-07-26 00:00:00
movie,284537,105,\N,\N,\N,OK,2017-07-26 00:00:00
movie,284564,102,\N,\N,\N,OK,2017-07-26 00:00:00
movie,284674,94,\N,\N,\N,OK,2017-07-26 00:00:00
movie,284689,129,\N,\N,\N,OK,2017-07-26 00:00:00
movie,284711,88,\N,\N,\N,OK,2017-07-26 00:00:00
movie,284995,74,\N,\N,\N,OK,2017-07-26 00:00:00
movie,285024,94,\N,\N,\N,OK,2017-07-26 00:00:00
movie,285135,89,\N,\N,\N,OK,2017-07-26 00:00:00
movie,285213,130,\N,\N,\N,OK,2017-07-26 00:00:00
movie,285387,85,\N,\N,\N,OK,2017-07-26 00:00:00
movie,285423,103,\N,\N,\N,OK,2017-07-26 00:00:00
movie,285700,116,\N,\N,\N,OK,2017-07-26 00:00:00
movie,285733,81,\N,\N,\N,OK,2017-07-26 00:00:00
movie,285783,123,\N,\N,\N,OK,2017-07-26 00:00:00
movie,285803,142,\N,\N,\N,OK,2017-07-26 00:00:00
movie,285840,95,\N,\N,\N,OK,2017-07-26 00:00:00
movie,285841,110,\N,\N,\N,OK,2017-07-26 00:00:00
movie,285843,91,\N,\N,\N,OK,2017-07-26 00:00:00
movie,286192,7,\N,\N,\N,OK,2017-07-26 00:00:00
movie,286217,141,\N,\N,\N,OK,2017-07-26 00:00:00
movie,286301,92,\N,\N,\N,OK,2017-07-26 00:00:00
movie,286407,94,\N,\N,\N,OK,2017-07-26 00:00:00
movie,286519,106,\N,\N,\N,OK,2017-07-26 00:00:00
movie,286521,92,\N,\N,\N,OK,2017-07-26 00:00:00
movie,286532,88,\N,\N,\N,OK,2017-07-26 00:00:00
movie,286538,104,\N,\N,\N,OK,2017-07-26 00:00:00
movie,286548,90,\N,\N,\N,OK,2017-07-26 00:00:00
movie,286554,86,\N,\N,\N,OK,2017-07-26 00:00:00
movie,286565,109,\N,\N,\N,OK,2017-07-26 00:00:00
movie,286567,92,\N,\N,\N,OK,2017-07-26 00:00:00
movie,286595,95,\N,\N,\N,OK,2017-07-26 00:00:00
movie,286654,96,\N,\N,\N,OK,2017-07-26 00:00:00
movie,286668,100,\N,\N,\N,OK,2017-07-26 00:00:00
movie,286687,80,\N,\N,\N,OK,2017-07-26 00:00:00
movie,286709,94,\N,\N,\N,OK,2017-07-26 00:00:00
movie,286817,86,\N,\N,\N,OK,2017-07-26 00:00:00
movie,286873,97,\N,\N,\N,OK,2017-07-26 00:00:00
movie,286875,96,\N,\N,\N,OK,2017-07-26 00:00:00
movie,286987,90,\N,\N,\N,OK,2017-07-26 00:00:00
movie,287084,85,\N,\N,\N,OK,2017-07-26 00:00:00
movie,287233,57,\N,\N,\N,OK,2017-07-26 00:00:00
movie,287241,88,\N,\N,\N,OK,2017-07-26 00:00:00
movie,287284,87,\N,\N,\N,OK,2017-07-26 00:00:00
movie,287424,95,\N,\N,\N,OK,2017-07-26 00:00:00
movie,287426,105,\N,\N,\N,OK,2017-07-26 00:00:00
movie,287493,135,\N,\N,\N,OK,2017-07-26 00:00:00
movie,287495,122,\N,\N,\N,OK,2017-07-26 00:00:00
movie,287587,90,\N,\N,\N,OK,2017-07-26 00:00:00
movie,287590,93,\N,\N,\N,OK,2017-07-26 00:00:00
movie,287647,103,\N,\N,\N,OK,2017-07-26 00:00:00
movie,287689,43,\N,\N,\N,OK,2017-07-26 00:00:00
movie,287767,133,\N,\N,\N,OK,2017-07-26 00:00:00
movie,287903,98,\N,\N,\N,OK,2017-07-26 00:00:00
movie,287935,120,\N,\N,\N,OK,2017-07-26 00:00:00
movie,287948,96,\N,\N,\N,OK,2017-07-26 00:00:00
movie,288036,100,\N,\N,\N,OK,2017-07-26 00:00:00
movie,288158,90,\N,\N,\N,OK,2017-07-26 00:00:00
movie,288171,90,\N,\N,\N,OK,2017-07-26 00:00:00
movie,288281,103,\N,\N,\N,OK,2017-07-26 00:00:00
movie,288980,98,\N,\N,\N,OK,2017-07-26 00:00:00
movie,289097,109,\N,\N,\N,OK,2017-07-26 00:00:00
movie,289171,91,\N,\N,\N,OK,2017-07-26 00:00:00
movie,289191,97,\N,\N,\N,OK,2017-07-26 00:00:00
movie,289198,88,\N,\N,\N,OK,2017-07-26 00:00:00
movie,289222,126,\N,\N,\N,OK,2017-07-26 00:00:00
movie,289225,93,\N,\N,\N,OK,2017-07-26 00:00:00
movie,289239,91,\N,\N,\N,OK,2017-07-26 00:00:00
movie,289269,97,\N,\N,\N,OK,2017-07-26 00:00:00
movie,289333,76,\N,\N,\N,OK,2017-07-26 00:00:00
movie,289394,210,\N,\N,\N,OK,2017-07-26 00:00:00
movie,289416,87,\N,\N,\N,OK,2017-07-26 00:00:00
movie,289712,81,\N,\N,\N,OK,2017-07-26 00:00:00
movie,289720,98,\N,\N,\N,OK,2017-07-26 00:00:00
movie,289727,107,\N,\N,\N,OK,2017-07-26 00:00:00
movie,289728,93,\N,\N,\N,OK,2017-07-26 00:00:00
movie,289891,90,\N,\N,\N,OK,2017-07-26 00:00:00
movie,290098,145,\N,\N,\N,OK,2017-07-26 00:00:00
movie,290157,87,\N,\N,\N,OK,2017-07-26 00:00:00
movie,290250,116,\N,\N,\N,OK,2017-07-26 00:00:00
movie,290300,132,\N,\N,\N,OK,2017-07-26 00:00:00
movie,290382,133,\N,\N,\N,OK,2017-07-26 00:00:00
movie,290542,104,\N,\N,\N,OK,2017-07-26 00:00:00
movie,290555,90,\N,\N,\N,OK,2017-07-26 00:00:00
movie,290595,114,\N,\N,\N,OK,2017-07-26 00:00:00
movie,290637,94,\N,\N,\N,OK,2017-07-26 00:00:00
movie,290729,94,\N,\N,\N,OK,2017-07-26 00:00:00
movie,290751,111,\N,\N,\N,OK,2017-07-26 00:00:00
movie,290762,112,\N,\N,\N,OK,2017-07-26 00:00:00
movie,290764,94,\N,\N,\N,OK,2017-07-26 00:00:00
movie,290802,75,\N,\N,\N,OK,2017-07-26 00:00:00
movie,290825,88,\N,\N,\N,OK,2017-07-26 00:00:00
movie,290864,100,\N,\N,\N,OK,2017-07-26 00:00:00
movie,290865,147,\N,\N,\N,OK,2017-07-26 00:00:00
movie,290999,98,\N,\N,\N,OK,2017-07-26 00:00:00
movie,291151,93,\N,\N,\N,OK,2017-07-26 00:00:00
movie,291157,131,\N,\N,\N,OK,2017-07-26 00:00:00
movie,291189,95,\N,\N,\N,OK,2017-07-26 00:00:00
movie,291264,105,\N,\N,\N,OK,2017-07-26 00:00:00
movie,291270,90,\N,\N,\N,OK,2017-07-26 00:00:00
movie,291272,84,\N,\N,\N,OK,2017-07-26 00:00:00
movie,291276,98,\N,\N,\N,OK,2017-07-26 00:00:00
movie,291328,127,\N,\N,\N,OK,2017-07-26 00:00:00
movie,291343,106,\N,\N,\N,OK,2017-07-26 00:00:00
movie,291348,79,\N,\N,\N,OK,2017-07-26 00:00:00
movie,291351,110,\N,\N,\N,OK,2017-07-26 00:00:00
movie,291356,104,\N,\N,\N,OK,2017-07-26 00:00:00
movie,291413,88,\N,\N,\N,OK,2017-07-26 00:00:00
movie,291549,140,\N,\N,\N,OK,2017-07-26 00:00:00
movie,291692,111,\N,\N,\N,OK,2017-07-26 00:00:00
movie,291805,129,\N,\N,\N,OK,2017-07-26 00:00:00
movie,291851,96,\N,\N,\N,OK,2017-07-26 00:00:00
movie,291865,90,\N,\N,\N,OK,2017-07-26 00:00:00
movie,291866,89,\N,\N,\N,OK,2017-07-26 00:00:00
movie,291869,98,\N,\N,\N,OK,2017-07-26 00:00:00
movie,291870,102,\N,\N,\N,OK,2017-07-26 00:00:00
movie,292010,96,\N,\N,\N,OK,2017-07-26 00:00:00
movie,292014,78,\N,\N,\N,OK,2017-07-26 00:00:00
movie,292040,104,\N,\N,\N,OK,2017-07-26 00:00:00
movie,292177,75,\N,\N,\N,OK,2017-07-26 00:00:00
movie,292280,96,\N,\N,\N,OK,2017-07-26 00:00:00
movie,292431,134,\N,\N,\N,OK,2017-07-26 00:00:00
movie,292483,90,\N,\N,\N,OK,2017-07-26 00:00:00
movie,292625,115,\N,\N,\N,OK,2017-07-26 00:00:00
movie,292795,90,\N,\N,\N,OK,2017-07-26 00:00:00
movie,293167,118,\N,\N,\N,OK,2017-07-26 00:00:00
movie,293205,81,\N,\N,\N,OK,2017-07-26 00:00:00
movie,293299,6,\N,\N,\N,OK,2017-07-26 00:00:00
movie,293310,114,\N,\N,\N,OK,2017-07-26 00:00:00
movie,293413,180,\N,\N,\N,OK,2017-07-26 00:00:00
movie,293452,92,\N,\N,\N,OK,2017-07-26 00:00:00
movie,293572,91,\N,\N,\N,OK,2017-07-26 00:00:00
movie,293633,98,\N,\N,\N,OK,2017-07-26 00:00:00
movie,293646,120,\N,\N,\N,OK,2017-07-26 00:00:00
movie,293660,108,\N,\N,\N,OK,2017-07-26 00:00:00
movie,293670,156,\N,\N,\N,OK,2017-07-26 00:00:00
movie,293767,113,\N,\N,\N,OK,2017-07-26 00:00:00
movie,293768,95,\N,\N,\N,OK,2017-07-26 00:00:00
movie,293771,118,\N,\N,\N,OK,2017-07-26 00:00:00
movie,293863,112,\N,\N,\N,OK,2017-07-26 00:00:00
movie,293970,91,\N,\N,\N,OK,2017-07-26 00:00:00
movie,293982,130,\N,\N,\N,OK,2017-07-26 00:00:00
movie,294016,124,\N,\N,\N,OK,2017-07-26 00:00:00
movie,294093,90,\N,\N,\N,OK,2017-07-26 00:00:00
movie,294132,105,\N,\N,\N,OK,2017-07-26 00:00:00
movie,294254,132,\N,\N,\N,OK,2017-07-26 00:00:00
movie,294272,102,\N,\N,\N,OK,2017-07-26 00:00:00
movie,294308,92,\N,\N,\N,OK,2017-07-26 00:00:00
movie,294368,99,\N,\N,\N,OK,2017-07-26 00:00:00
movie,294538,89,\N,\N,\N,OK,2017-07-26 00:00:00
movie,294562,83,\N,\N,\N,OK,2017-07-26 00:00:00
movie,294652,108,\N,\N,\N,OK,2017-07-26 00:00:00
movie,294682,111,\N,\N,\N,OK,2017-07-26 00:00:00
movie,294690,96,\N,\N,\N,OK,2017-07-26 00:00:00
movie,294741,102,\N,\N,\N,OK,2017-07-26 00:00:00
movie,294795,108,\N,\N,\N,OK,2017-07-26 00:00:00
movie,294963,132,\N,\N,\N,OK,2017-07-26 00:00:00
movie,294992,141,\N,\N,\N,OK,2017-07-26 00:00:00
movie,294993,131,\N,\N,\N,OK,2017-07-26 00:00:00
movie,295144,90,\N,\N,\N,OK,2017-07-26 00:00:00
movie,295315,90,\N,\N,\N,OK,2017-07-26 00:00:00
movie,295490,83,\N,\N,\N,OK,2017-07-26 00:00:00
movie,295538,120,\N,\N,\N,OK,2017-07-26 00:00:00
movie,295581,89,\N,\N,\N,OK,2017-07-26 00:00:00
movie,295592,81,\N,\N,\N,OK,2017-07-26 00:00:00
movie,295595,100,\N,\N,\N,OK,2017-07-26 00:00:00
movie,295693,97,\N,\N,\N,OK,2017-07-26 00:00:00
movie,295699,116,\N,\N,\N,OK,2017-07-26 00:00:00
movie,295799,83,\N,\N,\N,OK,2017-07-26 00:00:00
movie,295830,90,\N,\N,\N,OK,2017-07-26 00:00:00
movie,295832,94,\N,\N,\N,OK,2017-07-26 00:00:00
movie,295884,80,\N,\N,\N,OK,2017-07-26 00:00:00
movie,295887,98,\N,\N,\N,OK,2017-07-26 00:00:00
movie,295964,100,\N,\N,\N,OK,2017-07-26 00:00:00
movie,296065,88,\N,\N,\N,OK,2017-07-26 00:00:00
movie,296096,110,\N,\N,\N,OK,2017-07-26 00:00:00
movie,296098,141,\N,\N,\N,OK,2017-07-26 00:00:00
movie,296099,99,\N,\N,\N,OK,2017-07-26 00:00:00
movie,296100,101,\N,\N,\N,OK,2017-07-26 00:00:00
movie,296130,82,\N,\N,\N,OK,2017-07-26 00:00:00
movie,296192,90,\N,\N,\N,OK,2017-07-26 00:00:00
movie,296193,90,\N,\N,\N,OK,2017-07-26 00:00:00
movie,296313,104,\N,\N,\N,OK,2017-07-26 00:00:00
movie,296360,94,\N,\N,\N,OK,2017-07-26 00:00:00
movie,296523,92,\N,\N,\N,OK,2017-07-26 00:00:00
movie,296524,107,\N,\N,\N,OK,2017-07-26 00:00:00
movie,296626,85,\N,\N,\N,OK,2017-07-26 00:00:00
movie,296917,113,\N,\N,\N,OK,2017-07-26 00:00:00
movie,297160,80,\N,\N,\N,OK,2017-07-26 00:00:00
movie,297186,104,\N,\N,\N,OK,2017-07-26 00:00:00
movie,297222,153,\N,\N,\N,OK,2017-07-26 00:00:00
movie,297270,77,\N,\N,\N,OK,2017-07-26 00:00:00
movie,297291,105,\N,\N,\N,OK,2017-07-26 00:00:00
movie,297544,85,\N,\N,\N,OK,2017-07-26 00:00:00
movie,297556,72,\N,\N,\N,OK,2017-07-26 00:00:00
movie,297596,94,\N,\N,\N,OK,2017-07-26 00:00:00
movie,297608,90,\N,\N,\N,OK,2017-07-26 00:00:00
movie,297702,89,\N,\N,\N,OK,2017-07-26 00:00:00
movie,297721,135,\N,\N,\N,OK,2017-07-26 00:00:00
movie,297755,113,\N,\N,\N,OK,2017-07-26 00:00:00
movie,297761,123,\N,\N,\N,OK,2017-07-26 00:00:00
movie,297762,141,\N,\N,\N,OK,2017-07-26 00:00:00
movie,297806,123,\N,\N,\N,OK,2017-07-26 00:00:00
movie,297961,87,\N,\N,\N,OK,2017-07-26 00:00:00
movie,298040,121,\N,\N,\N,OK,2017-07-26 00:00:00
movie,298093,104,\N,\N,\N,OK,2017-07-26 00:00:00
movie,298312,94,\N,\N,\N,OK,2017-07-26 00:00:00
movie,298382,118,\N,\N,\N,OK,2017-07-26 00:00:00
movie,298459,111,\N,\N,\N,OK,2017-07-26 00:00:00
movie,298533,90,\N,\N,\N,OK,2017-07-26 00:00:00
movie,298582,94,\N,\N,\N,OK,2017-07-26 00:00:00
movie,298583,90,\N,\N,\N,OK,2017-07-26 00:00:00
movie,298584,99,\N,\N,\N,OK,2017-07-26 00:00:00
movie,298614,79,\N,\N,\N,OK,2017-07-26 00:00:00
movie,298664,92,\N,\N,\N,OK,2017-07-26 00:00:00
movie,298721,122,\N,\N,\N,OK,2017-07-26 00:00:00
movie,298729,106,\N,\N,\N,OK,2017-07-26 00:00:00
movie,298865,85,\N,\N,\N,OK,2017-07-26 00:00:00
movie,298986,80,\N,\N,\N,OK,2017-07-26 00:00:00
movie,299221,87,\N,\N,\N,OK,2017-07-26 00:00:00
movie,299245,87,\N,\N,\N,OK,2017-07-26 00:00:00
movie,299513,101,\N,\N,\N,OK,2017-07-26 00:00:00
movie,299551,92,\N,\N,\N,OK,2017-07-26 00:00:00
movie,299553,92,\N,\N,\N,OK,2017-07-26 00:00:00
movie,299576,90,\N,\N,\N,OK,2017-07-26 00:00:00
movie,299582,90,\N,\N,\N,OK,2017-07-26 00:00:00
movie,299590,88,\N,\N,\N,OK,2017-07-26 00:00:00
movie,299687,112,\N,\N,\N,OK,2017-07-26 00:00:00
movie,299715,86,\N,\N,\N,OK,2017-07-26 00:00:00
movie,299822,118,\N,\N,\N,OK,2017-07-26 00:00:00
movie,299824,127,\N,\N,\N,OK,2017-07-26 00:00:00
movie,299939,86,\N,\N,\N,OK,2017-07-26 00:00:00
movie,299969,41,\N,\N,\N,OK,2017-07-26 00:00:00
movie,300153,112,\N,\N,\N,OK,2017-07-26 00:00:00
movie,300155,97,\N,\N,\N,OK,2017-07-26 00:00:00
movie,300168,127,\N,\N,\N,OK,2017-07-26 00:00:00
movie,300302,70,\N,\N,\N,OK,2017-07-26 00:00:00
movie,300424,22,\N,\N,\N,OK,2017-07-26 00:00:00
movie,300433,116,\N,\N,\N,OK,2017-07-26 00:00:00
movie,300441,90,\N,\N,\N,OK,2017-07-26 00:00:00
movie,300467,97,\N,\N,\N,OK,2017-07-26 00:00:00
movie,300542,90,\N,\N,\N,OK,2017-07-26 00:00:00
movie,300602,94,\N,\N,\N,OK,2017-07-26 00:00:00
movie,300605,69,\N,\N,\N,OK,2017-07-26 00:00:00
movie,300654,104,\N,\N,\N,OK,2017-07-26 00:00:00
movie,300665,90,\N,\N,\N,OK,2017-07-26 00:00:00
movie,300666,112,\N,\N,\N,OK,2017-07-26 00:00:00
movie,300667,87,\N,\N,\N,OK,2017-07-26 00:00:00
movie,300669,88,\N,\N,\N,OK,2017-07-26 00:00:00
movie,300671,144,\N,\N,\N,OK,2017-07-26 00:00:00
movie,300672,110,\N,\N,\N,OK,2017-07-26 00:00:00
movie,300673,114,\N,\N,\N,OK,2017-07-26 00:00:00
movie,300685,41,\N,\N,\N,OK,2017-07-26 00:00:00
movie,300693,121,\N,\N,\N,OK,2017-07-26 00:00:00
movie,300706,81,\N,\N,\N,OK,2017-07-26 00:00:00
movie,300792,90,\N,\N,\N,OK,2017-07-26 00:00:00
movie,300803,97,\N,\N,\N,OK,2017-07-26 00:00:00
movie,300839,118,\N,\N,\N,OK,2017-07-26 00:00:00
movie,301228,96,\N,\N,\N,OK,2017-07-26 00:00:00
movie,301325,90,\N,\N,\N,OK,2017-07-26 00:00:00
movie,301334,94,\N,\N,\N,OK,2017-07-26 00:00:00
movie,301348,87,\N,\N,\N,OK,2017-07-26 00:00:00
movie,301351,96,\N,\N,\N,OK,2017-07-26 00:00:00
movie,301365,117,\N,\N,\N,OK,2017-07-26 00:00:00
movie,301372,94,\N,\N,\N,OK,2017-07-26 00:00:00
movie,301566,11,\N,\N,\N,OK,2017-07-26 00:00:00
movie,301608,93,\N,\N,\N,OK,2017-07-26 00:00:00
movie,301629,85,\N,\N,\N,OK,2017-07-26 00:00:00
movie,301728,110,\N,\N,\N,OK,2017-07-26 00:00:00
movie,301729,94,\N,\N,\N,OK,2017-07-26 00:00:00
movie,301748,96,\N,\N,\N,OK,2017-07-26 00:00:00
movie,301804,97,\N,\N,\N,OK,2017-07-26 00:00:00
movie,301846,89,\N,\N,\N,OK,2017-07-26 00:00:00
movie,301875,101,\N,\N,\N,OK,2017-07-26 00:00:00
movie,302026,92,\N,\N,\N,OK,2017-07-26 00:00:00
movie,302150,91,\N,\N,\N,OK,2017-07-26 00:00:00
movie,302156,113,\N,\N,\N,OK,2017-07-26 00:00:00
movie,302376,123,\N,\N,\N,OK,2017-07-26 00:00:00
movie,302401,134,\N,\N,\N,OK,2017-07-26 00:00:00
movie,302429,99,\N,\N,\N,OK,2017-07-26 00:00:00
movie,302528,94,\N,\N,\N,OK,2017-07-26 00:00:00
movie,302666,88,\N,\N,\N,OK,2017-07-26 00:00:00
movie,302688,94,\N,\N,\N,OK,2017-07-26 00:00:00
movie,302699,107,\N,\N,\N,OK,2017-07-26 00:00:00
movie,302828,100,\N,\N,\N,OK,2017-07-26 00:00:00
movie,302946,128,\N,\N,\N,OK,2017-07-26 00:00:00
movie,302960,72,\N,\N,\N,OK,2017-07-26 00:00:00
movie,303483,105,\N,\N,\N,OK,2017-07-26 00:00:00
movie,303623,85,\N,\N,\N,OK,2017-07-26 00:00:00
movie,303857,93,\N,\N,\N,OK,2017-07-26 00:00:00
movie,303858,98,\N,\N,\N,OK,2017-07-26 00:00:00
movie,303867,17,\N,\N,\N,OK,2017-07-26 00:00:00
movie,303903,76,\N,\N,\N,OK,2017-07-26 00:00:00
movie,303982,105,\N,\N,\N,OK,2017-07-26 00:00:00
movie,303991,101,\N,\N,\N,OK,2017-07-26 00:00:00
movie,304023,104,\N,\N,\N,OK,2017-07-26 00:00:00
movie,304336,100,\N,\N,\N,OK,2017-07-26 00:00:00
movie,304357,120,\N,\N,\N,OK,2017-07-26 00:00:00
movie,304372,100,\N,\N,\N,OK,2017-07-26 00:00:00
movie,304410,105,\N,\N,\N,OK,2017-07-26 00:00:00
movie,304613,93,\N,\N,\N,OK,2017-07-26 00:00:00
movie,305091,97,\N,\N,\N,OK,2017-07-26 00:00:00
movie,305127,127,\N,\N,\N,OK,2017-07-26 00:00:00
movie,305455,80,\N,\N,\N,OK,2017-07-26 00:00:00
movie,305470,124,\N,\N,\N,OK,2017-07-26 00:00:00
movie,305638,96,\N,\N,\N,OK,2017-07-26 00:00:00
movie,305642,96,\N,\N,\N,OK,2017-07-26 00:00:00
movie,305747,90,\N,\N,\N,OK,2017-07-26 00:00:00
movie,305932,85,\N,\N,\N,OK,2017-07-26 00:00:00
movie,305943,95,\N,\N,\N,OK,2017-07-26 00:00:00
movie,306482,98,\N,\N,\N,OK,2017-07-26 00:00:00
movie,306650,108,\N,\N,\N,OK,2017-07-26 00:00:00
movie,306745,103,\N,\N,\N,OK,2017-07-26 00:00:00
movie,306819,120,\N,\N,\N,OK,2017-07-26 00:00:00
movie,306943,95,\N,\N,\N,OK,2017-07-26 00:00:00
movie,306947,100,\N,\N,\N,OK,2017-07-26 00:00:00
movie,306952,89,\N,\N,\N,OK,2017-07-26 00:00:00
movie,306964,90,\N,\N,\N,OK,2017-07-26 00:00:00
movie,307081,123,\N,\N,\N,OK,2017-07-26 00:00:00
movie,307103,120,\N,\N,\N,OK,2017-07-26 00:00:00
movie,307479,88,\N,\N,\N,OK,2017-07-26 00:00:00
movie,307663,96,\N,\N,\N,OK,2017-07-26 00:00:00
movie,307931,89,\N,\N,\N,OK,2017-07-26 00:00:00
movie,307946,85,\N,\N,\N,OK,2017-07-26 00:00:00
movie,308024,80,\N,\N,\N,OK,2017-07-26 00:00:00
movie,308027,85,\N,\N,\N,OK,2017-07-26 00:00:00
movie,308032,122,\N,\N,\N,OK,2017-07-26 00:00:00
movie,308084,87,\N,\N,\N,OK,2017-07-26 00:00:00
movie,308266,114,\N,\N,\N,OK,2017-07-26 00:00:00
movie,308361,99,\N,\N,\N,OK,2017-07-26 00:00:00
movie,308369,105,\N,\N,\N,OK,2017-07-26 00:00:00
movie,308409,111,\N,\N,\N,OK,2017-07-26 00:00:00
movie,308447,52,\N,\N,\N,OK,2017-07-26 00:00:00
movie,308453,108,\N,\N,\N,OK,2017-07-26 00:00:00
movie,308457,92,\N,\N,\N,OK,2017-07-26 00:00:00
movie,308504,115,\N,\N,\N,OK,2017-07-26 00:00:00
movie,308529,90,\N,\N,\N,OK,2017-07-26 00:00:00
movie,308531,112,\N,\N,\N,OK,2017-07-26 00:00:00
movie,308571,80,\N,\N,\N,OK,2017-07-26 00:00:00
movie,308638,101,\N,\N,\N,OK,2017-07-26 00:00:00
movie,308639,103,\N,\N,\N,OK,2017-07-26 00:00:00
movie,308640,98,\N,\N,\N,OK,2017-07-26 00:00:00
movie,309028,119,\N,\N,\N,OK,2017-07-26 00:00:00
movie,309049,94,\N,\N,\N,OK,2017-07-26 00:00:00
movie,309063,86,\N,\N,\N,OK,2017-07-26 00:00:00
movie,309242,108,\N,\N,\N,OK,2017-07-26 00:00:00
movie,309245,84,\N,\N,\N,OK,2017-07-26 00:00:00
movie,309299,97,\N,\N,\N,OK,2017-07-26 00:00:00
movie,309302,116,\N,\N,\N,OK,2017-07-26 00:00:00
movie,309304,78,\N,\N,\N,OK,2017-07-26 00:00:00
movie,309425,115,\N,\N,\N,OK,2017-07-26 00:00:00
movie,309503,103,\N,\N,\N,OK,2017-07-26 00:00:00
movie,309581,94,\N,\N,\N,OK,2017-07-26 00:00:00
movie,309809,92,\N,\N,\N,OK,2017-07-26 00:00:00
movie,309886,88,\N,\N,\N,OK,2017-07-26 00:00:00
movie,309887,85,\N,\N,\N,OK,2017-07-26 00:00:00
movie,310119,98,\N,\N,\N,OK,2017-07-26 00:00:00
movie,310121,92,\N,\N,\N,OK,2017-07-26 00:00:00
movie,310131,92,\N,\N,\N,OK,2017-07-26 00:00:00
movie,310133,86,\N,\N,\N,OK,2017-07-26 00:00:00
movie,310135,95,\N,\N,\N,OK,2017-07-26 00:00:00
movie,310137,80,\N,\N,\N,OK,2017-07-26 00:00:00
movie,310307,115,\N,\N,\N,OK,2017-07-26 00:00:00
movie,310568,88,\N,\N,\N,OK,2017-07-26 00:00:00
movie,310569,110,\N,\N,\N,OK,2017-07-26 00:00:00
movie,310593,118,\N,\N,\N,OK,2017-07-26 00:00:00
movie,310972,90,\N,\N,\N,OK,2017-07-26 00:00:00
movie,311093,90,\N,\N,\N,OK,2017-07-26 00:00:00
movie,311181,83,\N,\N,\N,OK,2017-07-26 00:00:00
movie,311291,95,\N,\N,\N,OK,2017-07-26 00:00:00
movie,311324,103,\N,\N,\N,OK,2017-07-26 00:00:00
movie,311539,99,\N,\N,\N,OK,2017-07-26 00:00:00
movie,311667,113,\N,\N,\N,OK,2017-07-26 00:00:00
movie,312174,11,\N,\N,\N,OK,2017-07-26 00:00:00
movie,312221,133,\N,\N,\N,OK,2017-07-26 00:00:00
movie,312526,93,\N,\N,\N,OK,2017-07-26 00:00:00
movie,312669,98,\N,\N,\N,OK,2017-07-26 00:00:00
movie,312791,100,\N,\N,\N,OK,2017-07-26 00:00:00
movie,312793,90,\N,\N,\N,OK,2017-07-26 00:00:00
movie,312796,95,\N,\N,\N,OK,2017-07-26 00:00:00
movie,312804,85,\N,\N,\N,OK,2017-07-26 00:00:00
movie,312831,97,\N,\N,\N,OK,2017-07-26 00:00:00
movie,313074,86,\N,\N,\N,OK,2017-07-26 00:00:00
movie,313108,126,\N,\N,\N,OK,2017-07-26 00:00:00
movie,313297,102,\N,\N,\N,OK,2017-07-26 00:00:00
movie,313369,128,\N,\N,\N,OK,2017-07-26 00:00:00
movie,313628,118,\N,\N,\N,OK,2017-07-26 00:00:00
movie,313867,87,\N,\N,\N,OK,2017-07-26 00:00:00
movie,313922,95,\N,\N,\N,OK,2017-07-26 00:00:00
movie,313943,87,\N,\N,\N,OK,2017-07-26 00:00:00
movie,314029,101,\N,\N,\N,OK,2017-07-26 00:00:00
movie,314065,95,\N,\N,\N,OK,2017-07-26 00:00:00
movie,314095,140,\N,\N,\N,OK,2017-07-26 00:00:00
movie,314220,105,\N,\N,\N,OK,2017-07-26 00:00:00
movie,314285,80,\N,\N,\N,OK,2017-07-26 00:00:00
movie,314327,127,\N,\N,\N,OK,2017-07-26 00:00:00
movie,314365,128,\N,\N,\N,OK,2017-07-26 00:00:00
movie,314385,122,\N,\N,\N,OK,2017-07-26 00:00:00
movie,314388,131,\N,\N,\N,OK,2017-07-26 00:00:00
movie,314389,160,\N,\N,\N,OK,2017-07-26 00:00:00
movie,314402,115,\N,\N,\N,OK,2017-07-26 00:00:00
movie,314405,125,\N,\N,\N,OK,2017-07-26 00:00:00
movie,314420,75,\N,\N,\N,OK,2017-07-26 00:00:00
movie,314996,84,\N,\N,\N,OK,2017-07-26 00:00:00
movie,315011,120,\N,\N,\N,OK,2017-07-26 00:00:00
movie,315024,88,\N,\N,\N,OK,2017-07-26 00:00:00
movie,315439,125,\N,\N,\N,OK,2017-07-26 00:00:00
movie,315465,119,\N,\N,\N,OK,2017-07-26 00:00:00
movie,315509,118,\N,\N,\N,OK,2017-07-26 00:00:00
movie,315575,123,\N,\N,\N,OK,2017-07-26 00:00:00
movie,315620,62,\N,\N,\N,OK,2017-07-26 00:00:00
movie,315623,59,\N,\N,\N,OK,2017-07-26 00:00:00
movie,315664,110,\N,\N,\N,OK,2017-07-26 00:00:00
movie,315669,99,\N,\N,\N,OK,2017-07-26 00:00:00
movie,315837,107,\N,\N,\N,OK,2017-07-26 00:00:00
movie,315841,111,\N,\N,\N,OK,2017-07-26 00:00:00
movie,315846,128,\N,\N,\N,OK,2017-07-26 00:00:00
movie,315859,171,\N,\N,\N,OK,2017-07-26 00:00:00
movie,315868,102,\N,\N,\N,OK,2017-07-26 00:00:00
movie,315872,106,\N,\N,\N,OK,2017-07-26 00:00:00
movie,315880,116,\N,\N,\N,OK,2017-07-26 00:00:00
movie,316000,100,\N,\N,\N,OK,2017-07-26 00:00:00
movie,316002,100,\N,\N,\N,OK,2017-07-26 00:00:00
movie,316021,88,\N,\N,\N,OK,2017-07-26 00:00:00
movie,316023,98,\N,\N,\N,OK,2017-07-26 00:00:00
movie,316042,120,\N,\N,\N,OK,2017-07-26 00:00:00
movie,316152,139,\N,\N,\N,OK,2017-07-26 00:00:00
movie,316154,119,\N,\N,\N,OK,2017-07-26 00:00:00
movie,316269,120,\N,\N,\N,OK,2017-07-26 00:00:00
movie,316322,74,\N,\N,\N,OK,2017-07-26 00:00:00
movie,316410,90,\N,\N,\N,OK,2017-07-26 00:00:00
movie,316715,90,\N,\N,\N,OK,2017-07-26 00:00:00
movie,316727,105,\N,\N,\N,OK,2017-07-26 00:00:00
movie,316776,64,\N,\N,\N,OK,2017-07-26 00:00:00
movie,317114,84,\N,\N,\N,OK,2017-07-26 00:00:00
movie,317144,62,\N,\N,\N,OK,2017-07-26 00:00:00
movie,317182,57,\N,\N,\N,OK,2017-07-26 00:00:00
movie,317190,60,\N,\N,\N,OK,2017-07-26 00:00:00
movie,317198,90,\N,\N,\N,OK,2017-07-26 00:00:00
movie,317442,114,\N,\N,\N,OK,2017-07-26 00:00:00
movie,317557,124,\N,\N,\N,OK,2017-07-26 00:00:00
movie,317560,98,\N,\N,\N,OK,2017-07-26 00:00:00
movie,317744,91,\N,\N,\N,OK,2017-07-26 00:00:00
movie,317903,79,\N,\N,\N,OK,2017-07-26 00:00:00
movie,317925,99,\N,\N,\N,OK,2017-07-26 00:00:00
movie,317930,101,\N,\N,\N,OK,2017-07-26 00:00:00
movie,317952,100,\N,\N,\N,OK,2017-07-26 00:00:00
movie,317981,84,\N,\N,\N,OK,2017-07-26 00:00:00
movie,318044,101,\N,\N,\N,OK,2017-07-26 00:00:00
movie,318121,93,\N,\N,\N,OK,2017-07-26 00:00:00
movie,318224,119,\N,\N,\N,OK,2017-07-26 00:00:00
movie,318256,84,\N,\N,\N,OK,2017-07-26 00:00:00
movie,318279,89,\N,\N,\N,OK,2017-07-26 00:00:00
movie,318781,120,\N,\N,\N,OK,2017-07-26 00:00:00
movie,318846,130,\N,\N,\N,OK,2017-07-26 00:00:00
movie,318850,120,\N,\N,\N,OK,2017-07-26 00:00:00
movie,318868,120,\N,\N,\N,OK,2017-07-26 00:00:00
movie,318917,116,\N,\N,\N,OK,2017-07-26 00:00:00
movie,318922,100,\N,\N,\N,OK,2017-07-26 00:00:00
movie,318954,103,\N,\N,\N,OK,2017-07-26 00:00:00
movie,319017,110,\N,\N,\N,OK,2017-07-26 00:00:00
movie,319067,87,\N,\N,\N,OK,2017-07-26 00:00:00
movie,319070,93,\N,\N,\N,OK,2017-07-26 00:00:00
movie,319073,110,\N,\N,\N,OK,2017-07-26 00:00:00
movie,319075,132,\N,\N,\N,OK,2017-07-26 00:00:00
movie,319076,103,\N,\N,\N,OK,2017-07-26 00:00:00
movie,319091,103,\N,\N,\N,OK,2017-07-26 00:00:00
movie,319096,90,\N,\N,\N,OK,2017-07-26 00:00:00
movie,319337,114,\N,\N,\N,OK,2017-07-26 00:00:00
movie,319341,85,\N,\N,\N,OK,2017-07-26 00:00:00
movie,319373,113,\N,\N,\N,OK,2017-07-26 00:00:00
movie,319389,100,\N,\N,\N,OK,2017-07-26 00:00:00
movie,319888,106,\N,\N,\N,OK,2017-07-26 00:00:00
movie,319993,108,\N,\N,\N,OK,2017-07-26 00:00:00
movie,319994,82,\N,\N,\N,OK,2017-07-26 00:00:00
movie,319995,97,\N,\N,\N,OK,2017-07-26 00:00:00
movie,319996,106,\N,\N,\N,OK,2017-07-26 00:00:00
movie,320003,96,\N,\N,\N,OK,2017-07-26 00:00:00
movie,320006,82,\N,\N,\N,OK,2017-07-26 00:00:00
movie,320007,138,\N,\N,\N,OK,2017-07-26 00:00:00
movie,320048,80,\N,\N,\N,OK,2017-07-26 00:00:00
movie,320295,148,\N,\N,\N,OK,2017-07-26 00:00:00
movie,320302,90,\N,\N,\N,OK,2017-07-26 00:00:00
movie,320413,93,\N,\N,\N,OK,2017-07-26 00:00:00
movie,320588,95,\N,\N,\N,OK,2017-07-26 00:00:00
movie,320736,90,\N,\N,\N,OK,2017-07-26 00:00:00
movie,320996,71,\N,\N,\N,OK,2017-07-26 00:00:00
movie,321068,93,\N,\N,\N,OK,2017-07-26 00:00:00
movie,321109,135,\N,\N,\N,OK,2017-07-26 00:00:00
movie,321130,142,\N,\N,\N,OK,2017-07-26 00:00:00
movie,321258,97,\N,\N,\N,OK,2017-07-26 00:00:00
movie,321303,100,\N,\N,\N,OK,2017-07-26 00:00:00
movie,321494,90,\N,\N,\N,OK,2017-07-26 00:00:00
movie,321528,72,\N,\N,\N,OK,2017-07-26 00:00:00
movie,321594,65,\N,\N,\N,OK,2017-07-26 00:00:00
movie,321612,129,\N,\N,\N,OK,2017-07-26 00:00:00
movie,321621,90,\N,\N,\N,OK,2017-07-26 00:00:00
movie,321640,240,\N,\N,\N,OK,2017-07-26 00:00:00
movie,321666,85,\N,\N,\N,OK,2017-07-26 00:00:00
movie,321697,122,\N,\N,\N,OK,2017-07-26 00:00:00
movie,321741,123,\N,\N,\N,OK,2017-07-26 00:00:00
movie,321751,106,\N,\N,\N,OK,2017-07-26 00:00:00
movie,321769,90,\N,\N,\N,OK,2017-07-26 00:00:00
movie,321974,106,\N,\N,\N,OK,2017-07-26 00:00:00
movie,322125,103,\N,\N,\N,OK,2017-07-26 00:00:00
movie,322240,87,\N,\N,\N,OK,2017-07-26 00:00:00
movie,322456,48,\N,\N,\N,OK,2017-07-26 00:00:00
movie,322488,90,\N,\N,\N,OK,2017-07-26 00:00:00
movie,322518,92,\N,\N,\N,OK,2017-07-26 00:00:00
movie,322766,90,\N,\N,\N,OK,2017-07-26 00:00:00
movie,322922,95,\N,\N,\N,OK,2017-07-26 00:00:00
movie,323027,76,\N,\N,\N,OK,2017-07-26 00:00:00
movie,323262,105,\N,\N,\N,OK,2017-07-26 00:00:00
movie,323272,120,\N,\N,\N,OK,2017-07-26 00:00:00
movie,323366,76,\N,\N,\N,OK,2017-07-26 00:00:00
movie,323370,86,\N,\N,\N,OK,2017-07-26 00:00:00
movie,323372,76,\N,\N,\N,OK,2017-07-26 00:00:00
movie,323373,86,\N,\N,\N,OK,2017-07-26 00:00:00
movie,323435,90,\N,\N,\N,OK,2017-07-26 00:00:00
movie,323517,128,\N,\N,\N,OK,2017-07-26 00:00:00
movie,323656,85,\N,\N,\N,OK,2017-07-26 00:00:00
movie,323660,90,\N,\N,\N,OK,2017-07-26 00:00:00
movie,323661,86,\N,\N,\N,OK,2017-07-26 00:00:00
movie,323674,84,\N,\N,\N,OK,2017-07-26 00:00:00
movie,323675,102,\N,\N,\N,OK,2017-07-26 00:00:00
movie,323676,91,\N,\N,\N,OK,2017-07-26 00:00:00
movie,323677,134,\N,\N,\N,OK,2017-07-26 00:00:00
movie,323694,98,\N,\N,\N,OK,2017-07-26 00:00:00
movie,323792,86,\N,\N,\N,OK,2017-07-26 00:00:00
movie,324253,94,\N,\N,\N,OK,2017-07-26 00:00:00
movie,324284,93,\N,\N,\N,OK,2017-07-26 00:00:00
movie,324291,91,\N,\N,\N,OK,2017-07-26 00:00:00
movie,324308,129,\N,\N,\N,OK,2017-07-26 00:00:00
movie,324325,90,\N,\N,\N,OK,2017-07-26 00:00:00
movie,324333,100,\N,\N,\N,OK,2017-07-26 00:00:00
movie,324542,95,\N,\N,\N,OK,2017-07-26 00:00:00
movie,324552,122,\N,\N,\N,OK,2017-07-26 00:00:00
movie,324560,148,\N,\N,\N,OK,2017-07-26 00:00:00
movie,324668,123,\N,\N,\N,OK,2017-07-26 00:00:00
movie,324670,108,\N,\N,\N,OK,2017-07-26 00:00:00
movie,324786,140,\N,\N,\N,OK,2017-07-26 00:00:00
movie,324803,85,\N,\N,\N,OK,2017-07-26 00:00:00
movie,324807,120,\N,\N,\N,OK,2017-07-26 00:00:00
movie,324849,104,\N,\N,\N,OK,2017-07-26 00:00:00
movie,324852,96,\N,\N,\N,OK,2017-07-26 00:00:00
movie,324963,75,\N,\N,\N,OK,2017-07-26 00:00:00
movie,325113,91,\N,\N,\N,OK,2017-07-26 00:00:00
movie,325133,91,\N,\N,\N,OK,2017-07-26 00:00:00
movie,325138,110,\N,\N,\N,OK,2017-07-26 00:00:00
movie,325173,80,\N,\N,\N,OK,2017-07-26 00:00:00
movie,325189,104,\N,\N,\N,OK,2017-07-26 00:00:00
movie,325302,80,\N,\N,\N,OK,2017-07-26 00:00:00
movie,325346,105,\N,\N,\N,OK,2017-07-26 00:00:00
movie,325348,97,\N,\N,\N,OK,2017-07-26 00:00:00
movie,325358,99,\N,\N,\N,OK,2017-07-26 00:00:00
movie,325385,130,\N,\N,\N,OK,2017-07-26 00:00:00
movie,325592,38,\N,\N,\N,OK,2017-07-26 00:00:00
movie,325690,115,\N,\N,\N,OK,2017-07-26 00:00:00
movie,325789,127,\N,\N,\N,OK,2017-07-26 00:00:00
movie,325848,80,\N,\N,\N,OK,2017-07-26 00:00:00
movie,326045,90,\N,\N,\N,OK,2017-07-26 00:00:00
movie,326094,88,\N,\N,\N,OK,2017-07-26 00:00:00
movie,326215,85,\N,\N,\N,OK,2017-07-26 00:00:00
movie,326284,104,\N,\N,\N,OK,2017-07-26 00:00:00
movie,326285,108,\N,\N,\N,OK,2017-07-26 00:00:00
movie,326359,8,\N,\N,\N,OK,2017-07-26 00:00:00
movie,326415,86,\N,\N,\N,OK,2017-07-26 00:00:00
movie,326423,112,\N,\N,\N,OK,2017-07-26 00:00:00
movie,326425,83,\N,\N,\N,OK,2017-07-26 00:00:00
movie,326446,80,\N,\N,\N,OK,2017-07-26 00:00:00
movie,326665,58,\N,\N,\N,OK,2017-07-26 00:00:00
movie,326923,88,\N,\N,\N,OK,2017-07-26 00:00:00
movie,327029,14,\N,\N,\N,OK,2017-07-26 00:00:00
movie,327253,95,\N,\N,\N,OK,2017-07-26 00:00:00
movie,327389,59,\N,\N,\N,OK,2017-07-26 00:00:00
movie,327418,78,\N,\N,\N,OK,2017-07-26 00:00:00
movie,327528,97,\N,\N,\N,OK,2017-07-26 00:00:00
movie,327536,119,\N,\N,\N,OK,2017-07-26 00:00:00
movie,327833,96,\N,\N,\N,OK,2017-07-26 00:00:00
movie,328111,87,\N,\N,\N,OK,2017-07-26 00:00:00
movie,328252,80,\N,\N,\N,OK,2017-07-26 00:00:00
movie,328387,96,\N,\N,\N,OK,2017-07-26 00:00:00
movie,328425,108,\N,\N,\N,OK,2017-07-26 00:00:00
movie,328429,90,\N,\N,\N,OK,2017-07-26 00:00:00
movie,328480,85,\N,\N,\N,OK,2017-07-26 00:00:00
movie,328589,104,\N,\N,\N,OK,2017-07-26 00:00:00
movie,328739,92,\N,\N,\N,OK,2017-07-26 00:00:00
movie,328869,105,\N,\N,\N,OK,2017-07-26 00:00:00
movie,328901,90,\N,\N,\N,OK,2017-07-26 00:00:00
movie,329004,104,\N,\N,\N,OK,2017-07-26 00:00:00
movie,329010,82,\N,\N,\N,OK,2017-07-26 00:00:00
movie,329020,73,\N,\N,\N,OK,2017-07-26 00:00:00
movie,329134,151,\N,\N,\N,OK,2017-07-26 00:00:00
movie,329243,65,\N,\N,\N,OK,2017-07-26 00:00:00
movie,329263,115,\N,\N,\N,OK,2017-07-26 00:00:00
movie,329289,91,\N,\N,\N,OK,2017-07-26 00:00:00
movie,329440,95,\N,\N,\N,OK,2017-07-26 00:00:00
movie,329540,90,\N,\N,\N,OK,2017-07-26 00:00:00
movie,329556,110,\N,\N,\N,OK,2017-07-26 00:00:00
movie,329712,93,\N,\N,\N,OK,2017-07-26 00:00:00
movie,329718,97,\N,\N,\N,OK,2017-07-26 00:00:00
movie,329724,88,\N,\N,\N,OK,2017-07-26 00:00:00
movie,329805,130,\N,\N,\N,OK,2017-07-26 00:00:00
movie,329809,98,\N,\N,\N,OK,2017-07-26 00:00:00
movie,329815,100,\N,\N,\N,OK,2017-07-26 00:00:00
movie,329829,106,\N,\N,\N,OK,2017-07-26 00:00:00
movie,329833,100,\N,\N,\N,OK,2017-07-26 00:00:00
movie,329865,113,\N,\N,\N,OK,2017-07-26 00:00:00
movie,329981,91,\N,\N,\N,OK,2017-07-26 00:00:00
movie,330007,101,\N,\N,\N,OK,2017-07-26 00:00:00
movie,330037,156,\N,\N,\N,OK,2017-07-26 00:00:00
movie,330070,109,\N,\N,\N,OK,2017-07-26 00:00:00
movie,330112,102,\N,\N,\N,OK,2017-07-26 00:00:00
movie,330115,93,\N,\N,\N,OK,2017-07-26 00:00:00
movie,330127,95,\N,\N,\N,OK,2017-07-26 00:00:00
movie,330171,104,\N,\N,\N,OK,2017-07-26 00:00:00
movie,330206,116,\N,\N,\N,OK,2017-07-26 00:00:00
movie,330294,105,\N,\N,\N,OK,2017-07-26 00:00:00
movie,330298,93,\N,\N,\N,OK,2017-07-26 00:00:00
movie,330333,98,\N,\N,\N,OK,2017-07-26 00:00:00
movie,330348,100,\N,\N,\N,OK,2017-07-26 00:00:00
movie,330459,133,\N,\N,\N,OK,2017-07-26 00:00:00
movie,330483,111,\N,\N,\N,OK,2017-07-26 00:00:00
movie,330544,107,\N,\N,\N,OK,2017-07-26 00:00:00
movie,330764,105,\N,\N,\N,OK,2017-07-26 00:00:00
movie,330770,81,\N,\N,\N,OK,2017-07-26 00:00:00
movie,330947,129,\N,\N,\N,OK,2017-07-26 00:00:00
movie,330982,115,\N,\N,\N,OK,2017-07-26 00:00:00
movie,331190,97,\N,\N,\N,OK,2017-07-26 00:00:00
movie,331214,705,\N,\N,\N,OK,2017-07-26 00:00:00
movie,331251,115,\N,\N,\N,OK,2017-07-26 00:00:00
movie,331313,105,\N,\N,\N,OK,2017-07-26 00:00:00
movie,331392,89,\N,\N,\N,OK,2017-07-26 00:00:00
movie,331446,88,\N,\N,\N,OK,2017-07-26 00:00:00
movie,331576,120,\N,\N,\N,OK,2017-07-26 00:00:00
movie,331583,93,\N,\N,\N,OK,2017-07-26 00:00:00
movie,331588,99,\N,\N,\N,OK,2017-07-26 00:00:00
movie,331781,128,\N,\N,\N,OK,2017-07-26 00:00:00
movie,331836,93,\N,\N,\N,OK,2017-07-26 00:00:00
movie,331962,102,\N,\N,\N,OK,2017-07-26 00:00:00
movie,332177,90,\N,\N,\N,OK,2017-07-26 00:00:00
movie,332179,93,\N,\N,\N,OK,2017-07-26 00:00:00
movie,332210,87,\N,\N,\N,OK,2017-07-26 00:00:00
movie,332270,110,\N,\N,\N,OK,2017-07-26 00:00:00
movie,332340,88,\N,\N,\N,OK,2017-07-26 00:00:00
movie,332356,132,\N,\N,\N,OK,2017-07-26 00:00:00
movie,332411,92,\N,\N,\N,OK,2017-07-26 00:00:00
movie,332502,91,\N,\N,\N,OK,2017-07-26 00:00:00
movie,332567,86,\N,\N,\N,OK,2017-07-26 00:00:00
movie,332704,90,\N,\N,\N,OK,2017-07-26 00:00:00
movie,332706,80,\N,\N,\N,OK,2017-07-26 00:00:00
movie,332709,90,\N,\N,\N,OK,2017-07-26 00:00:00
movie,332721,100,\N,\N,\N,OK,2017-07-26 00:00:00
movie,332794,122,\N,\N,\N,OK,2017-07-26 00:00:00
movie,332835,123,\N,\N,\N,OK,2017-07-26 00:00:00
movie,332872,96,\N,\N,\N,OK,2017-07-26 00:00:00
movie,332976,95,\N,\N,\N,OK,2017-07-26 00:00:00
movie,332979,116,\N,\N,\N,OK,2017-07-26 00:00:00
movie,333088,91,\N,\N,\N,OK,2017-07-26 00:00:00
movie,333091,91,\N,\N,\N,OK,2017-07-26 00:00:00
movie,333287,96,\N,\N,\N,OK,2017-07-26 00:00:00
movie,333348,107,\N,\N,\N,OK,2017-07-26 00:00:00
movie,333352,102,\N,\N,\N,OK,2017-07-26 00:00:00
movie,333354,108,\N,\N,\N,OK,2017-07-26 00:00:00
movie,333371,103,\N,\N,\N,OK,2017-07-26 00:00:00
movie,333372,4,\N,\N,\N,OK,2017-07-26 00:00:00
movie,333377,73,\N,\N,\N,OK,2017-07-26 00:00:00
movie,333381,95,\N,\N,\N,OK,2017-07-26 00:00:00
movie,333384,99,\N,\N,\N,OK,2017-07-26 00:00:00
movie,333385,95,\N,\N,\N,OK,2017-07-26 00:00:00
movie,333386,110,\N,\N,\N,OK,2017-07-26 00:00:00
movie,333484,132,\N,\N,\N,OK,2017-07-26 00:00:00
movie,333594,100,\N,\N,\N,OK,2017-07-26 00:00:00
movie,333596,123,\N,\N,\N,OK,2017-07-26 00:00:00
movie,333663,98,\N,\N,\N,OK,2017-07-26 00:00:00
movie,333667,90,\N,\N,\N,OK,2017-07-26 00:00:00
movie,333669,92,\N,\N,\N,OK,2017-07-26 00:00:00
movie,333674,90,\N,\N,\N,OK,2017-07-26 00:00:00
movie,333696,105,\N,\N,\N,OK,2017-07-26 00:00:00
movie,334028,82,\N,\N,\N,OK,2017-07-26 00:00:00
movie,334074,96,\N,\N,\N,OK,2017-07-26 00:00:00
movie,334175,96,\N,\N,\N,OK,2017-07-26 00:00:00
movie,334298,111,\N,\N,\N,OK,2017-07-26 00:00:00
movie,334304,97,\N,\N,\N,OK,2017-07-26 00:00:00
movie,334376,100,\N,\N,\N,OK,2017-07-26 00:00:00
movie,334394,97,\N,\N,\N,OK,2017-07-26 00:00:00
movie,334495,90,\N,\N,\N,OK,2017-07-26 00:00:00
movie,334517,108,\N,\N,\N,OK,2017-07-26 00:00:00
movie,334521,90,\N,\N,\N,OK,2017-07-26 00:00:00
movie,334522,103,\N,\N,\N,OK,2017-07-26 00:00:00
movie,334524,120,\N,\N,\N,OK,2017-07-26 00:00:00
movie,334527,94,\N,\N,\N,OK,2017-07-26 00:00:00
movie,334531,118,\N,\N,\N,OK,2017-07-26 00:00:00
movie,334532,93,\N,\N,\N,OK,2017-07-26 00:00:00
movie,334533,119,\N,\N,\N,OK,2017-07-26 00:00:00
movie,334536,93,\N,\N,\N,OK,2017-07-26 00:00:00
movie,334538,101,\N,\N,\N,OK,2017-07-26 00:00:00
movie,334541,135,\N,\N,\N,OK,2017-07-26 00:00:00
movie,334543,118,\N,\N,\N,OK,2017-07-26 00:00:00
movie,334557,98,\N,\N,\N,OK,2017-07-26 00:00:00
movie,334878,90,\N,\N,\N,OK,2017-07-26 00:00:00
movie,335051,87,\N,\N,\N,OK,2017-07-26 00:00:00
movie,335053,100,\N,\N,\N,OK,2017-07-26 00:00:00
movie,335077,88,\N,\N,\N,OK,2017-07-26 00:00:00
movie,335145,95,\N,\N,\N,OK,2017-07-26 00:00:00
movie,335209,72,\N,\N,\N,OK,2017-07-26 00:00:00
movie,335462,90,\N,\N,\N,OK,2017-07-26 00:00:00
movie,335578,100,\N,\N,\N,OK,2017-07-26 00:00:00
movie,335778,107,\N,\N,\N,OK,2017-07-26 00:00:00
movie,335791,97,\N,\N,\N,OK,2017-07-26 00:00:00
movie,335796,99,\N,\N,\N,OK,2017-07-26 00:00:00
movie,335797,108,\N,\N,\N,OK,2017-07-26 00:00:00
movie,335819,92,\N,\N,\N,OK,2017-07-26 00:00:00
movie,335866,87,\N,\N,\N,OK,2017-07-26 00:00:00
movie,335970,107,\N,\N,\N,OK,2017-07-26 00:00:00
movie,335988,149,\N,\N,\N,OK,2017-07-26 00:00:00
movie,336000,127,\N,\N,\N,OK,2017-07-26 00:00:00
movie,336004,93,\N,\N,\N,OK,2017-07-26 00:00:00
movie,336011,88,\N,\N,\N,OK,2017-07-26 00:00:00
movie,336026,120,\N,\N,\N,OK,2017-07-26 00:00:00
movie,336029,95,\N,\N,\N,OK,2017-07-26 00:00:00
movie,336050,107,\N,\N,\N,OK,2017-07-26 00:00:00
movie,336149,103,\N,\N,\N,OK,2017-07-26 00:00:00
movie,336199,100,\N,\N,\N,OK,2017-07-26 00:00:00
movie,336203,109,\N,\N,\N,OK,2017-07-26 00:00:00
movie,336211,128,\N,\N,\N,OK,2017-07-26 00:00:00
movie,336222,93,\N,\N,\N,OK,2017-07-26 00:00:00
movie,336265,87,\N,\N,\N,OK,2017-07-26 00:00:00
movie,336313,86,\N,\N,\N,OK,2017-07-26 00:00:00
movie,336445,92,\N,\N,\N,OK,2017-07-26 00:00:00
movie,336455,86,\N,\N,\N,OK,2017-07-26 00:00:00
movie,336560,92,\N,\N,\N,OK,2017-07-26 00:00:00
movie,336652,100,\N,\N,\N,OK,2017-07-26 00:00:00
movie,336744,110,\N,\N,\N,OK,2017-07-26 00:00:00
movie,336804,97,\N,\N,\N,OK,2017-07-26 00:00:00
movie,336805,108,\N,\N,\N,OK,2017-07-26 00:00:00
movie,336807,79,\N,\N,\N,OK,2017-07-26 00:00:00
movie,336808,125,\N,\N,\N,OK,2017-07-26 00:00:00
movie,336811,114,\N,\N,\N,OK,2017-07-26 00:00:00
movie,336845,88,\N,\N,\N,OK,2017-07-26 00:00:00
movie,336882,104,\N,\N,\N,OK,2017-07-26 00:00:00
movie,336884,90,\N,\N,\N,OK,2017-07-26 00:00:00
movie,336890,101,\N,\N,\N,OK,2017-07-26 00:00:00
movie,337029,89,\N,\N,\N,OK,2017-07-26 00:00:00
movie,337085,101,\N,\N,\N,OK,2017-07-26 00:00:00
movie,337104,93,\N,\N,\N,OK,2017-07-26 00:00:00
movie,337107,91,\N,\N,\N,OK,2017-07-26 00:00:00
movie,337154,100,\N,\N,\N,OK,2017-07-26 00:00:00
movie,337339,136,\N,\N,\N,OK,2017-07-26 00:00:00
movie,337663,81,\N,\N,\N,OK,2017-07-26 00:00:00
movie,337674,130,\N,\N,\N,OK,2017-07-26 00:00:00
movie,337677,103,\N,\N,\N,OK,2017-07-26 00:00:00
movie,337703,80,\N,\N,\N,OK,2017-07-26 00:00:00
movie,337844,110,\N,\N,\N,OK,2017-07-26 00:00:00
movie,337874,102,\N,\N,\N,OK,2017-07-26 00:00:00
movie,337876,128,\N,\N,\N,OK,2017-07-26 00:00:00
movie,337879,90,\N,\N,\N,OK,2017-07-26 00:00:00
movie,337960,128,\N,\N,\N,OK,2017-07-26 00:00:00
movie,338065,170,\N,\N,\N,OK,2017-07-26 00:00:00
movie,338189,96,\N,\N,\N,OK,2017-07-26 00:00:00
movie,338517,120,\N,\N,\N,OK,2017-07-26 00:00:00
movie,338544,105,\N,\N,\N,OK,2017-07-26 00:00:00
movie,338676,110,\N,\N,\N,OK,2017-07-26 00:00:00
movie,338729,127,\N,\N,\N,OK,2017-07-26 00:00:00
movie,338766,102,\N,\N,\N,OK,2017-07-26 00:00:00
movie,338803,133,\N,\N,\N,OK,2017-07-26 00:00:00
movie,338913,94,\N,\N,\N,OK,2017-07-26 00:00:00
movie,338928,87,\N,\N,\N,OK,2017-07-26 00:00:00
movie,338964,87,\N,\N,\N,OK,2017-07-26 00:00:00
movie,339060,94,\N,\N,\N,OK,2017-07-26 00:00:00
movie,339065,92,\N,\N,\N,OK,2017-07-26 00:00:00
movie,339116,88,\N,\N,\N,OK,2017-07-26 00:00:00
movie,339145,86,\N,\N,\N,OK,2017-07-26 00:00:00
movie,339148,78,\N,\N,\N,OK,2017-07-26 00:00:00
movie,339274,139,\N,\N,\N,OK,2017-07-26 00:00:00
movie,339355,99,\N,\N,\N,OK,2017-07-26 00:00:00
movie,339362,82,\N,\N,\N,OK,2017-07-26 00:00:00
movie,339396,98,\N,\N,\N,OK,2017-07-26 00:00:00
movie,339397,96,\N,\N,\N,OK,2017-07-26 00:00:00
movie,339403,113,\N,\N,\N,OK,2017-07-26 00:00:00
movie,339405,123,\N,\N,\N,OK,2017-07-26 00:00:00
movie,339408,120,\N,\N,\N,OK,2017-07-26 00:00:00
movie,339419,123,\N,\N,\N,OK,2017-07-26 00:00:00
movie,339526,82,\N,\N,\N,OK,2017-07-26 00:00:00
movie,339527,101,\N,\N,\N,OK,2017-07-26 00:00:00
movie,339530,99,\N,\N,\N,OK,2017-07-26 00:00:00
movie,339533,90,\N,\N,\N,OK,2017-07-26 00:00:00
movie,339547,87,\N,\N,\N,OK,2017-07-26 00:00:00
movie,339692,121,\N,\N,\N,OK,2017-07-26 00:00:00
movie,339751,79,\N,\N,\N,OK,2017-07-26 00:00:00
movie,339792,96,\N,\N,\N,OK,2017-07-26 00:00:00
movie,339846,116,\N,\N,\N,OK,2017-07-26 00:00:00
movie,339927,96,\N,\N,\N,OK,2017-07-26 00:00:00
movie,339964,137,\N,\N,\N,OK,2017-07-26 00:00:00
movie,339967,110,\N,\N,\N,OK,2017-07-26 00:00:00
movie,339984,117,\N,\N,\N,OK,2017-07-26 00:00:00
movie,339987,107,\N,\N,\N,OK,2017-07-26 00:00:00
movie,339988,110,\N,\N,\N,OK,2017-07-26 00:00:00
movie,339992,82,\N,\N,\N,OK,2017-07-26 00:00:00
movie,339994,98,\N,\N,\N,OK,2017-07-26 00:00:00
movie,340027,95,\N,\N,\N,OK,2017-07-26 00:00:00
movie,340101,117,\N,\N,\N,OK,2017-07-26 00:00:00
movie,340103,91,\N,\N,\N,OK,2017-07-26 00:00:00
movie,340176,85,\N,\N,\N,OK,2017-07-26 00:00:00
movie,340255,108,\N,\N,\N,OK,2017-07-26 00:00:00
movie,340275,127,\N,\N,\N,OK,2017-07-26 00:00:00
movie,340357,103,\N,\N,\N,OK,2017-07-26 00:00:00
movie,340382,87,\N,\N,\N,OK,2017-07-26 00:00:00
movie,340402,111,\N,\N,\N,OK,2017-07-26 00:00:00
movie,340481,106,\N,\N,\N,OK,2017-07-26 00:00:00
movie,340485,162,\N,\N,\N,OK,2017-07-26 00:00:00
movie,340487,107,\N,\N,\N,OK,2017-07-26 00:00:00
movie,340488,98,\N,\N,\N,OK,2017-07-26 00:00:00
movie,340584,92,\N,\N,\N,OK,2017-07-26 00:00:00
movie,340611,110,\N,\N,\N,OK,2017-07-26 00:00:00
movie,340666,116,\N,\N,\N,OK,2017-07-26 00:00:00
movie,340676,105,\N,\N,\N,OK,2017-07-26 00:00:00
movie,340677,96,\N,\N,\N,OK,2017-07-26 00:00:00
movie,340684,89,\N,\N,\N,OK,2017-07-26 00:00:00
movie,340746,102,\N,\N,\N,OK,2017-07-26 00:00:00
movie,340837,146,\N,\N,\N,OK,2017-07-26 00:00:00
movie,340945,128,\N,\N,\N,OK,2017-07-26 00:00:00
movie,341006,88,\N,\N,\N,OK,2017-07-26 00:00:00
movie,341012,86,\N,\N,\N,OK,2017-07-26 00:00:00
movie,341013,115,\N,\N,\N,OK,2017-07-26 00:00:00
movie,341077,80,\N,\N,\N,OK,2017-07-26 00:00:00
movie,341174,118,\N,\N,\N,OK,2017-07-26 00:00:00
movie,341392,99,\N,\N,\N,OK,2017-07-26 00:00:00
movie,341420,116,\N,\N,\N,OK,2017-07-26 00:00:00
movie,341689,102,\N,\N,\N,OK,2017-07-26 00:00:00
movie,341744,108,\N,\N,\N,OK,2017-07-26 00:00:00
movie,341895,165,\N,\N,\N,OK,2017-07-26 00:00:00
movie,342021,110,\N,\N,\N,OK,2017-07-26 00:00:00
movie,342281,97,\N,\N,\N,OK,2017-07-26 00:00:00
movie,342464,102,\N,\N,\N,OK,2017-07-26 00:00:00
movie,342473,89,\N,\N,\N,OK,2017-07-26 00:00:00
movie,342474,94,\N,\N,\N,OK,2017-07-26 00:00:00
movie,342521,94,\N,\N,\N,OK,2017-07-26 00:00:00
movie,342588,120,\N,\N,\N,OK,2017-07-26 00:00:00
movie,342657,99,\N,\N,\N,OK,2017-07-26 00:00:00
movie,342672,86,\N,\N,\N,OK,2017-07-26 00:00:00
movie,342737,119,\N,\N,\N,OK,2017-07-26 00:00:00
movie,342878,105,\N,\N,\N,OK,2017-07-26 00:00:00
movie,342917,81,\N,\N,\N,OK,2017-07-26 00:00:00
movie,342927,90,\N,\N,\N,OK,2017-07-26 00:00:00
movie,343070,90,\N,\N,\N,OK,2017-07-26 00:00:00
movie,343173,87,\N,\N,\N,OK,2017-07-26 00:00:00
movie,343284,85,\N,\N,\N,OK,2017-07-26 00:00:00
movie,343295,51,\N,\N,\N,OK,2017-07-26 00:00:00
movie,343369,93,\N,\N,\N,OK,2017-07-26 00:00:00
movie,343371,98,\N,\N,\N,OK,2017-07-26 00:00:00
movie,343611,118,\N,\N,\N,OK,2017-07-26 00:00:00
movie,343795,121,\N,\N,\N,OK,2017-07-26 00:00:00
movie,343843,130,\N,\N,\N,OK,2017-07-26 00:00:00
movie,343921,90,\N,\N,\N,OK,2017-07-26 00:00:00
movie,343934,108,\N,\N,\N,OK,2017-07-26 00:00:00
movie,343977,73,\N,\N,\N,OK,2017-07-26 00:00:00
movie,344041,80,\N,\N,\N,OK,2017-07-26 00:00:00
movie,344120,100,\N,\N,\N,OK,2017-07-26 00:00:00
movie,344147,83,\N,\N,\N,OK,2017-07-26 00:00:00
movie,344277,82,\N,\N,\N,OK,2017-07-26 00:00:00
movie,344854,90,\N,\N,\N,OK,2017-07-26 00:00:00
movie,345009,106,\N,\N,\N,OK,2017-07-26 00:00:00
movie,345235,113,\N,\N,\N,OK,2017-07-26 00:00:00
movie,345323,99,\N,\N,\N,OK,2017-07-26 00:00:00
movie,345468,78,\N,\N,\N,OK,2017-07-26 00:00:00
movie,345637,7,\N,\N,\N,OK,2017-07-26 00:00:00
movie,345775,80,\N,\N,\N,OK,2017-07-26 00:00:00
movie,345911,81,\N,\N,\N,OK,2017-07-26 00:00:00
movie,345914,88,\N,\N,\N,OK,2017-07-26 00:00:00
movie,345915,94,\N,\N,\N,OK,2017-07-26 00:00:00
movie,345918,112,\N,\N,\N,OK,2017-07-26 00:00:00
movie,345920,97,\N,\N,\N,OK,2017-07-26 00:00:00
movie,345922,91,\N,\N,\N,OK,2017-07-26 00:00:00
movie,345925,102,\N,\N,\N,OK,2017-07-26 00:00:00
movie,345931,77,\N,\N,\N,OK,2017-07-26 00:00:00
movie,345938,132,\N,\N,\N,OK,2017-07-26 00:00:00
movie,345944,96,\N,\N,\N,OK,2017-07-26 00:00:00
movie,346034,106,\N,\N,\N,OK,2017-07-26 00:00:00
movie,346134,86,\N,\N,\N,OK,2017-07-26 00:00:00
movie,346401,85,\N,\N,\N,OK,2017-07-26 00:00:00
movie,346489,84,\N,\N,\N,OK,2017-07-26 00:00:00
movie,346592,91,\N,\N,\N,OK,2017-07-26 00:00:00
movie,346641,88,\N,\N,\N,OK,2017-07-26 00:00:00
movie,346646,124,\N,\N,\N,OK,2017-07-26 00:00:00
movie,346650,70,\N,\N,\N,OK,2017-07-26 00:00:00
movie,346651,91,\N,\N,\N,OK,2017-07-26 00:00:00
movie,346672,91,\N,\N,\N,OK,2017-07-26 00:00:00
movie,346681,94,\N,\N,\N,OK,2017-07-26 00:00:00
movie,346685,112,\N,\N,\N,OK,2017-07-26 00:00:00
movie,346808,96,\N,\N,\N,OK,2017-07-26 00:00:00
movie,347026,111,\N,\N,\N,OK,2017-07-26 00:00:00
movie,347031,97,\N,\N,\N,OK,2017-07-26 00:00:00
movie,347033,100,\N,\N,\N,OK,2017-07-26 00:00:00
movie,347035,96,\N,\N,\N,OK,2017-07-26 00:00:00
movie,347096,108,\N,\N,\N,OK,2017-07-26 00:00:00
movie,347123,132,\N,\N,\N,OK,2017-07-26 00:00:00
movie,347126,121,\N,\N,\N,OK,2017-07-26 00:00:00
movie,347201,100,\N,\N,\N,OK,2017-07-26 00:00:00
movie,347413,55,\N,\N,\N,OK,2017-07-26 00:00:00
movie,347548,77,\N,\N,\N,OK,2017-07-26 00:00:00
movie,347630,86,\N,\N,\N,OK,2017-07-26 00:00:00
movie,347642,90,\N,\N,\N,OK,2017-07-26 00:00:00
movie,347688,79,\N,\N,\N,OK,2017-07-26 00:00:00
movie,347689,90,\N,\N,\N,OK,2017-07-26 00:00:00
movie,347751,87,\N,\N,\N,OK,2017-07-26 00:00:00
movie,347752,95,\N,\N,\N,OK,2017-07-26 00:00:00
movie,347754,86,\N,\N,\N,OK,2017-07-26 00:00:00
movie,347757,85,\N,\N,\N,OK,2017-07-26 00:00:00
movie,347762,81,\N,\N,\N,OK,2017-07-26 00:00:00
movie,347847,84,\N,\N,\N,OK,2017-07-26 00:00:00
movie,347881,101,\N,\N,\N,OK,2017-07-26 00:00:00
movie,347945,101,\N,\N,\N,OK,2017-07-26 00:00:00
movie,347968,6,\N,\N,\N,OK,2017-07-26 00:00:00
movie,347969,119,\N,\N,\N,OK,2017-07-26 00:00:00
movie,348025,113,\N,\N,\N,OK,2017-07-26 00:00:00
movie,348060,92,\N,\N,\N,OK,2017-07-26 00:00:00
movie,348089,180,\N,\N,\N,OK,2017-07-26 00:00:00
movie,348389,94,\N,\N,\N,OK,2017-07-26 00:00:00
movie,348390,110,\N,\N,\N,OK,2017-07-26 00:00:00
movie,348537,106,\N,\N,\N,OK,2017-07-26 00:00:00
movie,348634,84,\N,\N,\N,OK,2017-07-26 00:00:00
movie,348668,112,\N,\N,\N,OK,2017-07-26 00:00:00
movie,348674,115,\N,\N,\N,OK,2017-07-26 00:00:00
movie,348677,105,\N,\N,\N,OK,2017-07-26 00:00:00
movie,348678,116,\N,\N,\N,OK,2017-07-26 00:00:00
movie,348689,121,\N,\N,\N,OK,2017-07-26 00:00:00
movie,348811,92,\N,\N,\N,OK,2017-07-26 00:00:00
movie,348892,163,\N,\N,\N,OK,2017-07-26 00:00:00
movie,348893,87,\N,\N,\N,OK,2017-07-26 00:00:00
movie,349158,72,\N,\N,\N,OK,2017-07-26 00:00:00
movie,349176,110,\N,\N,\N,OK,2017-07-26 00:00:00
movie,349498,117,\N,\N,\N,OK,2017-07-26 00:00:00
movie,350060,129,\N,\N,\N,OK,2017-07-26 00:00:00
movie,350312,161,\N,\N,\N,OK,2017-07-26 00:00:00
movie,350499,73,\N,\N,\N,OK,2017-07-26 00:00:00
movie,350505,98,\N,\N,\N,OK,2017-07-26 00:00:00
movie,350845,113,\N,\N,\N,OK,2017-07-26 00:00:00
movie,350849,93,\N,\N,\N,OK,2017-07-26 00:00:00
movie,351037,93,\N,\N,\N,OK,2017-07-26 00:00:00
movie,351043,90,\N,\N,\N,OK,2017-07-26 00:00:00
movie,351065,96,\N,\N,\N,OK,2017-07-26 00:00:00
movie,351145,100,\N,\N,\N,OK,2017-07-26 00:00:00
movie,351211,90,\N,\N,\N,OK,2017-07-26 00:00:00
movie,351242,90,\N,\N,\N,OK,2017-07-26 00:00:00
movie,351339,120,\N,\N,\N,OK,2017-07-26 00:00:00
movie,351454,108,\N,\N,\N,OK,2017-07-26 00:00:00
movie,351694,89,\N,\N,\N,OK,2017-07-26 00:00:00
movie,351809,96,\N,\N,\N,OK,2017-07-26 00:00:00
movie,351819,92,\N,\N,\N,OK,2017-07-26 00:00:00
movie,351901,90,\N,\N,\N,OK,2017-07-26 00:00:00
movie,351964,88,\N,\N,\N,OK,2017-07-26 00:00:00
movie,352025,115,\N,\N,\N,OK,2017-07-26 00:00:00
movie,352157,127,\N,\N,\N,OK,2017-07-26 00:00:00
movie,352161,110,\N,\N,\N,OK,2017-07-26 00:00:00
movie,352162,93,\N,\N,\N,OK,2017-07-26 00:00:00
movie,352173,163,\N,\N,\N,OK,2017-07-26 00:00:00
movie,352179,110,\N,\N,\N,OK,2017-07-26 00:00:00
movie,352186,86,\N,\N,\N,OK,2017-07-26 00:00:00
movie,352205,116,\N,\N,\N,OK,2017-07-26 00:00:00
movie,352208,120,\N,\N,\N,OK,2017-07-26 00:00:00
movie,352372,78,\N,\N,\N,OK,2017-07-26 00:00:00
movie,352490,100,\N,\N,\N,OK,2017-07-26 00:00:00
movie,352492,92,\N,\N,\N,OK,2017-07-26 00:00:00
movie,352498,91,\N,\N,\N,OK,2017-07-26 00:00:00
movie,352501,86,\N,\N,\N,OK,2017-07-26 00:00:00
movie,352695,93,\N,\N,\N,OK,2017-07-26 00:00:00
movie,352733,90,\N,\N,\N,OK,2017-07-26 00:00:00
movie,352812,6,\N,\N,\N,OK,2017-07-26 00:00:00
movie,352890,89,\N,\N,\N,OK,2017-07-26 00:00:00
movie,352978,88,\N,\N,\N,OK,2017-07-26 00:00:00
movie,353069,118,\N,\N,\N,OK,2017-07-26 00:00:00
movie,353070,96,\N,\N,\N,OK,2017-07-26 00:00:00
movie,353257,89,\N,\N,\N,OK,2017-07-26 00:00:00
movie,353326,108,\N,\N,\N,OK,2017-07-26 00:00:00
movie,353433,89,\N,\N,\N,OK,2017-07-26 00:00:00
movie,353446,90,\N,\N,\N,OK,2017-07-26 00:00:00
movie,353464,132,\N,\N,\N,OK,2017-07-26 00:00:00
movie,353491,95,\N,\N,\N,OK,2017-07-26 00:00:00
movie,353569,87,\N,\N,\N,OK,2017-07-26 00:00:00
movie,353571,111,\N,\N,\N,OK,2017-07-26 00:00:00
movie,353595,67,\N,\N,\N,OK,2017-07-26 00:00:00
movie,353609,91,\N,\N,\N,OK,2017-07-26 00:00:00
movie,353610,90,\N,\N,\N,OK,2017-07-26 00:00:00
movie,353686,80,\N,\N,\N,OK,2017-07-26 00:00:00
movie,353728,90,\N,\N,\N,OK,2017-07-26 00:00:00
movie,353979,94,\N,\N,\N,OK,2017-07-26 00:00:00
movie,353989,90,\N,\N,\N,OK,2017-07-26 00:00:00
movie,354072,134,\N,\N,\N,OK,2017-07-26 00:00:00
movie,354110,90,\N,\N,\N,OK,2017-07-26 00:00:00
movie,354216,90,\N,\N,\N,OK,2017-07-26 00:00:00
movie,354220,95,\N,\N,\N,OK,2017-07-26 00:00:00
movie,354251,89,\N,\N,\N,OK,2017-07-26 00:00:00
movie,354275,121,\N,\N,\N,OK,2017-07-26 00:00:00
movie,354282,95,\N,\N,\N,OK,2017-07-26 00:00:00
movie,354285,108,\N,\N,\N,OK,2017-07-26 00:00:00
movie,354287,122,\N,\N,\N,OK,2017-07-26 00:00:00
movie,354556,100,\N,\N,\N,OK,2017-07-26 00:00:00
movie,354857,70,\N,\N,\N,OK,2017-07-26 00:00:00
movie,354859,130,\N,\N,\N,OK,2017-07-26 00:00:00
movie,354924,80,\N,\N,\N,OK,2017-07-26 00:00:00
movie,354979,93,\N,\N,\N,OK,2017-07-26 00:00:00
movie,355008,100,\N,\N,\N,OK,2017-07-26 00:00:00
movie,355020,98,\N,\N,\N,OK,2017-07-26 00:00:00
movie,355065,105,\N,\N,\N,OK,2017-07-26 00:00:00
movie,355066,82,\N,\N,\N,OK,2017-07-26 00:00:00
movie,355111,84,\N,\N,\N,OK,2017-07-26 00:00:00
movie,355193,94,\N,\N,\N,OK,2017-07-26 00:00:00
movie,355277,76,\N,\N,\N,OK,2017-07-26 00:00:00
movie,355338,5,\N,\N,\N,OK,2017-07-26 00:00:00
movie,355506,82,\N,\N,\N,OK,2017-07-26 00:00:00
movie,355998,90,\N,\N,\N,OK,2017-07-26 00:00:00
movie,356057,94,\N,\N,\N,OK,2017-07-26 00:00:00
movie,356149,90,\N,\N,\N,OK,2017-07-26 00:00:00
movie,356161,84,\N,\N,\N,OK,2017-07-26 00:00:00
movie,356191,94,\N,\N,\N,OK,2017-07-26 00:00:00
movie,356296,130,\N,\N,\N,OK,2017-07-26 00:00:00
movie,356298,90,\N,\N,\N,OK,2017-07-26 00:00:00
movie,356300,101,\N,\N,\N,OK,2017-07-26 00:00:00
movie,356305,111,\N,\N,\N,OK,2017-07-26 00:00:00
movie,356326,85,\N,\N,\N,OK,2017-07-26 00:00:00
movie,356334,114,\N,\N,\N,OK,2017-07-26 00:00:00
movie,356486,105,\N,\N,\N,OK,2017-07-26 00:00:00
movie,356500,97,\N,\N,\N,OK,2017-07-26 00:00:00
movie,356626,95,\N,\N,\N,OK,2017-07-26 00:00:00
movie,356905,95,\N,\N,\N,OK,2017-07-26 00:00:00
movie,357096,91,\N,\N,\N,OK,2017-07-26 00:00:00
movie,357681,138,\N,\N,\N,OK,2017-07-26 00:00:00
movie,357786,64,\N,\N,\N,OK,2017-07-26 00:00:00
movie,357940,134,\N,\N,\N,OK,2017-07-26 00:00:00
movie,358430,81,\N,\N,\N,OK,2017-07-26 00:00:00
movie,358881,94,\N,\N,\N,OK,2017-07-26 00:00:00
movie,358895,97,\N,\N,\N,OK,2017-07-26 00:00:00
movie,358962,93,\N,\N,\N,OK,2017-07-26 00:00:00
movie,359025,103,\N,\N,\N,OK,2017-07-26 00:00:00
movie,359105,118,\N,\N,\N,OK,2017-07-26 00:00:00
movie,359108,100,\N,\N,\N,OK,2017-07-26 00:00:00
movie,359151,100,\N,\N,\N,OK,2017-07-26 00:00:00
movie,359156,100,\N,\N,\N,OK,2017-07-26 00:00:00
movie,359245,78,\N,\N,\N,OK,2017-07-26 00:00:00
movie,359246,93,\N,\N,\N,OK,2017-07-26 00:00:00
movie,359305,86,\N,\N,\N,OK,2017-07-26 00:00:00
movie,359364,263,\N,\N,\N,OK,2017-07-26 00:00:00
movie,359412,107,\N,\N,\N,OK,2017-07-26 00:00:00
movie,359784,115,\N,\N,\N,OK,2017-07-26 00:00:00
movie,359790,90,\N,\N,\N,OK,2017-07-26 00:00:00
movie,359871,99,\N,\N,\N,OK,2017-07-26 00:00:00
movie,359983,44,\N,\N,\N,OK,2017-07-26 00:00:00
movie,360030,98,\N,\N,\N,OK,2017-07-26 00:00:00
movie,360055,88,\N,\N,\N,OK,2017-07-26 00:00:00
movie,360203,95,\N,\N,\N,OK,2017-07-26 00:00:00
movie,360249,99,\N,\N,\N,OK,2017-07-26 00:00:00
movie,360339,97,\N,\N,\N,OK,2017-07-26 00:00:00
movie,360365,95,\N,\N,\N,OK,2017-07-26 00:00:00
movie,360387,92,\N,\N,\N,OK,2017-07-26 00:00:00
movie,360389,90,\N,\N,\N,OK,2017-07-26 00:00:00
movie,360404,72,\N,\N,\N,OK,2017-07-26 00:00:00
movie,360551,108,\N,\N,\N,OK,2017-07-26 00:00:00
movie,360603,84,\N,\N,\N,OK,2017-07-26 00:00:00
movie,360604,87,\N,\N,\N,OK,2017-07-26 00:00:00
movie,360605,77,\N,\N,\N,OK,2017-07-26 00:00:00
movie,360606,105,\N,\N,\N,OK,2017-07-26 00:00:00
movie,360638,100,\N,\N,\N,OK,2017-07-26 00:00:00
movie,360737,115,\N,\N,\N,OK,2017-07-26 00:00:00
movie,360784,83,\N,\N,\N,OK,2017-07-26 00:00:00
movie,360814,161,\N,\N,\N,OK,2017-07-26 00:00:00
movie,361018,88,\N,\N,\N,OK,2017-07-26 00:00:00
movie,361159,97,\N,\N,\N,OK,2017-07-26 00:00:00
movie,361263,87,\N,\N,\N,OK,2017-07-26 00:00:00
movie,361380,76,\N,\N,\N,OK,2017-07-26 00:00:00
movie,361597,115,\N,\N,\N,OK,2017-07-26 00:00:00
movie,361705,75,\N,\N,\N,OK,2017-07-26 00:00:00
movie,361751,84,\N,\N,\N,OK,2017-07-26 00:00:00
movie,361777,123,\N,\N,\N,OK,2017-07-26 00:00:00
movie,361931,92,\N,\N,\N,OK,2017-07-26 00:00:00
movie,362045,150,\N,\N,\N,OK,2017-07-26 00:00:00
movie,362046,84,\N,\N,\N,OK,2017-07-26 00:00:00
movie,362057,86,\N,\N,\N,OK,2017-07-26 00:00:00
movie,362058,80,\N,\N,\N,OK,2017-07-26 00:00:00
movie,362136,174,\N,\N,\N,OK,2017-07-26 00:00:00
movie,362154,106,\N,\N,\N,OK,2017-07-26 00:00:00
movie,362180,81,\N,\N,\N,OK,2017-07-26 00:00:00
movie,362185,88,\N,\N,\N,OK,2017-07-26 00:00:00
movie,362478,110,\N,\N,\N,OK,2017-07-26 00:00:00
movie,362584,68,\N,\N,\N,OK,2017-07-26 00:00:00
movie,362585,82,\N,\N,\N,OK,2017-07-26 00:00:00
movie,362610,83,\N,\N,\N,OK,2017-07-26 00:00:00
movie,362682,104,\N,\N,\N,OK,2017-07-26 00:00:00
movie,362703,83,\N,\N,\N,OK,2017-07-26 00:00:00
movie,362884,84,\N,\N,\N,OK,2017-07-26 00:00:00
movie,362886,84,\N,\N,\N,OK,2017-07-26 00:00:00
movie,363093,139,\N,\N,\N,OK,2017-07-26 00:00:00
movie,363126,116,\N,\N,\N,OK,2017-07-26 00:00:00
movie,363479,84,\N,\N,\N,OK,2017-07-26 00:00:00
movie,363482,84,\N,\N,\N,OK,2017-07-26 00:00:00
movie,363483,84,\N,\N,\N,OK,2017-07-26 00:00:00
movie,363486,84,\N,\N,\N,OK,2017-07-26 00:00:00
movie,363579,140,\N,\N,\N,OK,2017-07-26 00:00:00
movie,363676,96,\N,\N,\N,OK,2017-07-26 00:00:00
movie,363689,90,\N,\N,\N,OK,2017-07-26 00:00:00
movie,363757,102,\N,\N,\N,OK,2017-07-26 00:00:00
movie,363807,66,\N,\N,\N,OK,2017-07-26 00:00:00
movie,363841,110,\N,\N,\N,OK,2017-07-26 00:00:00
movie,363889,90,\N,\N,\N,OK,2017-07-26 00:00:00
movie,363925,99,\N,\N,\N,OK,2017-07-26 00:00:00
movie,363992,133,\N,\N,\N,OK,2017-07-26 00:00:00
movie,364051,115,\N,\N,\N,OK,2017-07-26 00:00:00
movie,364067,56,\N,\N,\N,OK,2017-07-26 00:00:00
movie,364111,119,\N,\N,\N,OK,2017-07-26 00:00:00
movie,364116,96,\N,\N,\N,OK,2017-07-26 00:00:00
movie,364150,583,\N,\N,\N,OK,2017-07-26 00:00:00
movie,364324,115,\N,\N,\N,OK,2017-07-26 00:00:00
movie,364433,112,\N,\N,\N,OK,2017-07-26 00:00:00
movie,364540,77,\N,\N,\N,OK,2017-07-26 00:00:00
movie,364615,105,\N,\N,\N,OK,2017-07-26 00:00:00
movie,364902,105,\N,\N,\N,OK,2017-07-26 00:00:00
movie,365222,105,\N,\N,\N,OK,2017-07-26 00:00:00
movie,365451,92,\N,\N,\N,OK,2017-07-26 00:00:00
movie,365942,121,\N,\N,\N,OK,2017-07-26 00:00:00
movie,365997,45,\N,\N,\N,OK,2017-07-26 00:00:00
movie,366018,83,\N,\N,\N,OK,2017-07-26 00:00:00
movie,366080,150,\N,\N,\N,OK,2017-07-26 00:00:00
movie,366170,120,\N,\N,\N,OK,2017-07-26 00:00:00
movie,366499,105,\N,\N,\N,OK,2017-07-26 00:00:00
movie,366514,98,\N,\N,\N,OK,2017-07-26 00:00:00
movie,366630,89,\N,\N,\N,OK,2017-07-26 00:00:00
movie,366656,84,\N,\N,\N,OK,2017-07-26 00:00:00
movie,366696,117,\N,\N,\N,OK,2017-07-26 00:00:00
movie,366901,113,\N,\N,\N,OK,2017-07-26 00:00:00
movie,366924,72,\N,\N,\N,OK,2017-07-26 00:00:00
movie,367147,96,\N,\N,\N,OK,2017-07-26 00:00:00
movie,367206,108,\N,\N,\N,OK,2017-07-26 00:00:00
movie,367326,5,\N,\N,\N,OK,2017-07-26 00:00:00
movie,367412,18,\N,\N,\N,OK,2017-07-26 00:00:00
movie,367538,90,\N,\N,\N,OK,2017-07-26 00:00:00
movie,367544,84,\N,\N,\N,OK,2017-07-26 00:00:00
movie,367735,62,\N,\N,\N,OK,2017-07-26 00:00:00
movie,368031,92,\N,\N,\N,OK,2017-07-26 00:00:00
movie,368940,90,\N,\N,\N,OK,2017-07-26 00:00:00
movie,368942,125,\N,\N,\N,OK,2017-07-26 00:00:00
movie,368993,89,\N,\N,\N,OK,2017-07-26 00:00:00
movie,369052,90,\N,\N,\N,OK,2017-07-26 00:00:00
movie,369054,83,\N,\N,\N,OK,2017-07-26 00:00:00
movie,369057,84,\N,\N,\N,OK,2017-07-26 00:00:00
movie,369058,89,\N,\N,\N,OK,2017-07-26 00:00:00
movie,369059,88,\N,\N,\N,OK,2017-07-26 00:00:00
movie,369202,90,\N,\N,\N,OK,2017-07-26 00:00:00
movie,369245,117,\N,\N,\N,OK,2017-07-26 00:00:00
movie,369299,105,\N,\N,\N,OK,2017-07-26 00:00:00
movie,369524,120,\N,\N,\N,OK,2017-07-26 00:00:00
movie,369557,106,\N,\N,\N,OK,2017-07-26 00:00:00
movie,369697,117,\N,\N,\N,OK,2017-07-26 00:00:00
movie,369698,133,\N,\N,\N,OK,2017-07-26 00:00:00
movie,369776,94,\N,\N,\N,OK,2017-07-26 00:00:00
movie,369778,119,\N,\N,\N,OK,2017-07-26 00:00:00
movie,369883,92,\N,\N,\N,OK,2017-07-26 00:00:00
movie,369885,124,\N,\N,\N,OK,2017-07-26 00:00:00
movie,369894,106,\N,\N,\N,OK,2017-07-26 00:00:00
movie,370234,90,\N,\N,\N,OK,2017-07-26 00:00:00
movie,370464,111,\N,\N,\N,OK,2017-07-26 00:00:00
movie,370665,158,\N,\N,\N,OK,2017-07-26 00:00:00
movie,370687,93,\N,\N,\N,OK,2017-07-26 00:00:00
movie,370755,118,\N,\N,\N,OK,2017-07-26 00:00:00
movie,370765,79,\N,\N,\N,OK,2017-07-26 00:00:00
movie,370964,110,\N,\N,\N,OK,2017-07-26 00:00:00
movie,370978,102,\N,\N,\N,OK,2017-07-26 00:00:00
movie,371181,84,\N,\N,\N,OK,2017-07-26 00:00:00
movie,371445,110,\N,\N,\N,OK,2017-07-26 00:00:00
movie,371447,85,\N,\N,\N,OK,2017-07-26 00:00:00
movie,371449,97,\N,\N,\N,OK,2017-07-26 00:00:00
movie,371451,103,\N,\N,\N,OK,2017-07-26 00:00:00
movie,371492,118,\N,\N,\N,OK,2017-07-26 00:00:00
movie,371507,118,\N,\N,\N,OK,2017-07-26 00:00:00
movie,371560,76,\N,\N,\N,OK,2017-07-26 00:00:00
movie,371645,101,\N,\N,\N,OK,2017-07-26 00:00:00
movie,371738,85,\N,\N,\N,OK,2017-07-26 00:00:00
movie,371741,100,\N,\N,\N,OK,2017-07-26 00:00:00
movie,371759,60,\N,\N,\N,OK,2017-07-26 00:00:00
movie,371859,105,\N,\N,\N,OK,2017-07-26 00:00:00
movie,371865,122,\N,\N,\N,OK,2017-07-26 00:00:00
movie,372058,106,\N,\N,\N,OK,2017-07-26 00:00:00
movie,372411,91,\N,\N,\N,OK,2017-07-26 00:00:00
movie,372754,60,\N,\N,\N,OK,2017-07-26 00:00:00
movie,372981,28,\N,\N,\N,OK,2017-07-26 00:00:00
movie,373072,92,\N,\N,\N,OK,2017-07-26 00:00:00
movie,373200,135,\N,\N,\N,OK,2017-07-26 00:00:00
movie,373314,106,\N,\N,\N,OK,2017-07-26 00:00:00
movie,373451,110,\N,\N,\N,OK,2017-07-26 00:00:00
movie,373473,85,\N,\N,\N,OK,2017-07-26 00:00:00
movie,373476,90,\N,\N,\N,OK,2017-07-26 00:00:00
movie,373546,101,\N,\N,\N,OK,2017-07-26 00:00:00
movie,373569,90,\N,\N,\N,OK,2017-07-26 00:00:00
movie,373889,113,\N,\N,\N,OK,2017-07-26 00:00:00
movie,374052,120,\N,\N,\N,OK,2017-07-26 00:00:00
movie,374205,120,\N,\N,\N,OK,2017-07-26 00:00:00
movie,374251,27,\N,\N,\N,OK,2017-07-26 00:00:00
movie,374430,74,\N,\N,\N,OK,2017-07-26 00:00:00
movie,374458,127,\N,\N,\N,OK,2017-07-26 00:00:00
movie,374461,104,\N,\N,\N,OK,2017-07-26 00:00:00
movie,374464,106,\N,\N,\N,OK,2017-07-26 00:00:00
movie,374465,102,\N,\N,\N,OK,2017-07-26 00:00:00
movie,374473,100,\N,\N,\N,OK,2017-07-26 00:00:00
movie,374475,162,\N,\N,\N,OK,2017-07-26 00:00:00
movie,374515,90,\N,\N,\N,OK,2017-07-26 00:00:00
movie,374607,84,\N,\N,\N,OK,2017-07-26 00:00:00
movie,374609,85,\N,\N,\N,OK,2017-07-26 00:00:00
movie,374614,84,\N,\N,\N,OK,2017-07-26 00:00:00
movie,374617,109,\N,\N,\N,OK,2017-07-26 00:00:00
movie,374671,117,\N,\N,\N,OK,2017-07-26 00:00:00
movie,374720,107,\N,\N,\N,OK,2017-07-26 00:00:00
movie,375012,84,\N,\N,\N,OK,2017-07-26 00:00:00
movie,375170,92,\N,\N,\N,OK,2017-07-26 00:00:00
movie,375183,108,\N,\N,\N,OK,2017-07-26 00:00:00
movie,375290,126,\N,\N,\N,OK,2017-07-26 00:00:00
movie,375315,125,\N,\N,\N,OK,2017-07-26 00:00:00
movie,375355,83,\N,\N,\N,OK,2017-07-26 00:00:00
movie,375366,110,\N,\N,\N,OK,2017-07-26 00:00:00
movie,375572,119,\N,\N,\N,OK,2017-07-26 00:00:00
movie,375742,92,\N,\N,\N,OK,2017-07-26 00:00:00
movie,375867,92,\N,\N,\N,OK,2017-07-26 00:00:00
movie,375950,102,\N,\N,\N,OK,2017-07-26 00:00:00
movie,376003,102,\N,\N,\N,OK,2017-07-26 00:00:00
movie,376004,80,\N,\N,\N,OK,2017-07-26 00:00:00
movie,376047,131,\N,\N,\N,OK,2017-07-26 00:00:00
movie,376134,102,\N,\N,\N,OK,2017-07-26 00:00:00
movie,376166,120,\N,\N,\N,OK,2017-07-26 00:00:00
movie,376228,95,\N,\N,\N,OK,2017-07-26 00:00:00
movie,376290,132,\N,\N,\N,OK,2017-07-26 00:00:00
movie,376424,117,\N,\N,\N,OK,2017-07-26 00:00:00
movie,376426,115,\N,\N,\N,OK,2017-07-26 00:00:00
movie,376453,94,\N,\N,\N,OK,2017-07-26 00:00:00
movie,376482,73,\N,\N,\N,OK,2017-07-26 00:00:00
movie,376501,120,\N,\N,\N,OK,2017-07-26 00:00:00
movie,376565,110,\N,\N,\N,OK,2017-07-26 00:00:00
movie,376570,81,\N,\N,\N,OK,2017-07-26 00:00:00
movie,376581,89,\N,\N,\N,OK,2017-07-26 00:00:00
movie,376659,100,\N,\N,\N,OK,2017-07-26 00:00:00
movie,376660,104,\N,\N,\N,OK,2017-07-26 00:00:00
movie,376812,170,\N,\N,\N,OK,2017-07-26 00:00:00
movie,376847,106,\N,\N,\N,OK,2017-07-26 00:00:00
movie,376866,100,\N,\N,\N,OK,2017-07-26 00:00:00
movie,376867,111,\N,\N,\N,OK,2017-07-26 00:00:00
movie,376869,122,\N,\N,\N,OK,2017-07-26 00:00:00
movie,377151,108,\N,\N,\N,OK,2017-07-26 00:00:00
movie,377154,116,\N,\N,\N,OK,2017-07-26 00:00:00
movie,377213,136,\N,\N,\N,OK,2017-07-26 00:00:00
movie,377263,113,\N,\N,\N,OK,2017-07-26 00:00:00
movie,377264,92,\N,\N,\N,OK,2017-07-26 00:00:00
movie,377273,140,\N,\N,\N,OK,2017-07-26 00:00:00
movie,377275,97,\N,\N,\N,OK,2017-07-26 00:00:00
movie,377428,85,\N,\N,\N,OK,2017-07-26 00:00:00
movie,377447,124,\N,\N,\N,OK,2017-07-26 00:00:00
movie,377448,88,\N,\N,\N,OK,2017-07-26 00:00:00
movie,377462,463,\N,\N,\N,OK,2017-07-26 00:00:00
movie,377492,87,\N,\N,\N,OK,2017-07-26 00:00:00
movie,377587,90,\N,\N,\N,OK,2017-07-26 00:00:00
movie,377799,91,\N,\N,\N,OK,2017-07-26 00:00:00
movie,377823,109,\N,\N,\N,OK,2017-07-26 00:00:00
movie,377897,75,\N,\N,\N,OK,2017-07-26 00:00:00
movie,377985,142,\N,\N,\N,OK,2017-07-26 00:00:00
movie,378018,90,\N,\N,\N,OK,2017-07-26 00:00:00
movie,378064,130,\N,\N,\N,OK,2017-07-26 00:00:00
movie,378108,128,\N,\N,\N,OK,2017-07-26 00:00:00
movie,378111,85,\N,\N,\N,OK,2017-07-26 00:00:00
movie,378200,96,\N,\N,\N,OK,2017-07-26 00:00:00
movie,378236,86,\N,\N,\N,OK,2017-07-26 00:00:00
movie,378263,80,\N,\N,\N,OK,2017-07-26 00:00:00
movie,378348,126,\N,\N,\N,OK,2017-07-26 00:00:00
movie,378385,95,\N,\N,\N,OK,2017-07-26 00:00:00
movie,378483,104,\N,\N,\N,OK,2017-07-26 00:00:00
movie,378485,79,\N,\N,\N,OK,2017-07-26 00:00:00
movie,379019,111,\N,\N,\N,OK,2017-07-26 00:00:00
movie,379291,78,\N,\N,\N,OK,2017-07-26 00:00:00
movie,379441,130,\N,\N,\N,OK,2017-07-26 00:00:00
movie,379779,4,\N,\N,\N,OK,2017-07-26 00:00:00
movie,379990,84,\N,\N,\N,OK,2017-07-26 00:00:00
movie,380111,138,\N,\N,\N,OK,2017-07-26 00:00:00
movie,380124,103,\N,\N,\N,OK,2017-07-26 00:00:00
movie,380225,116,\N,\N,\N,OK,2017-07-26 00:00:00
movie,380254,117,\N,\N,\N,OK,2017-07-26 00:00:00
movie,380565,88,\N,\N,\N,OK,2017-07-26 00:00:00
movie,380620,130,\N,\N,\N,OK,2017-07-26 00:00:00
movie,380622,98,\N,\N,\N,OK,2017-07-26 00:00:00
movie,380762,96,\N,\N,\N,OK,2017-07-26 00:00:00
movie,380808,116,\N,\N,\N,OK,2017-07-26 00:00:00
movie,381028,83,\N,\N,\N,OK,2017-07-26 00:00:00
movie,381034,104,\N,\N,\N,OK,2017-07-26 00:00:00
movie,381040,85,\N,\N,\N,OK,2017-07-26 00:00:00
movie,381064,96,\N,\N,\N,OK,2017-07-26 00:00:00
movie,381073,89,\N,\N,\N,OK,2017-07-26 00:00:00
movie,381075,88,\N,\N,\N,OK,2017-07-26 00:00:00
movie,381255,110,\N,\N,\N,OK,2017-07-26 00:00:00
movie,381284,127,\N,\N,\N,OK,2017-07-26 00:00:00
movie,381288,117,\N,\N,\N,OK,2017-07-26 00:00:00
movie,381289,100,\N,\N,\N,OK,2017-07-26 00:00:00
movie,381341,97,\N,\N,\N,OK,2017-07-26 00:00:00
movie,381353,97,\N,\N,\N,OK,2017-07-26 00:00:00
movie,381356,102,\N,\N,\N,OK,2017-07-26 00:00:00
movie,381418,154,\N,\N,\N,OK,2017-07-26 00:00:00
movie,381518,89,\N,\N,\N,OK,2017-07-26 00:00:00
movie,381707,88,\N,\N,\N,OK,2017-07-26 00:00:00
movie,381890,93,\N,\N,\N,OK,2017-07-26 00:00:00
movie,382079,50,\N,\N,\N,OK,2017-07-26 00:00:00
movie,382127,130,\N,\N,\N,OK,2017-07-26 00:00:00
movie,382217,129,\N,\N,\N,OK,2017-07-26 00:00:00
movie,382220,143,\N,\N,\N,OK,2017-07-26 00:00:00
movie,382322,72,\N,\N,\N,OK,2017-07-26 00:00:00
movie,382399,96,\N,\N,\N,OK,2017-07-26 00:00:00
movie,382475,87,\N,\N,\N,OK,2017-07-26 00:00:00
movie,382501,115,\N,\N,\N,OK,2017-07-26 00:00:00
movie,382509,117,\N,\N,\N,OK,2017-07-26 00:00:00
movie,382511,89,\N,\N,\N,OK,2017-07-26 00:00:00
movie,382517,85,\N,\N,\N,OK,2017-07-26 00:00:00
movie,382518,90,\N,\N,\N,OK,2017-07-26 00:00:00
movie,382581,69,\N,\N,\N,OK,2017-07-26 00:00:00
movie,382589,123,\N,\N,\N,OK,2017-07-26 00:00:00
movie,382591,118,\N,\N,\N,OK,2017-07-26 00:00:00
movie,382595,124,\N,\N,\N,OK,2017-07-26 00:00:00
movie,382597,105,\N,\N,\N,OK,2017-07-26 00:00:00
movie,382598,91,\N,\N,\N,OK,2017-07-26 00:00:00
movie,382602,98,\N,\N,\N,OK,2017-07-26 00:00:00
movie,382614,105,\N,\N,\N,OK,2017-07-26 00:00:00
movie,382892,97,\N,\N,\N,OK,2017-07-26 00:00:00
movie,382951,108,\N,\N,\N,OK,2017-07-26 00:00:00
movie,383121,100,\N,\N,\N,OK,2017-07-26 00:00:00
movie,383140,91,\N,\N,\N,OK,2017-07-26 00:00:00
movie,383256,92,\N,\N,\N,OK,2017-07-26 00:00:00
movie,383367,170,\N,\N,\N,OK,2017-07-26 00:00:00
movie,383538,93,\N,\N,\N,OK,2017-07-26 00:00:00
movie,383785,130,\N,\N,\N,OK,2017-07-26 00:00:00
movie,383807,104,\N,\N,\N,OK,2017-07-26 00:00:00
movie,383809,84,\N,\N,\N,OK,2017-07-26 00:00:00
movie,383869,97,\N,\N,\N,OK,2017-07-26 00:00:00
movie,384371,97,\N,\N,\N,OK,2017-07-26 00:00:00
movie,384450,89,\N,\N,\N,OK,2017-07-26 00:00:00
movie,384581,94,\N,\N,\N,OK,2017-07-26 00:00:00
movie,384664,95,\N,\N,\N,OK,2017-07-26 00:00:00
movie,384682,105,\N,\N,\N,OK,2017-07-26 00:00:00
movie,384737,99,\N,\N,\N,OK,2017-07-26 00:00:00
movie,384798,99,\N,\N,\N,OK,2017-07-26 00:00:00
movie,385261,120,\N,\N,\N,OK,2017-07-26 00:00:00
movie,385317,86,\N,\N,\N,OK,2017-07-26 00:00:00
movie,385320,90,\N,\N,\N,OK,2017-07-26 00:00:00
movie,385736,80,\N,\N,\N,OK,2017-07-26 00:00:00
movie,385737,85,\N,\N,\N,OK,2017-07-26 00:00:00
movie,385805,99,\N,\N,\N,OK,2017-07-26 00:00:00
movie,386891,85,\N,\N,\N,OK,2017-07-26 00:00:00
movie,387398,84,\N,\N,\N,OK,2017-07-26 00:00:00
movie,387426,121,\N,\N,\N,OK,2017-07-26 00:00:00
movie,387801,100,\N,\N,\N,OK,2017-07-26 00:00:00
movie,387886,116,\N,\N,\N,OK,2017-07-26 00:00:00
movie,387893,25,\N,\N,\N,OK,2017-07-26 00:00:00
movie,387938,95,\N,\N,\N,OK,2017-07-26 00:00:00
movie,388202,92,\N,\N,\N,OK,2017-07-26 00:00:00
movie,388243,82,\N,\N,\N,OK,2017-07-26 00:00:00
movie,388347,90,\N,\N,\N,OK,2017-07-26 00:00:00
movie,388399,133,\N,\N,\N,OK,2017-07-26 00:00:00
movie,388403,97,\N,\N,\N,OK,2017-07-26 00:00:00
movie,388440,89,\N,\N,\N,OK,2017-07-26 00:00:00
movie,388764,106,\N,\N,\N,OK,2017-07-26 00:00:00
movie,388862,90,\N,\N,\N,OK,2017-07-26 00:00:00
movie,389053,109,\N,\N,\N,OK,2017-07-26 00:00:00
movie,389425,106,\N,\N,\N,OK,2017-07-26 00:00:00
movie,389614,105,\N,\N,\N,OK,2017-07-26 00:00:00
movie,389630,105,\N,\N,\N,OK,2017-07-26 00:00:00
movie,389868,92,\N,\N,\N,OK,2017-07-26 00:00:00
movie,390051,92,\N,\N,\N,OK,2017-07-26 00:00:00
movie,390054,113,\N,\N,\N,OK,2017-07-26 00:00:00
movie,390059,96,\N,\N,\N,OK,2017-07-26 00:00:00
movie,390319,111,\N,\N,\N,OK,2017-07-26 00:00:00
movie,390410,94,\N,\N,\N,OK,2017-07-26 00:00:00
movie,390497,126,\N,\N,\N,OK,2017-07-26 00:00:00
movie,390520,91,\N,\N,\N,OK,2017-07-26 00:00:00
movie,390582,97,\N,\N,\N,OK,2017-07-26 00:00:00
movie,390584,92,\N,\N,\N,OK,2017-07-26 00:00:00
movie,390587,92,\N,\N,\N,OK,2017-07-26 00:00:00
movie,390669,101,\N,\N,\N,OK,2017-07-26 00:00:00
movie,390734,115,\N,\N,\N,OK,2017-07-26 00:00:00
movie,390777,86,\N,\N,\N,OK,2017-07-26 00:00:00
movie,390883,98,\N,\N,\N,OK,2017-07-26 00:00:00
movie,390989,85,\N,\N,\N,OK,2017-07-26 00:00:00
movie,391039,110,\N,\N,\N,OK,2017-07-26 00:00:00
movie,391626,95,\N,\N,\N,OK,2017-07-26 00:00:00
movie,391629,133,\N,\N,\N,OK,2017-07-26 00:00:00
movie,391663,106,\N,\N,\N,OK,2017-07-26 00:00:00
movie,391698,99,\N,\N,\N,OK,2017-07-26 00:00:00
movie,391700,99,\N,\N,\N,OK,2017-07-26 00:00:00
movie,391757,101,\N,\N,\N,OK,2017-07-26 00:00:00
movie,391779,140,\N,\N,\N,OK,2017-07-26 00:00:00
movie,391975,85,\N,\N,\N,OK,2017-07-26 00:00:00
movie,392011,80,\N,\N,\N,OK,2017-07-26 00:00:00
movie,392058,92,\N,\N,\N,OK,2017-07-26 00:00:00
movie,392142,98,\N,\N,\N,OK,2017-07-26 00:00:00
movie,392207,129,\N,\N,\N,OK,2017-07-26 00:00:00
movie,392553,79,\N,\N,\N,OK,2017-07-26 00:00:00
movie,392572,150,\N,\N,\N,OK,2017-07-26 00:00:00
movie,392794,108,\N,\N,\N,OK,2017-07-26 00:00:00
movie,392807,92,\N,\N,\N,OK,2017-07-26 00:00:00
movie,392820,108,\N,\N,\N,OK,2017-07-26 00:00:00
movie,393003,92,\N,\N,\N,OK,2017-07-26 00:00:00
movie,393184,97,\N,\N,\N,OK,2017-07-26 00:00:00
movie,393441,120,\N,\N,\N,OK,2017-07-26 00:00:00
movie,393445,158,\N,\N,\N,OK,2017-07-26 00:00:00
movie,393457,139,\N,\N,\N,OK,2017-07-26 00:00:00
movie,393519,99,\N,\N,\N,OK,2017-07-26 00:00:00
movie,393559,66,\N,\N,\N,OK,2017-07-26 00:00:00
movie,393561,97,\N,\N,\N,OK,2017-07-26 00:00:00
movie,393562,127,\N,\N,\N,OK,2017-07-26 00:00:00
movie,393659,84,\N,\N,\N,OK,2017-07-26 00:00:00
movie,393729,105,\N,\N,\N,OK,2017-07-26 00:00:00
movie,393732,108,\N,\N,\N,OK,2017-07-26 00:00:00
movie,393764,96,\N,\N,\N,OK,2017-07-26 00:00:00
movie,393765,97,\N,\N,\N,OK,2017-07-26 00:00:00
movie,393834,109,\N,\N,\N,OK,2017-07-26 00:00:00
movie,393857,103,\N,\N,\N,OK,2017-07-26 00:00:00
movie,393877,88,\N,\N,\N,OK,2017-07-26 00:00:00
movie,393945,128,\N,\N,\N,OK,2017-07-26 00:00:00
movie,394223,84,\N,\N,\N,OK,2017-07-26 00:00:00
movie,394260,131,\N,\N,\N,OK,2017-07-26 00:00:00
movie,394269,65,\N,\N,\N,OK,2017-07-26 00:00:00
movie,394374,120,\N,\N,\N,OK,2017-07-26 00:00:00
movie,394661,91,\N,\N,\N,OK,2017-07-26 00:00:00
movie,394684,127,\N,\N,\N,OK,2017-07-26 00:00:00
movie,394759,97,\N,\N,\N,OK,2017-07-26 00:00:00
movie,394822,92,\N,\N,\N,OK,2017-07-26 00:00:00
movie,395452,105,\N,\N,\N,OK,2017-07-26 00:00:00
movie,395763,99,\N,\N,\N,OK,2017-07-26 00:00:00
movie,395834,111,\N,\N,\N,OK,2017-07-26 00:00:00
movie,395883,100,\N,\N,\N,OK,2017-07-26 00:00:00
movie,395982,88,\N,\N,\N,OK,2017-07-26 00:00:00
movie,395992,103,\N,\N,\N,OK,2017-07-26 00:00:00
movie,396004,91,\N,\N,\N,OK,2017-07-26 00:00:00
movie,396263,95,\N,\N,\N,OK,2017-07-26 00:00:00
movie,396289,93,\N,\N,\N,OK,2017-07-26 00:00:00
movie,396292,60,\N,\N,\N,OK,2017-07-26 00:00:00
movie,396330,78,\N,\N,\N,OK,2017-07-26 00:00:00
movie,396398,110,\N,\N,\N,OK,2017-07-26 00:00:00
movie,396535,118,\N,\N,\N,OK,2017-07-26 00:00:00
movie,396616,133,\N,\N,\N,OK,2017-07-26 00:00:00
movie,396810,108,\N,\N,\N,OK,2017-07-26 00:00:00
movie,397003,91,\N,\N,\N,OK,2017-07-26 00:00:00
movie,397243,86,\N,\N,\N,OK,2017-07-26 00:00:00
movie,397278,91,\N,\N,\N,OK,2017-07-26 00:00:00
movie,397365,134,\N,\N,\N,OK,2017-07-26 00:00:00
movie,397415,99,\N,\N,\N,OK,2017-07-26 00:00:00
movie,397422,101,\N,\N,\N,OK,2017-07-26 00:00:00
movie,397442,88,\N,\N,\N,OK,2017-07-26 00:00:00
movie,397514,85,\N,\N,\N,OK,2017-07-26 00:00:00
movie,397520,85,\N,\N,\N,OK,2017-07-26 00:00:00
movie,397717,104,\N,\N,\N,OK,2017-07-26 00:00:00
movie,397837,98,\N,\N,\N,OK,2017-07-26 00:00:00
movie,397873,90,\N,\N,\N,OK,2017-07-26 00:00:00
movie,397981,84,\N,\N,\N,OK,2017-07-26 00:00:00
movie,398265,98,\N,\N,\N,OK,2017-07-26 00:00:00
movie,398289,97,\N,\N,\N,OK,2017-07-26 00:00:00
movie,398535,149,\N,\N,\N,OK,2017-07-26 00:00:00
movie,398818,130,\N,\N,\N,OK,2017-07-26 00:00:00
movie,398854,90,\N,\N,\N,OK,2017-07-26 00:00:00
movie,398891,100,\N,\N,\N,OK,2017-07-26 00:00:00
movie,398920,95,\N,\N,\N,OK,2017-07-26 00:00:00
movie,398924,110,\N,\N,\N,OK,2017-07-26 00:00:00
movie,398929,90,\N,\N,\N,OK,2017-07-26 00:00:00
movie,399019,93,\N,\N,\N,OK,2017-07-26 00:00:00
movie,399106,6,\N,\N,\N,OK,2017-07-26 00:00:00
movie,399173,95,\N,\N,\N,OK,2017-07-26 00:00:00
movie,399300,98,\N,\N,\N,OK,2017-07-26 00:00:00
movie,399612,112,\N,\N,\N,OK,2017-07-26 00:00:00
movie,399747,86,\N,\N,\N,OK,2017-07-26 00:00:00
movie,399790,110,\N,\N,\N,OK,2017-07-26 00:00:00
movie,399894,120,\N,\N,\N,OK,2017-07-26 00:00:00
movie,400136,97,\N,\N,\N,OK,2017-07-26 00:00:00
movie,400329,86,\N,\N,\N,OK,2017-07-26 00:00:00
movie,400387,90,\N,\N,\N,OK,2017-07-26 00:00:00
movie,400411,84,\N,\N,\N,OK,2017-07-26 00:00:00
movie,400547,84,\N,\N,\N,OK,2017-07-26 00:00:00
movie,400605,96,\N,\N,\N,OK,2017-07-26 00:00:00
movie,400608,60,\N,\N,\N,OK,2017-07-26 00:00:00
movie,400928,101,\N,\N,\N,OK,2017-07-26 00:00:00
movie,401060,82,\N,\N,\N,OK,2017-07-26 00:00:00
movie,401104,107,\N,\N,\N,OK,2017-07-26 00:00:00
movie,401123,88,\N,\N,\N,OK,2017-07-26 00:00:00
movie,401294,92,\N,\N,\N,OK,2017-07-26 00:00:00
movie,401513,130,\N,\N,\N,OK,2017-07-26 00:00:00
movie,401544,93,\N,\N,\N,OK,2017-07-26 00:00:00
movie,401546,120,\N,\N,\N,OK,2017-07-26 00:00:00
movie,401650,72,\N,\N,\N,OK,2017-07-26 00:00:00
movie,401689,118,\N,\N,\N,OK,2017-07-26 00:00:00
movie,401698,87,\N,\N,\N,OK,2017-07-26 00:00:00
movie,401743,91,\N,\N,\N,OK,2017-07-26 00:00:00
movie,402298,109,\N,\N,\N,OK,2017-07-26 00:00:00
movie,402331,104,\N,\N,\N,OK,2017-07-26 00:00:00
movie,402529,139,\N,\N,\N,OK,2017-07-26 00:00:00
movie,402582,81,\N,\N,\N,OK,2017-07-26 00:00:00
movie,402672,155,\N,\N,\N,OK,2017-07-26 00:00:00
movie,403052,4,\N,\N,\N,OK,2017-07-26 00:00:00
movie,403119,89,\N,\N,\N,OK,2017-07-26 00:00:00
movie,403232,107,\N,\N,\N,OK,2017-07-26 00:00:00
movie,403357,105,\N,\N,\N,OK,2017-07-26 00:00:00
movie,403368,80,\N,\N,\N,OK,2017-07-26 00:00:00
movie,403390,103,\N,\N,\N,OK,2017-07-26 00:00:00
movie,403431,100,\N,\N,\N,OK,2017-07-26 00:00:00
movie,403450,99,\N,\N,\N,OK,2017-07-26 00:00:00
movie,403509,105,\N,\N,\N,OK,2017-07-26 00:00:00
movie,403570,88,\N,\N,\N,OK,2017-07-26 00:00:00
movie,403605,117,\N,\N,\N,OK,2017-07-26 00:00:00
movie,403642,87,\N,\N,\N,OK,2017-07-26 00:00:00
movie,404022,86,\N,\N,\N,OK,2017-07-26 00:00:00
movie,404141,112,\N,\N,\N,OK,2017-07-26 00:00:00
movie,404378,103,\N,\N,\N,OK,2017-07-26 00:00:00
movie,404604,146,\N,\N,\N,OK,2017-07-26 00:00:00
movie,404733,93,\N,\N,\N,OK,2017-07-26 00:00:00
movie,404791,108,\N,\N,\N,OK,2017-07-26 00:00:00
movie,404829,83,\N,\N,\N,OK,2017-07-26 00:00:00
movie,405204,115,\N,\N,\N,OK,2017-07-26 00:00:00
movie,405775,89,\N,\N,\N,OK,2017-07-26 00:00:00
movie,405882,93,\N,\N,\N,OK,2017-07-26 00:00:00
movie,406052,89,\N,\N,\N,OK,2017-07-26 00:00:00
movie,406107,99,\N,\N,\N,OK,2017-07-26 00:00:00
movie,406429,130,\N,\N,\N,OK,2017-07-26 00:00:00
movie,406449,150,\N,\N,\N,OK,2017-07-26 00:00:00
movie,406785,7,\N,\N,\N,OK,2017-07-26 00:00:00
movie,406990,123,\N,\N,\N,OK,2017-07-26 00:00:00
movie,406992,96,\N,\N,\N,OK,2017-07-26 00:00:00
movie,407172,84,\N,\N,\N,OK,2017-07-26 00:00:00
movie,407334,84,\N,\N,\N,OK,2017-07-26 00:00:00
movie,407375,100,\N,\N,\N,OK,2017-07-26 00:00:00
movie,407389,85,\N,\N,\N,OK,2017-07-26 00:00:00
movie,407448,143,\N,\N,\N,OK,2017-07-26 00:00:00
movie,407531,91,\N,\N,\N,OK,2017-07-26 00:00:00
movie,407559,89,\N,\N,\N,OK,2017-07-26 00:00:00
movie,407655,92,\N,\N,\N,OK,2017-07-26 00:00:00
movie,407806,100,\N,\N,\N,OK,2017-07-26 00:00:00
movie,407887,110,\N,\N,\N,OK,2017-07-26 00:00:00
movie,408159,84,\N,\N,\N,OK,2017-07-26 00:00:00
movie,408220,75,\N,\N,\N,OK,2017-07-26 00:00:00
movie,408270,77,\N,\N,\N,OK,2017-07-26 00:00:00
movie,408272,96,\N,\N,\N,OK,2017-07-26 00:00:00
movie,408381,83,\N,\N,\N,OK,2017-07-26 00:00:00
movie,408435,110,\N,\N,\N,OK,2017-07-26 00:00:00
movie,408439,108,\N,\N,\N,OK,2017-07-26 00:00:00
movie,408508,80,\N,\N,\N,OK,2017-07-26 00:00:00
movie,408509,111,\N,\N,\N,OK,2017-07-26 00:00:00
movie,408537,118,\N,\N,\N,OK,2017-07-26 00:00:00
movie,408546,74,\N,\N,\N,OK,2017-07-26 00:00:00
movie,408620,136,\N,\N,\N,OK,2017-07-26 00:00:00
movie,408626,110,\N,\N,\N,OK,2017-07-26 00:00:00
movie,408647,84,\N,\N,\N,OK,2017-07-26 00:00:00
movie,409297,100,\N,\N,\N,OK,2017-07-26 00:00:00
movie,409421,106,\N,\N,\N,OK,2017-07-26 00:00:00
movie,409447,120,\N,\N,\N,OK,2017-07-26 00:00:00
movie,409502,112,\N,\N,\N,OK,2017-07-26 00:00:00
movie,409696,110,\N,\N,\N,OK,2017-07-26 00:00:00
movie,409926,60,\N,\N,\N,OK,2017-07-26 00:00:00
movie,410117,89,\N,\N,\N,OK,2017-07-26 00:00:00
movie,410118,85,\N,\N,\N,OK,2017-07-26 00:00:00
movie,410126,115,\N,\N,\N,OK,2017-07-26 00:00:00
movie,410199,88,\N,\N,\N,OK,2017-07-26 00:00:00
movie,410212,92,\N,\N,\N,OK,2017-07-26 00:00:00
movie,410314,84,\N,\N,\N,OK,2017-07-26 00:00:00
movie,410315,84,\N,\N,\N,OK,2017-07-26 00:00:00
movie,410554,97,\N,\N,\N,OK,2017-07-26 00:00:00
movie,410718,93,\N,\N,\N,OK,2017-07-26 00:00:00
movie,410876,107,\N,\N,\N,OK,2017-07-26 00:00:00
movie,410988,85,\N,\N,\N,OK,2017-07-26 00:00:00
movie,411009,92,\N,\N,\N,OK,2017-07-26 00:00:00
movie,411019,95,\N,\N,\N,OK,2017-07-26 00:00:00
movie,411088,106,\N,\N,\N,OK,2017-07-26 00:00:00
movie,411221,90,\N,\N,\N,OK,2017-07-26 00:00:00
movie,411268,108,\N,\N,\N,OK,2017-07-26 00:00:00
movie,411405,95,\N,\N,\N,OK,2017-07-26 00:00:00
movie,411516,107,\N,\N,\N,OK,2017-07-26 00:00:00
movie,411632,87,\N,\N,\N,OK,2017-07-26 00:00:00
movie,411638,92,\N,\N,\N,OK,2017-07-26 00:00:00
movie,411736,78,\N,\N,\N,OK,2017-07-26 00:00:00
movie,411741,97,\N,\N,\N,OK,2017-07-26 00:00:00
movie,411802,72,\N,\N,\N,OK,2017-07-26 00:00:00
movie,411873,89,\N,\N,\N,OK,2017-07-26 00:00:00
movie,412103,10,\N,\N,\N,OK,2017-07-26 00:00:00
movie,412105,89,\N,\N,\N,OK,2017-07-26 00:00:00
movie,412202,95,\N,\N,\N,OK,2017-07-26 00:00:00
movie,412204,95,\N,\N,\N,OK,2017-07-26 00:00:00
movie,412209,82,\N,\N,\N,OK,2017-07-26 00:00:00
movie,412302,92,\N,\N,\N,OK,2017-07-26 00:00:00
movie,412467,100,\N,\N,\N,OK,2017-07-26 00:00:00
movie,412511,90,\N,\N,\N,OK,2017-07-26 00:00:00
movie,412519,97,\N,\N,\N,OK,2017-07-26 00:00:00
movie,412678,99,\N,\N,\N,OK,2017-07-26 00:00:00
movie,412758,93,\N,\N,\N,OK,2017-07-26 00:00:00
movie,412766,75,\N,\N,\N,OK,2017-07-26 00:00:00
movie,412924,117,\N,\N,\N,OK,2017-07-26 00:00:00
movie,413052,95,\N,\N,\N,OK,2017-07-26 00:00:00
movie,413198,120,\N,\N,\N,OK,2017-07-26 00:00:00
movie,413279,3,\N,\N,\N,OK,2017-07-26 00:00:00
movie,413361,108,\N,\N,\N,OK,2017-07-26 00:00:00
movie,413471,90,\N,\N,\N,OK,2017-07-26 00:00:00
movie,413543,149,\N,\N,\N,OK,2017-07-26 00:00:00
movie,413644,92,\N,\N,\N,OK,2017-07-26 00:00:00
movie,413658,108,\N,\N,\N,OK,2017-07-26 00:00:00
movie,413666,105,\N,\N,\N,OK,2017-07-26 00:00:00
movie,413736,73,\N,\N,\N,OK,2017-07-26 00:00:00
movie,413765,90,\N,\N,\N,OK,2017-07-26 00:00:00
movie,413770,94,\N,\N,\N,OK,2017-07-26 00:00:00
movie,413953,101,\N,\N,\N,OK,2017-07-26 00:00:00
movie,413992,95,\N,\N,\N,OK,2017-07-26 00:00:00
movie,413998,106,\N,\N,\N,OK,2017-07-26 00:00:00
movie,414190,90,\N,\N,\N,OK,2017-07-26 00:00:00
movie,414453,104,\N,\N,\N,OK,2017-07-26 00:00:00
movie,414610,97,\N,\N,\N,OK,2017-07-26 00:00:00
movie,414719,93,\N,\N,\N,OK,2017-07-26 00:00:00
movie,414827,87,\N,\N,\N,OK,2017-07-26 00:00:00
movie,414977,100,\N,\N,\N,OK,2017-07-26 00:00:00
movie,415086,97,\N,\N,\N,OK,2017-07-26 00:00:00
movie,415132,80,\N,\N,\N,OK,2017-07-26 00:00:00
movie,415137,80,\N,\N,\N,OK,2017-07-26 00:00:00
movie,415214,140,\N,\N,\N,OK,2017-07-26 00:00:00
movie,415665,105,\N,\N,\N,OK,2017-07-26 00:00:00
movie,415766,95,\N,\N,\N,OK,2017-07-26 00:00:00
movie,416166,90,\N,\N,\N,OK,2017-07-26 00:00:00
movie,416477,120,\N,\N,\N,OK,2017-07-26 00:00:00
movie,416691,76,\N,\N,\N,OK,2017-07-26 00:00:00
movie,417028,100,\N,\N,\N,OK,2017-07-26 00:00:00
movie,417320,111,\N,\N,\N,OK,2017-07-26 00:00:00
movie,417427,95,\N,\N,\N,OK,2017-07-26 00:00:00
movie,417503,98,\N,\N,\N,OK,2017-07-26 00:00:00
movie,417644,100,\N,\N,\N,OK,2017-07-26 00:00:00
movie,417678,96,\N,\N,\N,OK,2017-07-26 00:00:00
movie,417830,91,\N,\N,\N,OK,2017-07-26 00:00:00
movie,417870,122,\N,\N,\N,OK,2017-07-26 00:00:00
movie,417936,86,\N,\N,\N,OK,2017-07-26 00:00:00
movie,418078,91,\N,\N,\N,OK,2017-07-26 00:00:00
movie,418437,100,\N,\N,\N,OK,2017-07-26 00:00:00
movie,418718,83,\N,\N,\N,OK,2017-07-26 00:00:00
movie,419430,104,\N,\N,\N,OK,2017-07-26 00:00:00
movie,419459,93,\N,\N,\N,OK,2017-07-26 00:00:00
movie,419546,166,\N,\N,\N,OK,2017-07-26 00:00:00
movie,419639,90,\N,\N,\N,OK,2017-07-26 00:00:00
movie,419700,130,\N,\N,\N,OK,2017-07-26 00:00:00
movie,420245,93,\N,\N,\N,OK,2017-07-26 00:00:00
movie,420714,300,\N,\N,\N,OK,2017-07-26 00:00:00
movie,421313,95,\N,\N,\N,OK,2017-07-26 00:00:00
movie,421758,84,\N,\N,\N,OK,2017-07-26 00:00:00
movie,421854,63,\N,\N,\N,OK,2017-07-26 00:00:00
movie,421928,112,\N,\N,\N,OK,2017-07-26 00:00:00
movie,422469,107,\N,\N,\N,OK,2017-07-26 00:00:00
movie,422874,86,\N,\N,\N,OK,2017-07-26 00:00:00
movie,423122,64,\N,\N,\N,OK,2017-07-26 00:00:00
movie,423377,106,\N,\N,\N,OK,2017-07-26 00:00:00
movie,423453,86,\N,\N,\N,OK,2017-07-26 00:00:00
movie,423988,91,\N,\N,\N,OK,2017-07-26 00:00:00
movie,424488,116,\N,\N,\N,OK,2017-07-26 00:00:00
movie,424600,93,\N,\N,\N,OK,2017-07-26 00:00:00
movie,424634,103,\N,\N,\N,OK,2017-07-26 00:00:00
movie,424998,112,\N,\N,\N,OK,2017-07-26 00:00:00
movie,425134,115,\N,\N,\N,OK,2017-07-26 00:00:00
movie,425591,96,\N,\N,\N,OK,2017-07-26 00:00:00
movie,425751,97,\N,\N,\N,OK,2017-07-26 00:00:00
movie,425774,139,\N,\N,\N,OK,2017-07-26 00:00:00
movie,425931,91,\N,\N,\N,OK,2017-07-26 00:00:00
movie,425942,90,\N,\N,\N,OK,2017-07-26 00:00:00
movie,426166,110,\N,\N,\N,OK,2017-07-26 00:00:00
movie,426230,91,\N,\N,\N,OK,2017-07-26 00:00:00
movie,426253,94,\N,\N,\N,OK,2017-07-26 00:00:00
movie,426256,108,\N,\N,\N,OK,2017-07-26 00:00:00
movie,426265,105,\N,\N,\N,OK,2017-07-26 00:00:00
movie,426272,83,\N,\N,\N,OK,2017-07-26 00:00:00
movie,426830,91,\N,\N,\N,OK,2017-07-26 00:00:00
movie,427045,120,\N,\N,\N,OK,2017-07-26 00:00:00
movie,427342,105,\N,\N,\N,OK,2017-07-26 00:00:00
movie,427451,90,\N,\N,\N,OK,2017-07-26 00:00:00
movie,428449,92,\N,\N,\N,OK,2017-07-26 00:00:00
movie,428493,105,\N,\N,\N,OK,2017-07-26 00:00:00
movie,428495,106,\N,\N,\N,OK,2017-07-26 00:00:00
movie,429070,110,\N,\N,\N,OK,2017-07-26 00:00:00
movie,429107,83,\N,\N,\N,OK,2017-07-26 00:00:00
movie,429174,128,\N,\N,\N,OK,2017-07-26 00:00:00
movie,429191,104,\N,\N,\N,OK,2017-07-26 00:00:00
movie,429199,98,\N,\N,\N,OK,2017-07-26 00:00:00
movie,429200,99,\N,\N,\N,OK,2017-07-26 00:00:00
movie,429238,97,\N,\N,\N,OK,2017-07-26 00:00:00
movie,429450,136,\N,\N,\N,OK,2017-07-26 00:00:00
movie,429662,106,\N,\N,\N,OK,2017-07-26 00:00:00
movie,429918,117,\N,\N,\N,OK,2017-07-26 00:00:00
movie,430161,110,\N,\N,\N,OK,2017-07-26 00:00:00
movie,430365,92,\N,\N,\N,OK,2017-07-26 00:00:00
movie,430423,86,\N,\N,\N,OK,2017-07-26 00:00:00
movie,430826,81,\N,\N,\N,OK,2017-07-26 00:00:00
movie,430830,105,\N,\N,\N,OK,2017-07-26 00:00:00
movie,431093,102,\N,\N,\N,OK,2017-07-26 00:00:00
movie,431261,117,\N,\N,\N,OK,2017-07-26 00:00:00
movie,431742,135,\N,\N,\N,OK,2017-07-26 00:00:00
movie,431937,120,\N,\N,\N,OK,2017-07-26 00:00:00
movie,432025,121,\N,\N,\N,OK,2017-07-26 00:00:00
movie,432364,90,\N,\N,\N,OK,2017-07-26 00:00:00
movie,432602,100,\N,\N,\N,OK,2017-07-26 00:00:00
movie,432615,93,\N,\N,\N,OK,2017-07-26 00:00:00
movie,432789,83,\N,\N,\N,OK,2017-07-26 00:00:00
movie,432799,128,\N,\N,\N,OK,2017-07-26 00:00:00
movie,432959,73,\N,\N,\N,OK,2017-07-26 00:00:00
movie,433244,104,\N,\N,\N,OK,2017-07-26 00:00:00
movie,433245,80,\N,\N,\N,OK,2017-07-26 00:00:00
movie,433356,111,\N,\N,\N,OK,2017-07-26 00:00:00
movie,433410,99,\N,\N,\N,OK,2017-07-26 00:00:00
movie,433471,6,\N,\N,\N,OK,2017-07-26 00:00:00
movie,433630,105,\N,\N,\N,OK,2017-07-26 00:00:00
movie,433945,119,\N,\N,\N,OK,2017-07-26 00:00:00
movie,434119,125,\N,\N,\N,OK,2017-07-26 00:00:00
movie,434724,134,\N,\N,\N,OK,2017-07-26 00:00:00
movie,434873,92,\N,\N,\N,OK,2017-07-26 00:00:00
movie,435041,31,\N,\N,\N,OK,2017-07-26 00:00:00
movie,435351,65,\N,\N,\N,OK,2017-07-26 00:00:00
movie,435366,126,\N,\N,\N,OK,2017-07-26 00:00:00
movie,435707,78,\N,\N,\N,OK,2017-07-26 00:00:00
movie,435737,46,\N,\N,\N,OK,2017-07-26 00:00:00
movie,436334,117,\N,\N,\N,OK,2017-07-26 00:00:00
movie,436343,116,\N,\N,\N,OK,2017-07-26 00:00:00
movie,436932,91,\N,\N,\N,OK,2017-07-26 00:00:00
movie,436994,101,\N,\N,\N,OK,2017-07-26 00:00:00
movie,437031,93,\N,\N,\N,OK,2017-07-26 00:00:00
movie,437311,95,\N,\N,\N,OK,2017-07-26 00:00:00
movie,437752,77,\N,\N,\N,OK,2017-07-26 00:00:00
movie,437941,132,\N,\N,\N,OK,2017-07-26 00:00:00
movie,438137,90,\N,\N,\N,OK,2017-07-26 00:00:00
movie,438446,82,\N,\N,\N,OK,2017-07-26 00:00:00
movie,438634,96,\N,\N,\N,OK,2017-07-26 00:00:00
movie,439154,117,\N,\N,\N,OK,2017-07-26 00:00:00
movie,440249,90,\N,\N,\N,OK,2017-07-26 00:00:00
movie,440597,90,\N,\N,\N,OK,2017-07-26 00:00:00
movie,440642,140,\N,\N,\N,OK,2017-07-26 00:00:00
movie,440708,103,\N,\N,\N,OK,2017-07-26 00:00:00
movie,440777,90,\N,\N,\N,OK,2017-07-26 00:00:00
movie,441168,87,\N,\N,\N,OK,2017-07-26 00:00:00
movie,441728,102,\N,\N,\N,OK,2017-07-26 00:00:00
movie,441881,136,\N,\N,\N,OK,2017-07-26 00:00:00
movie,443297,81,\N,\N,\N,OK,2017-07-26 00:00:00
movie,443319,80,\N,\N,\N,OK,2017-07-26 00:00:00
movie,443700,86,\N,\N,\N,OK,2017-07-26 00:00:00
movie,444193,98,\N,\N,\N,OK,2017-07-26 00:00:00
movie,444705,67,\N,\N,\N,OK,2017-07-26 00:00:00
movie,444706,66,\N,\N,\N,OK,2017-07-26 00:00:00
movie,444713,123,\N,\N,\N,OK,2017-07-26 00:00:00
movie,444902,130,\N,\N,\N,OK,2017-07-26 00:00:00
movie,445126,86,\N,\N,\N,OK,2017-07-26 00:00:00
movie,445605,100,\N,\N,\N,OK,2017-07-26 00:00:00
movie,447061,15,\N,\N,\N,OK,2017-07-26 00:00:00
movie,447113,72,\N,\N,\N,OK,2017-07-26 00:00:00
movie,447818,106,\N,\N,\N,OK,2017-07-26 00:00:00
movie,448448,100,\N,\N,\N,OK,2017-07-26 00:00:00
movie,448763,92,\N,\N,\N,OK,2017-07-26 00:00:00
movie,449503,96,\N,\N,\N,OK,2017-07-26 00:00:00
movie,450875,114,\N,\N,\N,OK,2017-07-26 00:00:00
movie,451644,98,\N,\N,\N,OK,2017-07-26 00:00:00
movie,451955,110,\N,\N,\N,OK,2017-07-26 00:00:00
movie,452068,91,\N,\N,\N,OK,2017-07-26 00:00:00
movie,453354,105,\N,\N,\N,OK,2017-07-26 00:00:00
movie,454361,65,\N,\N,\N,OK,2017-07-26 00:00:00
movie,454774,102,\N,\N,\N,OK,2017-07-26 00:00:00
movie,455043,130,\N,\N,\N,OK,2017-07-26 00:00:00
movie,455601,64,\N,\N,\N,OK,2017-07-26 00:00:00
movie,455675,88,\N,\N,\N,OK,2017-07-26 00:00:00
movie,456193,61,\N,\N,\N,OK,2017-07-26 00:00:00
movie,457962,83,\N,\N,\N,OK,2017-07-26 00:00:00
movie,458506,41,\N,\N,\N,OK,2017-07-26 00:00:00
movie,459928,85,\N,\N,\N,OK,2017-07-26 00:00:00
movie,460024,84,\N,\N,\N,OK,2017-07-26 00:00:00
movie,460822,102,\N,\N,\N,OK,2017-07-26 00:00:00
movie,460846,87,\N,\N,\N,OK,2017-07-26 00:00:00
movie,461053,89,\N,\N,\N,OK,2017-07-26 00:00:00
movie,461615,90,\N,\N,\N,OK,2017-07-26 00:00:00
movie,461634,66,\N,\N,\N,OK,2017-07-26 00:00:00
movie,461805,240,\N,\N,\N,OK,2017-07-26 00:00:00
movie,461955,22,\N,\N,\N,OK,2017-07-26 00:00:00
movie,463800,27,\N,\N,\N,OK,2017-07-26 00:00:00
movie,463906,92,\N,\N,\N,OK,2017-07-26 00:00:00
movie,464111,23,\N,\N,\N,OK,2017-07-26 00:00:00
